nohup: ignoring input
	 iters: 100, epoch: 1 | loss: 2.0741446
	 variance:  [0.0712164]
	 speed: 0.0422s/iter; left time: 53624.7953s
	 iters: 200, epoch: 1 | loss: 1.3472126
	 variance:  [0.68283945]
	 speed: 0.0334s/iter; left time: 42410.8719s
	 iters: 300, epoch: 1 | loss: 0.7867324
	 variance:  [1.8765693]
	 speed: 0.0321s/iter; left time: 40755.3248s
	 iters: 400, epoch: 1 | loss: 0.6675059
	 variance:  [0.5794889]
	 speed: 0.0339s/iter; left time: 43019.6017s
	 iters: 500, epoch: 1 | loss: 0.4890550
	 variance:  [1.0002731]
	 speed: 0.0340s/iter; left time: 43197.7056s
	 iters: 600, epoch: 1 | loss: 0.8812196
	 variance:  [0.64512986]
	 speed: 0.0308s/iter; left time: 39141.7517s
	 iters: 700, epoch: 1 | loss: 0.6372931
	 variance:  [2.8533423]
	 speed: 0.0331s/iter; left time: 42065.0316s
	 iters: 800, epoch: 1 | loss: 0.8923885
	 variance:  [1.1971923]
	 speed: 0.0319s/iter; left time: 40527.0094s
	 iters: 900, epoch: 1 | loss: 0.7195060
	 variance:  [2.2302759]
	 speed: 0.0335s/iter; left time: 42516.6649s
	 iters: 1000, epoch: 1 | loss: 0.6771815
	 variance:  [3.1854432]
	 speed: 0.0332s/iter; left time: 42125.8497s
	 iters: 1100, epoch: 1 | loss: 1.2800386
	 variance:  [3.2870452]
	 speed: 0.0313s/iter; left time: 39752.3968s
	 iters: 1200, epoch: 1 | loss: 1.1461260
	 variance:  [0.8042254]
	 speed: 0.0347s/iter; left time: 44034.0422s
	 iters: 1300, epoch: 1 | loss: 1.0270971
	 variance:  [1.2173527]
	 speed: 0.0341s/iter; left time: 43319.9428s
	 iters: 1400, epoch: 1 | loss: 0.7717146
	 variance:  [0.4382875]
	 speed: 0.0361s/iter; left time: 45757.6245s
	 iters: 1500, epoch: 1 | loss: 0.3621170
	 variance:  [2.6776607]
	 speed: 0.0329s/iter; left time: 41727.3624s
	 iters: 1600, epoch: 1 | loss: 1.0492516
	 variance:  [3.281425]
	 speed: 0.0330s/iter; left time: 41879.8836s
	 iters: 1700, epoch: 1 | loss: 0.6219955
	 variance:  [1.0417873]
	 speed: 0.0359s/iter; left time: 45526.3684s
	 iters: 1800, epoch: 1 | loss: 1.6096148
	 variance:  [0.41862595]
	 speed: 0.0320s/iter; left time: 40554.6664s
	 iters: 1900, epoch: 1 | loss: 0.5208011
	 variance:  [0.5257922]
	 speed: 0.0336s/iter; left time: 42587.6650s
	 iters: 2000, epoch: 1 | loss: 0.7274772
	 variance:  [2.9192922]
	 speed: 0.0333s/iter; left time: 42278.8016s
	 iters: 2100, epoch: 1 | loss: 1.1369991
	 variance:  [0.8602066]
	 speed: 0.0329s/iter; left time: 41741.0406s
	 iters: 2200, epoch: 1 | loss: 0.6456522
	 variance:  [2.528086]
	 speed: 0.0337s/iter; left time: 42697.4782s
	 iters: 2300, epoch: 1 | loss: 0.5935087
	 variance:  [2.5380676]
	 speed: 0.0330s/iter; left time: 41882.4203s
	 iters: 2400, epoch: 1 | loss: 1.0670613
	 variance:  [1.6765652]
	 speed: 0.0337s/iter; left time: 42778.0990s
	 iters: 2500, epoch: 1 | loss: 1.0495389
	 variance:  [0.32401922]
	 speed: 0.0329s/iter; left time: 41702.6567s
	 iters: 2600, epoch: 1 | loss: 1.2537882
	 variance:  [1.1770673]
	 speed: 0.0346s/iter; left time: 43854.9199s
	 iters: 2700, epoch: 1 | loss: 0.8155941
	 variance:  [1.0417583]
	 speed: 0.0320s/iter; left time: 40571.5184s
	 iters: 2800, epoch: 1 | loss: 2.3078747
	 variance:  [2.0649648]
	 speed: 0.0370s/iter; left time: 46876.4056s
	 iters: 2900, epoch: 1 | loss: 0.7115428
	 variance:  [0.36016744]
	 speed: 0.0332s/iter; left time: 42073.3793s
	 iters: 3000, epoch: 1 | loss: 0.7405626
	 variance:  [1.2197734]
	 speed: 0.0336s/iter; left time: 42578.4745s
	 iters: 3100, epoch: 1 | loss: 0.4465325
	 variance:  [0.84619445]
	 speed: 0.0356s/iter; left time: 45089.8978s
	 iters: 3200, epoch: 1 | loss: 0.6204058
	 variance:  [0.46118912]
	 speed: 0.0326s/iter; left time: 41377.9824s
	 iters: 3300, epoch: 1 | loss: 0.7244258
	 variance:  [0.33130243]
	 speed: 0.0364s/iter; left time: 46191.3329s
	 iters: 3400, epoch: 1 | loss: 0.6139054
	 variance:  [0.59183365]
	 speed: 0.0360s/iter; left time: 45608.6200s
	 iters: 3500, epoch: 1 | loss: 0.7045181
	 variance:  [0.40887696]
	 speed: 0.0336s/iter; left time: 42559.8253s
	 iters: 3600, epoch: 1 | loss: 1.0697787
	 variance:  [10.9051695]
	 speed: 0.0326s/iter; left time: 41296.9962s
	 iters: 3700, epoch: 1 | loss: 0.6519202
	 variance:  [0.5370175]
	 speed: 0.0319s/iter; left time: 40442.2196s
	 iters: 3800, epoch: 1 | loss: 0.8433401
	 variance:  [1.6897974]
	 speed: 0.0340s/iter; left time: 43016.7012s
	 iters: 3900, epoch: 1 | loss: 0.7962191
	 variance:  [0.91968405]
	 speed: 0.0331s/iter; left time: 41981.7214s
	 iters: 4000, epoch: 1 | loss: 1.7468936
	 variance:  [0.99919057]
	 speed: 0.0326s/iter; left time: 41326.0719s
	 iters: 4100, epoch: 1 | loss: 0.4565895
	 variance:  [0.2967803]
	 speed: 0.0342s/iter; left time: 43305.7661s
	 iters: 4200, epoch: 1 | loss: 0.7085233
	 variance:  [0.8646856]
	 speed: 0.0337s/iter; left time: 42640.6878s
	 iters: 4300, epoch: 1 | loss: 0.7960407
	 variance:  [0.0764356]
	 speed: 0.0348s/iter; left time: 44018.0929s
	 iters: 4400, epoch: 1 | loss: 0.7310268
	 variance:  [0.8905723]
	 speed: 0.0317s/iter; left time: 40187.6673s
	 iters: 4500, epoch: 1 | loss: 0.8513209
	 variance:  [0.5260754]
	 speed: 0.0326s/iter; left time: 41308.0864s
	 iters: 4600, epoch: 1 | loss: 0.9396980
	 variance:  [0.73078525]
	 speed: 0.0315s/iter; left time: 39913.0324s
	 iters: 4700, epoch: 1 | loss: 0.6884664
	 variance:  [0.44459793]
	 speed: 0.0319s/iter; left time: 40442.0358s
	 iters: 4800, epoch: 1 | loss: 0.9299864
	 variance:  [0.96887857]
	 speed: 0.0336s/iter; left time: 42502.2189s
	 iters: 4900, epoch: 1 | loss: 0.9030526
	 variance:  [0.9965657]
	 speed: 0.0327s/iter; left time: 41424.3335s
	 iters: 5000, epoch: 1 | loss: 0.6128303
	 variance:  [3.1179607]
	 speed: 0.0351s/iter; left time: 44459.5406s
	 iters: 5100, epoch: 1 | loss: 1.2116717
	 variance:  [25.360672]
	 speed: 0.0326s/iter; left time: 41275.6939s
	 iters: 5200, epoch: 1 | loss: 1.0719690
	 variance:  [1.1038344]
	 speed: 0.0303s/iter; left time: 38337.5230s
	 iters: 5300, epoch: 1 | loss: 1.1492783
	 variance:  [0.81909686]
	 speed: 0.0320s/iter; left time: 40444.3510s
	 iters: 5400, epoch: 1 | loss: 0.4635749
	 variance:  [1.9482253]
	 speed: 0.0346s/iter; left time: 43830.6625s
	 iters: 5500, epoch: 1 | loss: 0.6531860
	 variance:  [0.76156294]
	 speed: 0.0346s/iter; left time: 43792.1633s
	 iters: 5600, epoch: 1 | loss: 0.2909449
	 variance:  [1.1964387]
	 speed: 0.0341s/iter; left time: 43132.3286s
	 iters: 5700, epoch: 1 | loss: 0.5630217
	 variance:  [7.002307]
	 speed: 0.0308s/iter; left time: 38935.9104s
	 iters: 5800, epoch: 1 | loss: 1.0380524
	 variance:  [2.8771508]
	 speed: 0.0331s/iter; left time: 41928.9881s
	 iters: 5900, epoch: 1 | loss: 0.9577774
	 variance:  [1.2354767]
	 speed: 0.0309s/iter; left time: 39123.8708s
	 iters: 6000, epoch: 1 | loss: 0.5774581
	 variance:  [4.1216574]
	 speed: 0.0344s/iter; left time: 43461.0381s
	 iters: 6100, epoch: 1 | loss: 0.5857294
	 variance:  [1.007668]
	 speed: 0.0350s/iter; left time: 44240.9874s
	 iters: 6200, epoch: 1 | loss: 0.4279758
	 variance:  [2.0982482]
	 speed: 0.0344s/iter; left time: 43531.2142s
	 iters: 6300, epoch: 1 | loss: 0.5020850
	 variance:  [1.0052629]
	 speed: 0.0369s/iter; left time: 46701.0475s
	 iters: 6400, epoch: 1 | loss: 0.6446757
	 variance:  [2.8076897]
	 speed: 0.0366s/iter; left time: 46243.4289s
	 iters: 6500, epoch: 1 | loss: 0.6188334
	 variance:  [0.91274065]
	 speed: 0.0362s/iter; left time: 45710.3883s
	 iters: 6600, epoch: 1 | loss: 0.7786914
	 variance:  [8.120352]
	 speed: 0.0362s/iter; left time: 45769.2561s
	 iters: 6700, epoch: 1 | loss: 0.5894549
	 variance:  [1.3766425]
	 speed: 0.0354s/iter; left time: 44803.9992s
	 iters: 6800, epoch: 1 | loss: 1.1445491
	 variance:  [0.6839675]
	 speed: 0.0322s/iter; left time: 40754.3723s
	 iters: 6900, epoch: 1 | loss: 0.9234681
	 variance:  [0.25030458]
	 speed: 0.0369s/iter; left time: 46694.6073s
	 iters: 7000, epoch: 1 | loss: 0.8075614
	 variance:  [1.4920547]
	 speed: 0.0330s/iter; left time: 41689.8865s
	 iters: 7100, epoch: 1 | loss: 0.9375348
	 variance:  [2.545257]
	 speed: 0.0335s/iter; left time: 42276.8735s
	 iters: 7200, epoch: 1 | loss: 1.0956028
	 variance:  [17.422739]
	 speed: 0.0331s/iter; left time: 41854.8417s
	 iters: 7300, epoch: 1 | loss: 0.5250992
	 variance:  [0.8753606]
	 speed: 0.0358s/iter; left time: 45280.2452s
	 iters: 7400, epoch: 1 | loss: 0.6721231
	 variance:  [3.3711333]
	 speed: 0.0347s/iter; left time: 43826.0155s
	 iters: 7500, epoch: 1 | loss: 0.3596736
	 variance:  [0.41919065]
	 speed: 0.0304s/iter; left time: 38444.6927s
	 iters: 7600, epoch: 1 | loss: 0.6406753
	 variance:  [1.9054219]
	 speed: 0.0327s/iter; left time: 41334.0672s
	 iters: 7700, epoch: 1 | loss: 1.1757729
	 variance:  [2.8837836]
	 speed: 0.0352s/iter; left time: 44434.2100s
	 iters: 7800, epoch: 1 | loss: 0.7203959
	 variance:  [0.48192614]
	 speed: 0.0301s/iter; left time: 38055.4124s
	 iters: 7900, epoch: 1 | loss: 0.5136512
	 variance:  [1.1075443]
	 speed: 0.0307s/iter; left time: 38759.7381s
	 iters: 8000, epoch: 1 | loss: 1.4180851
	 variance:  [0.52111536]
	 speed: 0.0354s/iter; left time: 44751.6076s
	 iters: 8100, epoch: 1 | loss: 0.6831204
	 variance:  [3.5820506]
	 speed: 0.0355s/iter; left time: 44810.9966s
	 iters: 8200, epoch: 1 | loss: 0.3599360
	 variance:  [0.9115641]
	 speed: 0.0352s/iter; left time: 44493.4076s
	 iters: 8300, epoch: 1 | loss: 0.5772699
	 variance:  [4.4314423]
	 speed: 0.0343s/iter; left time: 43319.7079s
	 iters: 8400, epoch: 1 | loss: 0.8992012
	 variance:  [0.72890717]
	 speed: 0.0336s/iter; left time: 42445.5487s
Validation loss descreased: inf -> 0.7199295940955124
Epoch: 1 Time: 295.87484979629517 Steps: 8471
Train Loss: 0.7944605 | Val Loss: 0.7199296 | Test Loss: 0.6201144
Test Loss (15 mins): 0.0724954 | (30 mins): 0.0920225 | (45 mins): 0.1107591 | (60 mins): 0.1258337
	 iters: 100, epoch: 2 | loss: 0.4246953
	 variance:  [1.3403051]
	 speed: 0.0327s/iter; left time: 41332.2335s
	 iters: 200, epoch: 2 | loss: 0.5005888
	 variance:  [0.91722304]
	 speed: 0.0314s/iter; left time: 39642.2553s
	 iters: 300, epoch: 2 | loss: 0.6197338
	 variance:  [1.7012992]
	 speed: 0.0363s/iter; left time: 45781.4188s
	 iters: 400, epoch: 2 | loss: 0.9308791
	 variance:  [1.0445579]
	 speed: 0.0336s/iter; left time: 42363.9727s
	 iters: 500, epoch: 2 | loss: 0.6322448
	 variance:  [4.3590946]
	 speed: 0.0330s/iter; left time: 41690.7700s
	 iters: 600, epoch: 2 | loss: 0.7760684
	 variance:  [0.6528921]
	 speed: 0.0281s/iter; left time: 35474.0840s
	 iters: 700, epoch: 2 | loss: 0.8813598
	 variance:  [11.41965]
	 speed: 0.0293s/iter; left time: 36913.2432s
	 iters: 800, epoch: 2 | loss: 1.2093594
	 variance:  [0.4213241]
	 speed: 0.0330s/iter; left time: 41587.0361s
	 iters: 900, epoch: 2 | loss: 0.2898478
	 variance:  [0.3331988]
	 speed: 0.0360s/iter; left time: 45376.7082s
	 iters: 1000, epoch: 2 | loss: 0.7758371
	 variance:  [0.76733935]
	 speed: 0.0320s/iter; left time: 40329.6973s
	 iters: 1100, epoch: 2 | loss: 0.5084278
	 variance:  [0.52851546]
	 speed: 0.0311s/iter; left time: 39217.6263s
	 iters: 1200, epoch: 2 | loss: 0.3425249
	 variance:  [1.9115932]
	 speed: 0.0350s/iter; left time: 44189.5969s
	 iters: 1300, epoch: 2 | loss: 0.4506181
	 variance:  [0.09005344]
	 speed: 0.0347s/iter; left time: 43713.9612s
	 iters: 1400, epoch: 2 | loss: 1.2400103
	 variance:  [0.26543373]
	 speed: 0.0294s/iter; left time: 37100.3286s
	 iters: 1500, epoch: 2 | loss: 0.4689052
	 variance:  [2.3134937]
	 speed: 0.0265s/iter; left time: 33358.4813s
	 iters: 1600, epoch: 2 | loss: 0.5377597
	 variance:  [7.7993207]
	 speed: 0.0291s/iter; left time: 36653.3384s
	 iters: 1700, epoch: 2 | loss: 0.4126618
	 variance:  [1.3244959]
	 speed: 0.0351s/iter; left time: 44273.6934s
	 iters: 1800, epoch: 2 | loss: 0.5641578
	 variance:  [2.5380437]
	 speed: 0.0308s/iter; left time: 38768.0745s
	 iters: 1900, epoch: 2 | loss: 1.6807303
	 variance:  [0.4471706]
	 speed: 0.0331s/iter; left time: 41748.7581s
	 iters: 2000, epoch: 2 | loss: 0.5532760
	 variance:  [7.867592]
	 speed: 0.0348s/iter; left time: 43794.2493s
	 iters: 2100, epoch: 2 | loss: 0.5102891
	 variance:  [1.725479]
	 speed: 0.0346s/iter; left time: 43593.2977s
	 iters: 2200, epoch: 2 | loss: 0.8383436
	 variance:  [0.04418602]
	 speed: 0.0369s/iter; left time: 46490.1265s
	 iters: 2300, epoch: 2 | loss: 0.4846735
	 variance:  [7.4198847]
	 speed: 0.0353s/iter; left time: 44487.9746s
	 iters: 2400, epoch: 2 | loss: 0.4896511
	 variance:  [0.97628105]
	 speed: 0.0316s/iter; left time: 39798.5096s
	 iters: 2500, epoch: 2 | loss: 0.6692125
	 variance:  [2.6500683]
	 speed: 0.0345s/iter; left time: 43514.2996s
	 iters: 2600, epoch: 2 | loss: 0.4847239
	 variance:  [0.48872587]
	 speed: 0.0354s/iter; left time: 44531.9050s
	 iters: 2700, epoch: 2 | loss: 0.6751351
	 variance:  [2.246283]
	 speed: 0.0314s/iter; left time: 39577.0891s
	 iters: 2800, epoch: 2 | loss: 0.6445252
	 variance:  [17.617517]
	 speed: 0.0366s/iter; left time: 46124.3439s
	 iters: 2900, epoch: 2 | loss: 0.4665293
	 variance:  [0.5244294]
	 speed: 0.0309s/iter; left time: 38934.1605s
	 iters: 3000, epoch: 2 | loss: 1.0908017
	 variance:  [2.732032]
	 speed: 0.0340s/iter; left time: 42868.4139s
	 iters: 3100, epoch: 2 | loss: 0.7338219
	 variance:  [0.5316084]
	 speed: 0.0362s/iter; left time: 45576.2030s
	 iters: 3200, epoch: 2 | loss: 0.5356475
	 variance:  [0.8928991]
	 speed: 0.0366s/iter; left time: 46088.4184s
	 iters: 3300, epoch: 2 | loss: 0.7743520
	 variance:  [1.0703319]
	 speed: 0.0317s/iter; left time: 39861.8361s
	 iters: 3400, epoch: 2 | loss: 0.7472034
	 variance:  [1.2796391]
	 speed: 0.0283s/iter; left time: 35637.3084s
	 iters: 3500, epoch: 2 | loss: 0.5987126
	 variance:  [1.377228]
	 speed: 0.0277s/iter; left time: 34815.5544s
	 iters: 3600, epoch: 2 | loss: 0.7479829
	 variance:  [1.9845384]
	 speed: 0.0339s/iter; left time: 42641.4947s
	 iters: 3700, epoch: 2 | loss: 1.2192241
	 variance:  [11.973661]
	 speed: 0.0357s/iter; left time: 44932.2238s
	 iters: 3800, epoch: 2 | loss: 0.6346457
	 variance:  [2.3343537]
	 speed: 0.0335s/iter; left time: 42187.9871s
	 iters: 3900, epoch: 2 | loss: 1.1939743
	 variance:  [1.1771127]
	 speed: 0.0356s/iter; left time: 44784.7444s
	 iters: 4000, epoch: 2 | loss: 0.9524986
	 variance:  [0.4469111]
	 speed: 0.0376s/iter; left time: 47264.7527s
	 iters: 4100, epoch: 2 | loss: 0.5010379
	 variance:  [3.0831099]
	 speed: 0.0365s/iter; left time: 45964.5747s
	 iters: 4200, epoch: 2 | loss: 1.2268873
	 variance:  [3.0337086]
	 speed: 0.0340s/iter; left time: 42729.0587s
	 iters: 4300, epoch: 2 | loss: 0.5643121
	 variance:  [0.43636495]
	 speed: 0.0371s/iter; left time: 46692.2463s
	 iters: 4400, epoch: 2 | loss: 0.7848751
	 variance:  [1.399284]
	 speed: 0.0357s/iter; left time: 44919.1485s
	 iters: 4500, epoch: 2 | loss: 0.9504814
	 variance:  [1.6079748]
	 speed: 0.0339s/iter; left time: 42617.0442s
	 iters: 4600, epoch: 2 | loss: 0.3052091
	 variance:  [0.6992001]
	 speed: 0.0362s/iter; left time: 45463.8798s
	 iters: 4700, epoch: 2 | loss: 0.6781603
	 variance:  [2.5516472]
	 speed: 0.0363s/iter; left time: 45681.5369s
	 iters: 4800, epoch: 2 | loss: 0.6247573
	 variance:  [0.6256463]
	 speed: 0.0352s/iter; left time: 44283.2937s
	 iters: 4900, epoch: 2 | loss: 0.5968950
	 variance:  [0.49410853]
	 speed: 0.0375s/iter; left time: 47191.6359s
	 iters: 5000, epoch: 2 | loss: 0.8217131
	 variance:  [0.2385343]
	 speed: 0.0353s/iter; left time: 44401.4523s
	 iters: 5100, epoch: 2 | loss: 0.6583127
	 variance:  [0.13602693]
	 speed: 0.0345s/iter; left time: 43339.5233s
	 iters: 5200, epoch: 2 | loss: 0.8908458
	 variance:  [4.7682366]
	 speed: 0.0336s/iter; left time: 42217.9300s
	 iters: 5300, epoch: 2 | loss: 0.6345331
	 variance:  [2.4208272]
	 speed: 0.0315s/iter; left time: 39575.4704s
	 iters: 5400, epoch: 2 | loss: 0.4416291
	 variance:  [0.5611822]
	 speed: 0.0351s/iter; left time: 44127.3606s
	 iters: 5500, epoch: 2 | loss: 0.8824794
	 variance:  [6.130267]
	 speed: 0.0320s/iter; left time: 40237.7868s
	 iters: 5600, epoch: 2 | loss: 0.6280268
	 variance:  [0.16587003]
	 speed: 0.0310s/iter; left time: 39006.4643s
	 iters: 5700, epoch: 2 | loss: 0.5827156
	 variance:  [1.6596658]
	 speed: 0.0326s/iter; left time: 40998.3883s
	 iters: 5800, epoch: 2 | loss: 0.4775823
	 variance:  [3.0502217]
	 speed: 0.0337s/iter; left time: 42378.8105s
	 iters: 5900, epoch: 2 | loss: 1.9658178
	 variance:  [0.41359228]
	 speed: 0.0323s/iter; left time: 40566.3367s
	 iters: 6000, epoch: 2 | loss: 0.6655047
	 variance:  [1.7366987]
	 speed: 0.0325s/iter; left time: 40811.6958s
	 iters: 6100, epoch: 2 | loss: 0.7312614
	 variance:  [0.97987145]
	 speed: 0.0354s/iter; left time: 44508.6641s
	 iters: 6200, epoch: 2 | loss: 0.5359168
	 variance:  [0.606022]
	 speed: 0.0328s/iter; left time: 41249.0084s
	 iters: 6300, epoch: 2 | loss: 0.4169909
	 variance:  [2.149604]
	 speed: 0.0375s/iter; left time: 47061.7129s
	 iters: 6400, epoch: 2 | loss: 1.2542937
	 variance:  [3.9702802]
	 speed: 0.0325s/iter; left time: 40793.7422s
	 iters: 6500, epoch: 2 | loss: 0.6876578
	 variance:  [0.97104967]
	 speed: 0.0353s/iter; left time: 44356.2826s
	 iters: 6600, epoch: 2 | loss: 0.4301594
	 variance:  [2.941871]
	 speed: 0.0324s/iter; left time: 40649.5546s
	 iters: 6700, epoch: 2 | loss: 0.9474261
	 variance:  [0.37127587]
	 speed: 0.0376s/iter; left time: 47191.1892s
	 iters: 6800, epoch: 2 | loss: 0.5728223
	 variance:  [0.25622088]
	 speed: 0.0369s/iter; left time: 46299.3837s
	 iters: 6900, epoch: 2 | loss: 0.7651151
	 variance:  [0.44257852]
	 speed: 0.0347s/iter; left time: 43514.9910s
	 iters: 7000, epoch: 2 | loss: 0.6944436
	 variance:  [0.277862]
	 speed: 0.0331s/iter; left time: 41505.9467s
	 iters: 7100, epoch: 2 | loss: 0.5621197
	 variance:  [25.741146]
	 speed: 0.0316s/iter; left time: 39663.8895s
	 iters: 7200, epoch: 2 | loss: 0.5601720
	 variance:  [0.91790116]
	 speed: 0.0321s/iter; left time: 40242.1013s
	 iters: 7300, epoch: 2 | loss: 1.5399740
	 variance:  [2.59021]
	 speed: 0.0337s/iter; left time: 42349.5253s
	 iters: 7400, epoch: 2 | loss: 0.5345266
	 variance:  [4.2132835]
	 speed: 0.0336s/iter; left time: 42208.3232s
	 iters: 7500, epoch: 2 | loss: 1.3871794
	 variance:  [1.5951438]
	 speed: 0.0315s/iter; left time: 39482.4652s
	 iters: 7600, epoch: 2 | loss: 0.8116071
	 variance:  [0.7854245]
	 speed: 0.0292s/iter; left time: 36611.1867s
	 iters: 7700, epoch: 2 | loss: 0.9247472
	 variance:  [0.48850128]
	 speed: 0.0305s/iter; left time: 38248.4046s
	 iters: 7800, epoch: 2 | loss: 0.5865752
	 variance:  [0.9658335]
	 speed: 0.0346s/iter; left time: 43420.6828s
	 iters: 7900, epoch: 2 | loss: 0.5289277
	 variance:  [0.94496197]
	 speed: 0.0334s/iter; left time: 41928.2351s
	 iters: 8000, epoch: 2 | loss: 0.5905330
	 variance:  [0.09397208]
	 speed: 0.0325s/iter; left time: 40745.2471s
	 iters: 8100, epoch: 2 | loss: 0.4343624
	 variance:  [2.1051905]
	 speed: 0.0340s/iter; left time: 42674.6755s
	 iters: 8200, epoch: 2 | loss: 1.0414073
	 variance:  [1.0421761]
	 speed: 0.0353s/iter; left time: 44239.5189s
	 iters: 8300, epoch: 2 | loss: 0.3544025
	 variance:  [4.8834357]
	 speed: 0.0302s/iter; left time: 37830.1809s
	 iters: 8400, epoch: 2 | loss: 0.6525342
	 variance:  [3.2739666]
	 speed: 0.0312s/iter; left time: 39144.4791s
Validation loss descreased: 0.7199295940955124 -> 0.6823683407809168
Epoch: 2 Time: 294.27785897254944 Steps: 8471
Train Loss: 0.7214076 | Val Loss: 0.6823683 | Test Loss: 0.5835564
Test Loss (15 mins): 0.0543444 | (30 mins): 0.0770943 | (45 mins): 0.0957836 | (60 mins): 0.1119028
	 iters: 100, epoch: 3 | loss: 1.1593664
	 variance:  [0.76568097]
	 speed: 0.0360s/iter; left time: 45137.0811s
	 iters: 200, epoch: 3 | loss: 0.2498505
	 variance:  [26.013483]
	 speed: 0.0339s/iter; left time: 42542.2552s
	 iters: 300, epoch: 3 | loss: 0.6498282
	 variance:  [0.4065037]
	 speed: 0.0297s/iter; left time: 37262.2634s
	 iters: 400, epoch: 3 | loss: 0.4117973
	 variance:  [0.8986262]
	 speed: 0.0344s/iter; left time: 43069.0832s
	 iters: 500, epoch: 3 | loss: 1.0249435
	 variance:  [1.3644536]
	 speed: 0.0287s/iter; left time: 35984.5879s
	 iters: 600, epoch: 3 | loss: 0.3951662
	 variance:  [0.4571781]
	 speed: 0.0344s/iter; left time: 43135.1865s
	 iters: 700, epoch: 3 | loss: 0.7753791
	 variance:  [0.82439375]
	 speed: 0.0317s/iter; left time: 39686.5599s
	 iters: 800, epoch: 3 | loss: 0.5542758
	 variance:  [2.2971358]
	 speed: 0.0317s/iter; left time: 39679.5212s
	 iters: 900, epoch: 3 | loss: 0.6365013
	 variance:  [0.33049133]
	 speed: 0.0364s/iter; left time: 45547.6060s
	 iters: 1000, epoch: 3 | loss: 0.5005251
	 variance:  [2.6126015]
	 speed: 0.0354s/iter; left time: 44308.9289s
	 iters: 1100, epoch: 3 | loss: 0.8543222
	 variance:  [0.6359765]
	 speed: 0.0316s/iter; left time: 39634.6397s
	 iters: 1200, epoch: 3 | loss: 0.5248423
	 variance:  [1.5268196]
	 speed: 0.0357s/iter; left time: 44716.5264s
	 iters: 1300, epoch: 3 | loss: 0.4864140
	 variance:  [2.5182035]
	 speed: 0.0314s/iter; left time: 39365.9665s
	 iters: 1400, epoch: 3 | loss: 0.8146216
	 variance:  [4.0659156]
	 speed: 0.0295s/iter; left time: 36964.2014s
	 iters: 1500, epoch: 3 | loss: 0.7152572
	 variance:  [2.6590593]
	 speed: 0.0311s/iter; left time: 38930.9236s
	 iters: 1600, epoch: 3 | loss: 0.8811588
	 variance:  [7.574185]
	 speed: 0.0322s/iter; left time: 40266.7906s
	 iters: 1700, epoch: 3 | loss: 0.4817042
	 variance:  [8.420447]
	 speed: 0.0304s/iter; left time: 38102.1321s
	 iters: 1800, epoch: 3 | loss: 0.5211921
	 variance:  [2.093892]
	 speed: 0.0325s/iter; left time: 40646.0555s
	 iters: 1900, epoch: 3 | loss: 0.7003023
	 variance:  [2.857121]
	 speed: 0.0341s/iter; left time: 42687.5505s
	 iters: 2000, epoch: 3 | loss: 0.5423272
	 variance:  [0.9913104]
	 speed: 0.0335s/iter; left time: 41989.9787s
	 iters: 2100, epoch: 3 | loss: 0.4632048
	 variance:  [0.9467953]
	 speed: 0.0317s/iter; left time: 39688.4140s
	 iters: 2200, epoch: 3 | loss: 0.5860400
	 variance:  [0.9766655]
	 speed: 0.0361s/iter; left time: 45158.5719s
	 iters: 2300, epoch: 3 | loss: 0.5056189
	 variance:  [1.5803944]
	 speed: 0.0308s/iter; left time: 38532.5688s
	 iters: 2400, epoch: 3 | loss: 0.4410116
	 variance:  [0.53902096]
	 speed: 0.0319s/iter; left time: 39870.8351s
	 iters: 2500, epoch: 3 | loss: 0.7432249
	 variance:  [0.5521945]
	 speed: 0.0372s/iter; left time: 46596.4995s
	 iters: 2600, epoch: 3 | loss: 0.7760488
	 variance:  [0.51939535]
	 speed: 0.0303s/iter; left time: 37884.8676s
	 iters: 2700, epoch: 3 | loss: 0.5365978
	 variance:  [0.35116923]
	 speed: 0.0345s/iter; left time: 43124.5444s
	 iters: 2800, epoch: 3 | loss: 0.5111560
	 variance:  [0.8745909]
	 speed: 0.0292s/iter; left time: 36482.1448s
	 iters: 2900, epoch: 3 | loss: 0.3987350
	 variance:  [1.4616836]
	 speed: 0.0363s/iter; left time: 45426.0991s
	 iters: 3000, epoch: 3 | loss: 0.4333398
	 variance:  [0.8339914]
	 speed: 0.0364s/iter; left time: 45510.9977s
	 iters: 3100, epoch: 3 | loss: 0.6079945
	 variance:  [16.883776]
	 speed: 0.0347s/iter; left time: 43393.1450s
	 iters: 3200, epoch: 3 | loss: 0.3180112
	 variance:  [16.784124]
	 speed: 0.0364s/iter; left time: 45538.0455s
	 iters: 3300, epoch: 3 | loss: 0.7061098
	 variance:  [0.24752904]
	 speed: 0.0339s/iter; left time: 42394.8318s
	 iters: 3400, epoch: 3 | loss: 1.4401729
	 variance:  [0.55193216]
	 speed: 0.0344s/iter; left time: 42998.2712s
	 iters: 3500, epoch: 3 | loss: 0.3444085
	 variance:  [2.646307]
	 speed: 0.0311s/iter; left time: 38862.9555s
	 iters: 3600, epoch: 3 | loss: 0.3836608
	 variance:  [9.357493]
	 speed: 0.0361s/iter; left time: 45129.4403s
	 iters: 3700, epoch: 3 | loss: 0.8186918
	 variance:  [0.59051013]
	 speed: 0.0334s/iter; left time: 41756.4180s
	 iters: 3800, epoch: 3 | loss: 0.3928158
	 variance:  [2.0063128]
	 speed: 0.0364s/iter; left time: 45458.4672s
	 iters: 3900, epoch: 3 | loss: 0.6212544
	 variance:  [1.6063397]
	 speed: 0.0346s/iter; left time: 43222.8076s
	 iters: 4000, epoch: 3 | loss: 0.3845312
	 variance:  [2.2827826]
	 speed: 0.0363s/iter; left time: 45426.5853s
	 iters: 4100, epoch: 3 | loss: 0.3674418
	 variance:  [0.8706271]
	 speed: 0.0365s/iter; left time: 45668.7605s
	 iters: 4200, epoch: 3 | loss: 0.3828933
	 variance:  [2.738177]
	 speed: 0.0361s/iter; left time: 45104.9172s
	 iters: 4300, epoch: 3 | loss: 1.0485270
	 variance:  [4.048387]
	 speed: 0.0336s/iter; left time: 41959.6051s
	 iters: 4400, epoch: 3 | loss: 0.5222210
	 variance:  [1.2361436]
	 speed: 0.0342s/iter; left time: 42705.3191s
	 iters: 4500, epoch: 3 | loss: 0.5765142
	 variance:  [20.00941]
	 speed: 0.0346s/iter; left time: 43166.2309s
	 iters: 4600, epoch: 3 | loss: 0.7959897
	 variance:  [0.8896687]
	 speed: 0.0370s/iter; left time: 46237.9310s
	 iters: 4700, epoch: 3 | loss: 0.5488277
	 variance:  [2.113904]
	 speed: 0.0363s/iter; left time: 45330.2672s
	 iters: 4800, epoch: 3 | loss: 0.6907272
	 variance:  [0.80949324]
	 speed: 0.0350s/iter; left time: 43722.3915s
	 iters: 4900, epoch: 3 | loss: 1.1084365
	 variance:  [1.107204]
	 speed: 0.0373s/iter; left time: 46536.7011s
	 iters: 5000, epoch: 3 | loss: 0.7889931
	 variance:  [1.779971]
	 speed: 0.0358s/iter; left time: 44670.2049s
	 iters: 5100, epoch: 3 | loss: 0.6981521
	 variance:  [1.5713096]
	 speed: 0.0336s/iter; left time: 41904.1420s
	 iters: 5200, epoch: 3 | loss: 0.8610773
	 variance:  [3.496588]
	 speed: 0.0379s/iter; left time: 47369.9038s
	 iters: 5300, epoch: 3 | loss: 0.6461089
	 variance:  [0.8999684]
	 speed: 0.0354s/iter; left time: 44248.9714s
	 iters: 5400, epoch: 3 | loss: 0.4958346
	 variance:  [0.8173888]
	 speed: 0.0322s/iter; left time: 40167.4191s
	 iters: 5500, epoch: 3 | loss: 0.4734771
	 variance:  [0.6835183]
	 speed: 0.0319s/iter; left time: 39833.9529s
	 iters: 5600, epoch: 3 | loss: 1.1054486
	 variance:  [2.5178413]
	 speed: 0.0283s/iter; left time: 35347.9558s
	 iters: 5700, epoch: 3 | loss: 0.3632809
	 variance:  [0.5280089]
	 speed: 0.0334s/iter; left time: 41707.1368s
	 iters: 5800, epoch: 3 | loss: 0.8033716
	 variance:  [0.5816868]
	 speed: 0.0295s/iter; left time: 36799.8472s
	 iters: 5900, epoch: 3 | loss: 0.7430866
	 variance:  [1.8973222]
	 speed: 0.0334s/iter; left time: 41655.5274s
	 iters: 6000, epoch: 3 | loss: 0.5635912
	 variance:  [1.2824656]
	 speed: 0.0304s/iter; left time: 37990.5476s
	 iters: 6100, epoch: 3 | loss: 0.5077025
	 variance:  [134.64604]
	 speed: 0.0291s/iter; left time: 36364.0153s
	 iters: 6200, epoch: 3 | loss: 0.9962389
	 variance:  [6.314154]
	 speed: 0.0317s/iter; left time: 39525.1448s
	 iters: 6300, epoch: 3 | loss: 0.6372596
	 variance:  [0.5755959]
	 speed: 0.0329s/iter; left time: 41083.7657s
	 iters: 6400, epoch: 3 | loss: 0.6047200
	 variance:  [1.3820419]
	 speed: 0.0360s/iter; left time: 44898.5610s
	 iters: 6500, epoch: 3 | loss: 0.6343305
	 variance:  [1.0473391]
	 speed: 0.0372s/iter; left time: 46416.1308s
	 iters: 6600, epoch: 3 | loss: 1.2220635
	 variance:  [0.3562776]
	 speed: 0.0325s/iter; left time: 40475.2745s
	 iters: 6700, epoch: 3 | loss: 0.7560545
	 variance:  [5.32565]
	 speed: 0.0325s/iter; left time: 40501.7273s
	 iters: 6800, epoch: 3 | loss: 0.2863433
	 variance:  [1.5330926]
	 speed: 0.0353s/iter; left time: 44044.9798s
	 iters: 6900, epoch: 3 | loss: 1.1097475
	 variance:  [3.4311662]
	 speed: 0.0377s/iter; left time: 47001.6848s
	 iters: 7000, epoch: 3 | loss: 0.5341100
	 variance:  [4.0790544]
	 speed: 0.0332s/iter; left time: 41375.4183s
	 iters: 7100, epoch: 3 | loss: 0.4719057
	 variance:  [3.1074376]
	 speed: 0.0333s/iter; left time: 41529.9384s
	 iters: 7200, epoch: 3 | loss: 0.7132329
	 variance:  [1.489387]
	 speed: 0.0345s/iter; left time: 43032.5089s
	 iters: 7300, epoch: 3 | loss: 0.5304001
	 variance:  [0.26772395]
	 speed: 0.0377s/iter; left time: 47008.6615s
	 iters: 7400, epoch: 3 | loss: 0.9595993
	 variance:  [0.73833984]
	 speed: 0.0367s/iter; left time: 45678.3535s
	 iters: 7500, epoch: 3 | loss: 0.8211741
	 variance:  [0.60940814]
	 speed: 0.0352s/iter; left time: 43853.7715s
	 iters: 7600, epoch: 3 | loss: 0.4071149
	 variance:  [1.3202752]
	 speed: 0.0305s/iter; left time: 37977.8651s
	 iters: 7700, epoch: 3 | loss: 0.8112893
	 variance:  [3.4041219]
	 speed: 0.0267s/iter; left time: 33226.3729s
	 iters: 7800, epoch: 3 | loss: 0.4274486
	 variance:  [1.0626386]
	 speed: 0.0291s/iter; left time: 36275.3353s
	 iters: 7900, epoch: 3 | loss: 0.7689833
	 variance:  [3.501444]
	 speed: 0.0367s/iter; left time: 45727.7674s
	 iters: 8000, epoch: 3 | loss: 1.2538913
	 variance:  [0.36337548]
	 speed: 0.0373s/iter; left time: 46515.9201s
	 iters: 8100, epoch: 3 | loss: 0.4916852
	 variance:  [3.2670488]
	 speed: 0.0369s/iter; left time: 45994.3662s
	 iters: 8200, epoch: 3 | loss: 0.6402959
	 variance:  [7.479191]
	 speed: 0.0342s/iter; left time: 42596.3850s
	 iters: 8300, epoch: 3 | loss: 0.7276255
	 variance:  [5.60023]
	 speed: 0.0322s/iter; left time: 40132.3559s
	 iters: 8400, epoch: 3 | loss: 0.9116536
	 variance:  [2.1313703]
	 speed: 0.0342s/iter; left time: 42647.2514s
Validation loss did not decrease 1 / 20
Epoch: 3 Time: 295.6066484451294 Steps: 8471
Train Loss: 0.7086974 | Val Loss: 0.6915152 | Test Loss: 0.6122303
Test Loss (15 mins): 0.0622298 | (30 mins): 0.0855404 | (45 mins): 0.1042194 | (60 mins): 0.1214322
	 iters: 100, epoch: 4 | loss: 0.6321938
	 variance:  [1.2846626]
	 speed: 0.0332s/iter; left time: 41324.6697s
	 iters: 200, epoch: 4 | loss: 0.3616909
	 variance:  [7.2164326]
	 speed: 0.0376s/iter; left time: 46801.2078s
	 iters: 300, epoch: 4 | loss: 0.4582028
	 variance:  [2.581678]
	 speed: 0.0334s/iter; left time: 41604.3766s
	 iters: 400, epoch: 4 | loss: 0.4909528
	 variance:  [2.3084476]
	 speed: 0.0369s/iter; left time: 45901.2881s
	 iters: 500, epoch: 4 | loss: 0.8323536
	 variance:  [1.867706]
	 speed: 0.0362s/iter; left time: 45014.0492s
	 iters: 600, epoch: 4 | loss: 0.7842940
	 variance:  [0.09046593]
	 speed: 0.0319s/iter; left time: 39748.8237s
	 iters: 700, epoch: 4 | loss: 0.7583914
	 variance:  [2.7884762]
	 speed: 0.0344s/iter; left time: 42858.9602s
	 iters: 800, epoch: 4 | loss: 0.5607011
	 variance:  [3.3098645]
	 speed: 0.0352s/iter; left time: 43835.5664s
	 iters: 900, epoch: 4 | loss: 1.0185075
	 variance:  [1.1596051]
	 speed: 0.0348s/iter; left time: 43251.8429s
	 iters: 1000, epoch: 4 | loss: 1.1790798
	 variance:  [1.5038882]
	 speed: 0.0376s/iter; left time: 46728.7770s
	 iters: 1100, epoch: 4 | loss: 0.5844364
	 variance:  [4.041049]
	 speed: 0.0331s/iter; left time: 41203.8547s
	 iters: 1200, epoch: 4 | loss: 0.3170298
	 variance:  [1.334132]
	 speed: 0.0316s/iter; left time: 39341.7277s
	 iters: 1300, epoch: 4 | loss: 0.4766589
	 variance:  [1.1028953]
	 speed: 0.0305s/iter; left time: 37888.5454s
	 iters: 1400, epoch: 4 | loss: 0.8138614
	 variance:  [1.2640967]
	 speed: 0.0291s/iter; left time: 36173.6084s
	 iters: 1500, epoch: 4 | loss: 1.1956105
	 variance:  [1.3432915]
	 speed: 0.0307s/iter; left time: 38238.1684s
	 iters: 1600, epoch: 4 | loss: 0.9985191
	 variance:  [0.77714884]
	 speed: 0.0271s/iter; left time: 33734.3372s
	 iters: 1700, epoch: 4 | loss: 0.7996220
	 variance:  [0.88661945]
	 speed: 0.0323s/iter; left time: 40209.8309s
	 iters: 1800, epoch: 4 | loss: 1.0769862
	 variance:  [0.5749951]
	 speed: 0.0369s/iter; left time: 45899.4883s
	 iters: 1900, epoch: 4 | loss: 0.7324413
	 variance:  [2.084426]
	 speed: 0.0354s/iter; left time: 44075.6009s
	 iters: 2000, epoch: 4 | loss: 0.8247115
	 variance:  [0.95684034]
	 speed: 0.0274s/iter; left time: 34020.7695s
	 iters: 2100, epoch: 4 | loss: 0.7252668
	 variance:  [0.78790504]
	 speed: 0.0322s/iter; left time: 40021.3497s
	 iters: 2200, epoch: 4 | loss: 0.6978578
	 variance:  [2.5147946]
	 speed: 0.0346s/iter; left time: 43053.4987s
	 iters: 2300, epoch: 4 | loss: 0.7004743
	 variance:  [1.9777613]
	 speed: 0.0320s/iter; left time: 39766.5903s
	 iters: 2400, epoch: 4 | loss: 0.9761397
	 variance:  [3.3978157]
	 speed: 0.0370s/iter; left time: 45968.8396s
	 iters: 2500, epoch: 4 | loss: 0.8992026
	 variance:  [21.548092]
	 speed: 0.0340s/iter; left time: 42275.6795s
	 iters: 2600, epoch: 4 | loss: 0.4337065
	 variance:  [2.686961]
	 speed: 0.0324s/iter; left time: 40222.3876s
	 iters: 2700, epoch: 4 | loss: 0.5924858
	 variance:  [1.6940255]
	 speed: 0.0358s/iter; left time: 44466.6786s
	 iters: 2800, epoch: 4 | loss: 0.3942742
	 variance:  [0.7487929]
	 speed: 0.0357s/iter; left time: 44299.0679s
	 iters: 2900, epoch: 4 | loss: 0.8233545
	 variance:  [2.222894]
	 speed: 0.0343s/iter; left time: 42551.4147s
	 iters: 3000, epoch: 4 | loss: 1.3145134
	 variance:  [1.2351363]
	 speed: 0.0309s/iter; left time: 38369.4738s
	 iters: 3100, epoch: 4 | loss: 0.5066668
	 variance:  [1.1640041]
	 speed: 0.0310s/iter; left time: 38484.8593s
	 iters: 3200, epoch: 4 | loss: 0.9180241
	 variance:  [0.7831844]
	 speed: 0.0273s/iter; left time: 33919.8972s
	 iters: 3300, epoch: 4 | loss: 0.5343272
	 variance:  [2.4791596]
	 speed: 0.0281s/iter; left time: 34854.6933s
	 iters: 3400, epoch: 4 | loss: 0.5415086
	 variance:  [0.7098468]
	 speed: 0.0326s/iter; left time: 40514.5449s
	 iters: 3500, epoch: 4 | loss: 0.7069411
	 variance:  [1.6105418]
	 speed: 0.0288s/iter; left time: 35719.5574s
	 iters: 3600, epoch: 4 | loss: 1.3023276
	 variance:  [3.0391636]
	 speed: 0.0281s/iter; left time: 34858.6391s
	 iters: 3700, epoch: 4 | loss: 0.5992128
	 variance:  [0.9981535]
	 speed: 0.0350s/iter; left time: 43489.4632s
	 iters: 3800, epoch: 4 | loss: 0.5936162
	 variance:  [1.9228129]
	 speed: 0.0345s/iter; left time: 42878.9015s
	 iters: 3900, epoch: 4 | loss: 0.7110071
	 variance:  [0.6074678]
	 speed: 0.0375s/iter; left time: 46606.1347s
	 iters: 4000, epoch: 4 | loss: 0.6148633
	 variance:  [16.946445]
	 speed: 0.0368s/iter; left time: 45660.9780s
	 iters: 4100, epoch: 4 | loss: 0.3927307
	 variance:  [4.2004304]
	 speed: 0.0354s/iter; left time: 43892.8510s
	 iters: 4200, epoch: 4 | loss: 0.5538487
	 variance:  [1.6565088]
	 speed: 0.0305s/iter; left time: 37889.2005s
	 iters: 4300, epoch: 4 | loss: 1.0535667
	 variance:  [1.1080251]
	 speed: 0.0371s/iter; left time: 46092.5792s
	 iters: 4400, epoch: 4 | loss: 0.4115946
	 variance:  [1.8053149]
	 speed: 0.0364s/iter; left time: 45158.0258s
	 iters: 4500, epoch: 4 | loss: 0.9993439
	 variance:  [4.0392275]
	 speed: 0.0357s/iter; left time: 44302.8090s
	 iters: 4600, epoch: 4 | loss: 0.5220748
	 variance:  [0.4561899]
	 speed: 0.0333s/iter; left time: 41311.2804s
	 iters: 4700, epoch: 4 | loss: 0.5264977
	 variance:  [8.500719]
	 speed: 0.0270s/iter; left time: 33533.7986s
	 iters: 4800, epoch: 4 | loss: 1.3467436
	 variance:  [2.225717]
	 speed: 0.0366s/iter; left time: 45411.6191s
	 iters: 4900, epoch: 4 | loss: 0.7388052
	 variance:  [0.73451036]
	 speed: 0.0351s/iter; left time: 43497.7720s
	 iters: 5000, epoch: 4 | loss: 1.2416558
	 variance:  [1.4457531]
	 speed: 0.0325s/iter; left time: 40253.9391s
	 iters: 5100, epoch: 4 | loss: 0.4171086
	 variance:  [1.5284159]
	 speed: 0.0370s/iter; left time: 45826.0343s
	 iters: 5200, epoch: 4 | loss: 0.6591223
	 variance:  [5.274967]
	 speed: 0.0326s/iter; left time: 40405.3800s
	 iters: 5300, epoch: 4 | loss: 0.9001362
	 variance:  [1.7476277]
	 speed: 0.0319s/iter; left time: 39597.6837s
	 iters: 5400, epoch: 4 | loss: 0.5310055
	 variance:  [6.0337553]
	 speed: 0.0370s/iter; left time: 45884.9763s
	 iters: 5500, epoch: 4 | loss: 0.7130895
	 variance:  [1.6451424]
	 speed: 0.0369s/iter; left time: 45722.4799s
	 iters: 5600, epoch: 4 | loss: 0.7167639
	 variance:  [1.6687311]
	 speed: 0.0353s/iter; left time: 43723.3705s
	 iters: 5700, epoch: 4 | loss: 0.9685175
	 variance:  [2.811738]
	 speed: 0.0369s/iter; left time: 45721.6320s
	 iters: 5800, epoch: 4 | loss: 0.4842546
	 variance:  [0.1682452]
	 speed: 0.0372s/iter; left time: 46150.4445s
	 iters: 5900, epoch: 4 | loss: 0.7533957
	 variance:  [0.4706879]
	 speed: 0.0353s/iter; left time: 43775.3662s
	 iters: 6000, epoch: 4 | loss: 0.6475992
	 variance:  [0.47789195]
	 speed: 0.0364s/iter; left time: 45098.3874s
	 iters: 6100, epoch: 4 | loss: 0.3448447
	 variance:  [4.157617]
	 speed: 0.0291s/iter; left time: 36114.0713s
	 iters: 6200, epoch: 4 | loss: 0.9002756
	 variance:  [0.49410853]
	 speed: 0.0293s/iter; left time: 36282.8845s
	 iters: 6300, epoch: 4 | loss: 0.8741608
	 variance:  [0.6211629]
	 speed: 0.0319s/iter; left time: 39505.8206s
	 iters: 6400, epoch: 4 | loss: 0.5873691
	 variance:  [0.26729468]
	 speed: 0.0347s/iter; left time: 42976.4552s
	 iters: 6500, epoch: 4 | loss: 0.5751082
	 variance:  [2.5090196]
	 speed: 0.0342s/iter; left time: 42327.3415s
	 iters: 6600, epoch: 4 | loss: 0.4691421
	 variance:  [0.9083685]
	 speed: 0.0365s/iter; left time: 45189.2588s
	 iters: 6700, epoch: 4 | loss: 0.5284304
	 variance:  [0.62085444]
	 speed: 0.0337s/iter; left time: 41800.4892s
	 iters: 6800, epoch: 4 | loss: 0.8093097
	 variance:  [1.6021088]
	 speed: 0.0367s/iter; left time: 45460.8298s
	 iters: 6900, epoch: 4 | loss: 0.7072304
	 variance:  [1.0280505]
	 speed: 0.0334s/iter; left time: 41309.1218s
	 iters: 7000, epoch: 4 | loss: 0.5238354
	 variance:  [1.6707752]
	 speed: 0.0365s/iter; left time: 45144.8131s
	 iters: 7100, epoch: 4 | loss: 0.5061499
	 variance:  [2.4450052]
	 speed: 0.0344s/iter; left time: 42631.1026s
	 iters: 7200, epoch: 4 | loss: 0.9018962
	 variance:  [0.26217905]
	 speed: 0.0278s/iter; left time: 34365.6328s
	 iters: 7300, epoch: 4 | loss: 0.3354373
	 variance:  [2.1166472]
	 speed: 0.0346s/iter; left time: 42845.3820s
	 iters: 7400, epoch: 4 | loss: 0.4647849
	 variance:  [7.5635977]
	 speed: 0.0334s/iter; left time: 41356.9506s
	 iters: 7500, epoch: 4 | loss: 0.5008805
	 variance:  [1.3867418]
	 speed: 0.0295s/iter; left time: 36473.3800s
	 iters: 7600, epoch: 4 | loss: 1.1036129
	 variance:  [0.95775485]
	 speed: 0.0344s/iter; left time: 42518.7248s
	 iters: 7700, epoch: 4 | loss: 0.5516635
	 variance:  [3.3122554]
	 speed: 0.0353s/iter; left time: 43633.2858s
	 iters: 7800, epoch: 4 | loss: 0.6290923
	 variance:  [0.0993792]
	 speed: 0.0347s/iter; left time: 42965.8226s
	 iters: 7900, epoch: 4 | loss: 0.7393198
	 variance:  [0.57591367]
	 speed: 0.0294s/iter; left time: 36409.8344s
	 iters: 8000, epoch: 4 | loss: 0.4760272
	 variance:  [2.8590353]
	 speed: 0.0355s/iter; left time: 43928.7418s
	 iters: 8100, epoch: 4 | loss: 1.1386535
	 variance:  [1.6328946]
	 speed: 0.0287s/iter; left time: 35454.4836s
	 iters: 8200, epoch: 4 | loss: 0.4612485
	 variance:  [0.48317593]
	 speed: 0.0337s/iter; left time: 41626.9187s
	 iters: 8300, epoch: 4 | loss: 1.0440701
	 variance:  [6.202378]
	 speed: 0.0372s/iter; left time: 46041.3200s
	 iters: 8400, epoch: 4 | loss: 0.7387049
	 variance:  [1.1697776]
	 speed: 0.0349s/iter; left time: 43163.2224s
Validation loss descreased: 0.6823683407809168 -> 0.656430049527921
Epoch: 4 Time: 295.9868083000183 Steps: 8471
Train Loss: 0.6983918 | Val Loss: 0.6564300 | Test Loss: 0.5491557
Test Loss (15 mins): 0.0444549 | (30 mins): 0.0660114 | (45 mins): 0.0863200 | (60 mins): 0.1026852
	 iters: 100, epoch: 5 | loss: 1.2250651
	 variance:  [2.6601026]
	 speed: 0.0301s/iter; left time: 37279.0159s
	 iters: 200, epoch: 5 | loss: 0.4807694
	 variance:  [0.46717176]
	 speed: 0.0334s/iter; left time: 41262.1610s
	 iters: 300, epoch: 5 | loss: 0.8582829
	 variance:  [3.8282173]
	 speed: 0.0338s/iter; left time: 41800.0296s
	 iters: 400, epoch: 5 | loss: 1.1079663
	 variance:  [4.3306904]
	 speed: 0.0331s/iter; left time: 40942.7009s
	 iters: 500, epoch: 5 | loss: 0.7657541
	 variance:  [0.5922725]
	 speed: 0.0366s/iter; left time: 45213.1205s
	 iters: 600, epoch: 5 | loss: 0.7913318
	 variance:  [0.54275924]
	 speed: 0.0378s/iter; left time: 46724.1119s
	 iters: 700, epoch: 5 | loss: 0.4347660
	 variance:  [3.564737]
	 speed: 0.0351s/iter; left time: 43438.8917s
	 iters: 800, epoch: 5 | loss: 0.8103958
	 variance:  [8.207497]
	 speed: 0.0319s/iter; left time: 39432.7111s
	 iters: 900, epoch: 5 | loss: 0.6919471
	 variance:  [0.59525704]
	 speed: 0.0356s/iter; left time: 43958.4004s
	 iters: 1000, epoch: 5 | loss: 0.4740028
	 variance:  [0.78238094]
	 speed: 0.0342s/iter; left time: 42319.5243s
	 iters: 1100, epoch: 5 | loss: 0.9250050
	 variance:  [1.2041203]
	 speed: 0.0348s/iter; left time: 43009.3430s
	 iters: 1200, epoch: 5 | loss: 0.6085656
	 variance:  [0.40916038]
	 speed: 0.0344s/iter; left time: 42514.3343s
	 iters: 1300, epoch: 5 | loss: 0.6025140
	 variance:  [1.0055294]
	 speed: 0.0362s/iter; left time: 44712.0156s
	 iters: 1400, epoch: 5 | loss: 0.5232509
	 variance:  [3.0591776]
	 speed: 0.0299s/iter; left time: 36993.1257s
	 iters: 1500, epoch: 5 | loss: 1.0040913
	 variance:  [3.0682406]
	 speed: 0.0368s/iter; left time: 45398.2882s
	 iters: 1600, epoch: 5 | loss: 0.6376504
	 variance:  [0.8361899]
	 speed: 0.0327s/iter; left time: 40426.4829s
	 iters: 1700, epoch: 5 | loss: 0.7448298
	 variance:  [1.3610907]
	 speed: 0.0340s/iter; left time: 41963.3835s
	 iters: 1800, epoch: 5 | loss: 0.6323520
	 variance:  [6.6205006]
	 speed: 0.0345s/iter; left time: 42570.3522s
	 iters: 1900, epoch: 5 | loss: 0.7030575
	 variance:  [8.388655]
	 speed: 0.0318s/iter; left time: 39271.1856s
	 iters: 2000, epoch: 5 | loss: 0.6884793
	 variance:  [0.76575494]
	 speed: 0.0347s/iter; left time: 42842.0995s
	 iters: 2100, epoch: 5 | loss: 0.6244470
	 variance:  [0.7517282]
	 speed: 0.0303s/iter; left time: 37356.8142s
	 iters: 2200, epoch: 5 | loss: 0.3894572
	 variance:  [0.2115865]
	 speed: 0.0343s/iter; left time: 42326.3812s
	 iters: 2300, epoch: 5 | loss: 0.5636389
	 variance:  [0.38794854]
	 speed: 0.0344s/iter; left time: 42433.6994s
	 iters: 2400, epoch: 5 | loss: 0.5886682
	 variance:  [0.7420148]
	 speed: 0.0324s/iter; left time: 39981.7191s
	 iters: 2500, epoch: 5 | loss: 0.4826933
	 variance:  [0.37163225]
	 speed: 0.0349s/iter; left time: 43030.1326s
	 iters: 2600, epoch: 5 | loss: 0.5055317
	 variance:  [0.72373205]
	 speed: 0.0354s/iter; left time: 43635.6168s
	 iters: 2700, epoch: 5 | loss: 0.9594827
	 variance:  [3.423365]
	 speed: 0.0329s/iter; left time: 40569.8955s
	 iters: 2800, epoch: 5 | loss: 0.6862341
	 variance:  [3.3051474]
	 speed: 0.0332s/iter; left time: 40936.8007s
	 iters: 2900, epoch: 5 | loss: 0.6802523
	 variance:  [1.0150127]
	 speed: 0.0361s/iter; left time: 44540.3146s
	 iters: 3000, epoch: 5 | loss: 0.7704746
	 variance:  [18.08965]
	 speed: 0.0311s/iter; left time: 38399.5148s
	 iters: 3100, epoch: 5 | loss: 0.5231164
	 variance:  [17.680958]
	 speed: 0.0352s/iter; left time: 43471.2653s
	 iters: 3200, epoch: 5 | loss: 0.8849752
	 variance:  [1.4821185]
	 speed: 0.0298s/iter; left time: 36723.2807s
	 iters: 3300, epoch: 5 | loss: 0.6240089
	 variance:  [3.2535982]
	 speed: 0.0357s/iter; left time: 44091.2200s
	 iters: 3400, epoch: 5 | loss: 0.6694953
	 variance:  [0.74591804]
	 speed: 0.0359s/iter; left time: 44244.1635s
	 iters: 3500, epoch: 5 | loss: 0.4294185
	 variance:  [1.0597757]
	 speed: 0.0359s/iter; left time: 44215.0952s
	 iters: 3600, epoch: 5 | loss: 0.5171113
	 variance:  [7.694519]
	 speed: 0.0319s/iter; left time: 39292.3271s
	 iters: 3700, epoch: 5 | loss: 0.4052932
	 variance:  [1.990937]
	 speed: 0.0361s/iter; left time: 44556.0779s
	 iters: 3800, epoch: 5 | loss: 0.5453247
	 variance:  [2.0236158]
	 speed: 0.0376s/iter; left time: 46414.8798s
	 iters: 3900, epoch: 5 | loss: 0.4524205
	 variance:  [1.1176786]
	 speed: 0.0374s/iter; left time: 46061.1023s
	 iters: 4000, epoch: 5 | loss: 0.7578790
	 variance:  [5.6994634]
	 speed: 0.0329s/iter; left time: 40580.0921s
	 iters: 4100, epoch: 5 | loss: 0.6472430
	 variance:  [2.6494727]
	 speed: 0.0338s/iter; left time: 41617.5643s
	 iters: 4200, epoch: 5 | loss: 0.8635651
	 variance:  [1.54627]
	 speed: 0.0352s/iter; left time: 43427.4701s
	 iters: 4300, epoch: 5 | loss: 0.5273056
	 variance:  [55.935165]
	 speed: 0.0365s/iter; left time: 45041.2647s
	 iters: 4400, epoch: 5 | loss: 0.8189324
	 variance:  [2.7113414]
	 speed: 0.0355s/iter; left time: 43799.0036s
	 iters: 4500, epoch: 5 | loss: 0.8616745
	 variance:  [5.4706383]
	 speed: 0.0376s/iter; left time: 46344.3916s
	 iters: 4600, epoch: 5 | loss: 1.1290945
	 variance:  [0.3622234]
	 speed: 0.0355s/iter; left time: 43760.9555s
	 iters: 4700, epoch: 5 | loss: 0.8351536
	 variance:  [2.6301508]
	 speed: 0.0276s/iter; left time: 33954.1044s
	 iters: 4800, epoch: 5 | loss: 0.9000645
	 variance:  [0.5395474]
	 speed: 0.0265s/iter; left time: 32611.3276s
	 iters: 4900, epoch: 5 | loss: 0.5555282
	 variance:  [1.2109514]
	 speed: 0.0284s/iter; left time: 34949.8952s
	 iters: 5000, epoch: 5 | loss: 0.5570369
	 variance:  [1.9776189]
	 speed: 0.0302s/iter; left time: 37164.0897s
	 iters: 5100, epoch: 5 | loss: 0.3520785
	 variance:  [11.649632]
	 speed: 0.0316s/iter; left time: 38865.9327s
	 iters: 5200, epoch: 5 | loss: 0.7318725
	 variance:  [11.976592]
	 speed: 0.0362s/iter; left time: 44623.1008s
	 iters: 5300, epoch: 5 | loss: 0.5850530
	 variance:  [1.0263987]
	 speed: 0.0355s/iter; left time: 43694.4381s
	 iters: 5400, epoch: 5 | loss: 0.9619590
	 variance:  [0.42421862]
	 speed: 0.0336s/iter; left time: 41367.3919s
	 iters: 5500, epoch: 5 | loss: 0.8418352
	 variance:  [0.43418232]
	 speed: 0.0317s/iter; left time: 39077.1535s
	 iters: 5600, epoch: 5 | loss: 0.6039310
	 variance:  [0.654092]
	 speed: 0.0316s/iter; left time: 38929.7640s
	 iters: 5700, epoch: 5 | loss: 1.7594879
	 variance:  [0.73919046]
	 speed: 0.0376s/iter; left time: 46328.2858s
	 iters: 5800, epoch: 5 | loss: 0.7468547
	 variance:  [0.25305235]
	 speed: 0.0335s/iter; left time: 41287.4238s
	 iters: 5900, epoch: 5 | loss: 0.3647367
	 variance:  [0.6500438]
	 speed: 0.0341s/iter; left time: 41978.4262s
	 iters: 6000, epoch: 5 | loss: 0.4219176
	 variance:  [1.0605695]
	 speed: 0.0361s/iter; left time: 44410.7190s
	 iters: 6100, epoch: 5 | loss: 0.5417421
	 variance:  [2.0412734]
	 speed: 0.0322s/iter; left time: 39598.2185s
	 iters: 6200, epoch: 5 | loss: 0.8756222
	 variance:  [0.16918367]
	 speed: 0.0308s/iter; left time: 37955.4582s
	 iters: 6300, epoch: 5 | loss: 0.6873266
	 variance:  [1.0252321]
	 speed: 0.0380s/iter; left time: 46777.9231s
	 iters: 6400, epoch: 5 | loss: 0.9152398
	 variance:  [1.5335994]
	 speed: 0.0375s/iter; left time: 46197.3430s
	 iters: 6500, epoch: 5 | loss: 1.0631760
	 variance:  [2.1884518]
	 speed: 0.0321s/iter; left time: 39551.0034s
	 iters: 6600, epoch: 5 | loss: 0.5011715
	 variance:  [1.6583241]
	 speed: 0.0326s/iter; left time: 40151.2511s
	 iters: 6700, epoch: 5 | loss: 0.6418456
	 variance:  [1.2329537]
	 speed: 0.0307s/iter; left time: 37812.1467s
	 iters: 6800, epoch: 5 | loss: 1.3592017
	 variance:  [1.9745555]
	 speed: 0.0370s/iter; left time: 45541.7171s
	 iters: 6900, epoch: 5 | loss: 0.5995415
	 variance:  [1.7000617]
	 speed: 0.0335s/iter; left time: 41202.0681s
	 iters: 7000, epoch: 5 | loss: 0.9385278
	 variance:  [0.7068973]
	 speed: 0.0329s/iter; left time: 40428.3485s
	 iters: 7100, epoch: 5 | loss: 0.8126659
	 variance:  [1.7569927]
	 speed: 0.0287s/iter; left time: 35324.8166s
	 iters: 7200, epoch: 5 | loss: 1.0600280
	 variance:  [0.91146266]
	 speed: 0.0321s/iter; left time: 39435.7962s
	 iters: 7300, epoch: 5 | loss: 0.4509312
	 variance:  [2.275446]
	 speed: 0.0313s/iter; left time: 38436.4030s
	 iters: 7400, epoch: 5 | loss: 0.4729988
	 variance:  [0.69347936]
	 speed: 0.0337s/iter; left time: 41369.3281s
	 iters: 7500, epoch: 5 | loss: 0.7008781
	 variance:  [0.43162313]
	 speed: 0.0340s/iter; left time: 41738.9485s
	 iters: 7600, epoch: 5 | loss: 0.8825606
	 variance:  [1.6244316]
	 speed: 0.0342s/iter; left time: 42057.9091s
	 iters: 7700, epoch: 5 | loss: 0.7735573
	 variance:  [0.610703]
	 speed: 0.0338s/iter; left time: 41580.5544s
	 iters: 7800, epoch: 5 | loss: 0.6320145
	 variance:  [0.96191144]
	 speed: 0.0328s/iter; left time: 40343.1833s
	 iters: 7900, epoch: 5 | loss: 0.6469747
	 variance:  [7.629656]
	 speed: 0.0295s/iter; left time: 36300.5319s
	 iters: 8000, epoch: 5 | loss: 0.6050456
	 variance:  [1.4500512]
	 speed: 0.0367s/iter; left time: 45137.8923s
	 iters: 8100, epoch: 5 | loss: 0.5264791
	 variance:  [0.86957747]
	 speed: 0.0349s/iter; left time: 42941.2072s
	 iters: 8200, epoch: 5 | loss: 0.7716559
	 variance:  [0.47811794]
	 speed: 0.0338s/iter; left time: 41486.5119s
	 iters: 8300, epoch: 5 | loss: 0.6840522
	 variance:  [0.18185924]
	 speed: 0.0337s/iter; left time: 41365.4785s
	 iters: 8400, epoch: 5 | loss: 0.9751579
	 variance:  [7.233847]
	 speed: 0.0371s/iter; left time: 45588.6087s
Validation loss descreased: 0.656430049527921 -> 0.6500769385174251
Epoch: 5 Time: 297.13489818573 Steps: 8471
Train Loss: 0.6909971 | Val Loss: 0.6500769 | Test Loss: 0.5424417
Test Loss (15 mins): 0.0442091 | (30 mins): 0.0647450 | (45 mins): 0.0831550 | (60 mins): 0.1011222
	 iters: 100, epoch: 6 | loss: 0.5366173
	 variance:  [0.7918853]
	 speed: 0.0297s/iter; left time: 36417.3134s
	 iters: 200, epoch: 6 | loss: 0.4465554
	 variance:  [2.8992367]
	 speed: 0.0342s/iter; left time: 41996.1730s
	 iters: 300, epoch: 6 | loss: 0.9421235
	 variance:  [0.7445808]
	 speed: 0.0337s/iter; left time: 41330.6117s
	 iters: 400, epoch: 6 | loss: 0.6537937
	 variance:  [0.49338922]
	 speed: 0.0433s/iter; left time: 53146.5015s
	 iters: 500, epoch: 6 | loss: 0.6692532
	 variance:  [1.0166869]
	 speed: 0.0426s/iter; left time: 52300.0201s
	 iters: 600, epoch: 6 | loss: 0.5272818
	 variance:  [1.8109934]
	 speed: 0.0287s/iter; left time: 35291.4801s
	 iters: 700, epoch: 6 | loss: 0.9567893
	 variance:  [1.208737]
	 speed: 0.0312s/iter; left time: 38264.2359s
	 iters: 800, epoch: 6 | loss: 0.6929631
	 variance:  [0.37034598]
	 speed: 0.0320s/iter; left time: 39237.3611s
	 iters: 900, epoch: 6 | loss: 1.0590397
	 variance:  [2.7191749]
	 speed: 0.0307s/iter; left time: 37632.2041s
	 iters: 1000, epoch: 6 | loss: 0.6359599
	 variance:  [6.632442]
	 speed: 0.0318s/iter; left time: 38980.6605s
	 iters: 1100, epoch: 6 | loss: 0.8579078
	 variance:  [0.65112704]
	 speed: 0.0321s/iter; left time: 39384.0711s
	 iters: 1200, epoch: 6 | loss: 0.7186774
	 variance:  [0.70297813]
	 speed: 0.0377s/iter; left time: 46258.5348s
	 iters: 1300, epoch: 6 | loss: 0.7138742
	 variance:  [0.7298451]
	 speed: 0.0346s/iter; left time: 42468.8265s
	 iters: 1400, epoch: 6 | loss: 1.1291828
	 variance:  [0.55648136]
	 speed: 0.0378s/iter; left time: 46362.0222s
	 iters: 1500, epoch: 6 | loss: 0.7444538
	 variance:  [1.0125396]
	 speed: 0.0378s/iter; left time: 46376.0035s
	 iters: 1600, epoch: 6 | loss: 1.0417554
	 variance:  [0.5064646]
	 speed: 0.0332s/iter; left time: 40729.4592s
	 iters: 1700, epoch: 6 | loss: 0.5919564
	 variance:  [1.0837677]
	 speed: 0.0326s/iter; left time: 39967.4241s
	 iters: 1800, epoch: 6 | loss: 0.3683041
	 variance:  [0.58611023]
	 speed: 0.0268s/iter; left time: 32842.4717s
	 iters: 1900, epoch: 6 | loss: 0.9493917
	 variance:  [0.42851776]
	 speed: 0.0359s/iter; left time: 44020.1476s
	 iters: 2000, epoch: 6 | loss: 1.8044143
	 variance:  [1.1008947]
	 speed: 0.0316s/iter; left time: 38693.5416s
	 iters: 2100, epoch: 6 | loss: 0.3440922
	 variance:  [2.189365]
	 speed: 0.0311s/iter; left time: 38112.5753s
	 iters: 2200, epoch: 6 | loss: 0.5193763
	 variance:  [2.0086331]
	 speed: 0.0332s/iter; left time: 40682.5707s
	 iters: 2300, epoch: 6 | loss: 0.5731046
	 variance:  [0.6639535]
	 speed: 0.0368s/iter; left time: 45060.2104s
	 iters: 2400, epoch: 6 | loss: 0.4482285
	 variance:  [0.67372495]
	 speed: 0.0349s/iter; left time: 42815.5790s
	 iters: 2500, epoch: 6 | loss: 0.7559383
	 variance:  [1.2287657]
	 speed: 0.0306s/iter; left time: 37504.3097s
	 iters: 2600, epoch: 6 | loss: 0.5500539
	 variance:  [0.87978333]
	 speed: 0.0301s/iter; left time: 36947.3131s
	 iters: 2700, epoch: 6 | loss: 0.4473879
	 variance:  [0.817909]
	 speed: 0.0329s/iter; left time: 40338.2669s
	 iters: 2800, epoch: 6 | loss: 0.3243765
	 variance:  [1.9754477]
	 speed: 0.0336s/iter; left time: 41143.2213s
	 iters: 2900, epoch: 6 | loss: 0.6529643
	 variance:  [0.08770584]
	 speed: 0.0345s/iter; left time: 42269.7994s
	 iters: 3000, epoch: 6 | loss: 0.6625149
	 variance:  [0.50335985]
	 speed: 0.0322s/iter; left time: 39422.7737s
	 iters: 3100, epoch: 6 | loss: 1.9796853
	 variance:  [0.66187966]
	 speed: 0.0312s/iter; left time: 38182.5106s
	 iters: 3200, epoch: 6 | loss: 0.8564712
	 variance:  [0.4683079]
	 speed: 0.0349s/iter; left time: 42706.0616s
	 iters: 3300, epoch: 6 | loss: 0.6860776
	 variance:  [1.9951701]
	 speed: 0.0323s/iter; left time: 39558.6384s
	 iters: 3400, epoch: 6 | loss: 0.3271181
	 variance:  [0.23484392]
	 speed: 0.0379s/iter; left time: 46468.9903s
	 iters: 3500, epoch: 6 | loss: 0.8432359
	 variance:  [0.4057132]
	 speed: 0.0355s/iter; left time: 43486.6642s
	 iters: 3600, epoch: 6 | loss: 0.2774928
	 variance:  [2.1618319]
	 speed: 0.0334s/iter; left time: 40899.6304s
	 iters: 3700, epoch: 6 | loss: 0.8261420
	 variance:  [2.8343062]
	 speed: 0.0366s/iter; left time: 44868.5409s
	 iters: 3800, epoch: 6 | loss: 0.6774930
	 variance:  [0.5818461]
	 speed: 0.0375s/iter; left time: 45934.5576s
	 iters: 3900, epoch: 6 | loss: 0.5362726
	 variance:  [0.30535352]
	 speed: 0.0373s/iter; left time: 45616.0916s
	 iters: 4000, epoch: 6 | loss: 0.9449262
	 variance:  [0.6769043]
	 speed: 0.0362s/iter; left time: 44364.0686s
	 iters: 4100, epoch: 6 | loss: 0.7574214
	 variance:  [1.0506375]
	 speed: 0.0361s/iter; left time: 44253.3020s
	 iters: 4200, epoch: 6 | loss: 0.7128634
	 variance:  [1.0013641]
	 speed: 0.0349s/iter; left time: 42677.5412s
	 iters: 4300, epoch: 6 | loss: 0.5946224
	 variance:  [0.29566923]
	 speed: 0.0334s/iter; left time: 40849.5895s
	 iters: 4400, epoch: 6 | loss: 0.4296914
	 variance:  [1.7620928]
	 speed: 0.0371s/iter; left time: 45448.6838s
	 iters: 4500, epoch: 6 | loss: 0.5645612
	 variance:  [0.7689037]
	 speed: 0.0361s/iter; left time: 44168.2299s
	 iters: 4600, epoch: 6 | loss: 0.8183578
	 variance:  [0.9709461]
	 speed: 0.0341s/iter; left time: 41693.8618s
	 iters: 4700, epoch: 6 | loss: 0.8367370
	 variance:  [0.5311827]
	 speed: 0.0351s/iter; left time: 42933.5981s
	 iters: 4800, epoch: 6 | loss: 0.4663870
	 variance:  [0.68216276]
	 speed: 0.0322s/iter; left time: 39435.9895s
	 iters: 4900, epoch: 6 | loss: 0.4673590
	 variance:  [2.5927393]
	 speed: 0.0315s/iter; left time: 38594.0453s
	 iters: 5000, epoch: 6 | loss: 0.7561146
	 variance:  [1.1524911]
	 speed: 0.0273s/iter; left time: 33395.5902s
	 iters: 5100, epoch: 6 | loss: 1.6251296
	 variance:  [4.5868974]
	 speed: 0.0299s/iter; left time: 36530.4047s
	 iters: 5200, epoch: 6 | loss: 0.7340970
	 variance:  [0.69357073]
	 speed: 0.0319s/iter; left time: 38971.3888s
	 iters: 5300, epoch: 6 | loss: 0.5051035
	 variance:  [2.8277974]
	 speed: 0.0339s/iter; left time: 41412.6438s
	 iters: 5400, epoch: 6 | loss: 0.2441144
	 variance:  [2.4103105]
	 speed: 0.0270s/iter; left time: 32967.4551s
	 iters: 5500, epoch: 6 | loss: 0.6729922
	 variance:  [1.715507]
	 speed: 0.0339s/iter; left time: 41423.6728s
	 iters: 5600, epoch: 6 | loss: 1.4888802
	 variance:  [0.7434183]
	 speed: 0.0353s/iter; left time: 43123.3038s
	 iters: 5700, epoch: 6 | loss: 0.8842722
	 variance:  [0.2244031]
	 speed: 0.0343s/iter; left time: 41905.1280s
	 iters: 5800, epoch: 6 | loss: 0.8671880
	 variance:  [0.91951257]
	 speed: 0.0315s/iter; left time: 38481.4576s
	 iters: 5900, epoch: 6 | loss: 0.7245378
	 variance:  [0.78732634]
	 speed: 0.0330s/iter; left time: 40281.9273s
	 iters: 6000, epoch: 6 | loss: 0.7118152
	 variance:  [2.649016]
	 speed: 0.0328s/iter; left time: 40075.8575s
	 iters: 6100, epoch: 6 | loss: 0.6625910
	 variance:  [0.8559317]
	 speed: 0.0298s/iter; left time: 36380.3195s
	 iters: 6200, epoch: 6 | loss: 0.8343695
	 variance:  [0.50635964]
	 speed: 0.0376s/iter; left time: 45924.7901s
	 iters: 6300, epoch: 6 | loss: 0.7642578
	 variance:  [0.9759383]
	 speed: 0.0365s/iter; left time: 44580.4244s
	 iters: 6400, epoch: 6 | loss: 0.5208405
	 variance:  [1.7439592]
	 speed: 0.0366s/iter; left time: 44662.0493s
	 iters: 6500, epoch: 6 | loss: 0.6237477
	 variance:  [0.29940984]
	 speed: 0.0327s/iter; left time: 39974.4569s
	 iters: 6600, epoch: 6 | loss: 0.9167237
	 variance:  [0.51871115]
	 speed: 0.0316s/iter; left time: 38564.0647s
	 iters: 6700, epoch: 6 | loss: 0.6019600
	 variance:  [6.56418]
	 speed: 0.0318s/iter; left time: 38906.8475s
	 iters: 6800, epoch: 6 | loss: 0.7268178
	 variance:  [1.3099835]
	 speed: 0.0328s/iter; left time: 40107.6925s
	 iters: 6900, epoch: 6 | loss: 0.6054158
	 variance:  [1.4682157]
	 speed: 0.0345s/iter; left time: 42114.3014s
	 iters: 7000, epoch: 6 | loss: 0.5635867
	 variance:  [2.0103388]
	 speed: 0.0348s/iter; left time: 42466.8117s
	 iters: 7100, epoch: 6 | loss: 0.9345488
	 variance:  [0.09715036]
	 speed: 0.0333s/iter; left time: 40690.7226s
	 iters: 7200, epoch: 6 | loss: 0.6601080
	 variance:  [0.52211916]
	 speed: 0.0333s/iter; left time: 40676.1995s
	 iters: 7300, epoch: 6 | loss: 0.7434630
	 variance:  [0.6244229]
	 speed: 0.0309s/iter; left time: 37757.9735s
	 iters: 7400, epoch: 6 | loss: 1.2729685
	 variance:  [1.3971055]
	 speed: 0.0287s/iter; left time: 35047.3140s
	 iters: 7500, epoch: 6 | loss: 0.4225944
	 variance:  [2.823107]
	 speed: 0.0279s/iter; left time: 34055.7722s
	 iters: 7600, epoch: 6 | loss: 0.6993958
	 variance:  [1.9076074]
	 speed: 0.0330s/iter; left time: 40285.8283s
	 iters: 7700, epoch: 6 | loss: 0.7955096
	 variance:  [13.183439]
	 speed: 0.0323s/iter; left time: 39391.9563s
	 iters: 7800, epoch: 6 | loss: 0.5862808
	 variance:  [0.8961777]
	 speed: 0.0333s/iter; left time: 40675.1357s
	 iters: 7900, epoch: 6 | loss: 1.3984132
	 variance:  [0.50049734]
	 speed: 0.0358s/iter; left time: 43703.7057s
	 iters: 8000, epoch: 6 | loss: 0.4214455
	 variance:  [11.221576]
	 speed: 0.0330s/iter; left time: 40236.1957s
	 iters: 8100, epoch: 6 | loss: 0.5616988
	 variance:  [1.3382177]
	 speed: 0.0365s/iter; left time: 44523.5490s
	 iters: 8200, epoch: 6 | loss: 0.4445804
	 variance:  [0.71353024]
	 speed: 0.0332s/iter; left time: 40558.0957s
	 iters: 8300, epoch: 6 | loss: 0.6956971
	 variance:  [2.4869237]
	 speed: 0.0326s/iter; left time: 39736.0925s
	 iters: 8400, epoch: 6 | loss: 0.7408110
	 variance:  [0.3115999]
	 speed: 0.0285s/iter; left time: 34733.3287s
Validation loss did not decrease 1 / 20
Epoch: 6 Time: 293.73368191719055 Steps: 8471
Train Loss: 0.6847861 | Val Loss: 0.6602241 | Test Loss: 0.5363532
Test Loss (15 mins): 0.0453939 | (30 mins): 0.0640422 | (45 mins): 0.0836722 | (60 mins): 0.0989491
	 iters: 100, epoch: 7 | loss: 1.3167135
	 variance:  [0.9500048]
	 speed: 0.0331s/iter; left time: 40399.2786s
	 iters: 200, epoch: 7 | loss: 0.4792596
	 variance:  [1.3053535]
	 speed: 0.0344s/iter; left time: 41901.5039s
	 iters: 300, epoch: 7 | loss: 0.9093677
	 variance:  [0.5805741]
	 speed: 0.0356s/iter; left time: 43367.0998s
	 iters: 400, epoch: 7 | loss: 0.5321274
	 variance:  [0.7608184]
	 speed: 0.0371s/iter; left time: 45232.7077s
	 iters: 500, epoch: 7 | loss: 0.4674399
	 variance:  [0.5335488]
	 speed: 0.0371s/iter; left time: 45258.4618s
	 iters: 600, epoch: 7 | loss: 0.6244886
	 variance:  [1.0566604]
	 speed: 0.0377s/iter; left time: 46021.5445s
	 iters: 700, epoch: 7 | loss: 0.6005088
	 variance:  [0.3688834]
	 speed: 0.0320s/iter; left time: 38960.0825s
	 iters: 800, epoch: 7 | loss: 0.6770977
	 variance:  [1.0627309]
	 speed: 0.0355s/iter; left time: 43294.7202s
	 iters: 900, epoch: 7 | loss: 0.4872889
	 variance:  [1.0175841]
	 speed: 0.0307s/iter; left time: 37417.8348s
	 iters: 1000, epoch: 7 | loss: 0.5843995
	 variance:  [4.432495]
	 speed: 0.0358s/iter; left time: 43632.4201s
	 iters: 1100, epoch: 7 | loss: 0.5157862
	 variance:  [1.6625744]
	 speed: 0.0321s/iter; left time: 39094.7418s
	 iters: 1200, epoch: 7 | loss: 0.6045859
	 variance:  [0.89521545]
	 speed: 0.0359s/iter; left time: 43776.0375s
	 iters: 1300, epoch: 7 | loss: 0.6573940
	 variance:  [1.1283734]
	 speed: 0.0341s/iter; left time: 41513.6949s
	 iters: 1400, epoch: 7 | loss: 2.1113811
	 variance:  [0.36535022]
	 speed: 0.0337s/iter; left time: 41007.1243s
	 iters: 1500, epoch: 7 | loss: 0.3264546
	 variance:  [0.21180315]
	 speed: 0.0311s/iter; left time: 37844.2964s
	 iters: 1600, epoch: 7 | loss: 0.5866419
	 variance:  [0.83862746]
	 speed: 0.0370s/iter; left time: 45100.4455s
	 iters: 1700, epoch: 7 | loss: 0.4718390
	 variance:  [2.3932886]
	 speed: 0.0354s/iter; left time: 43179.2359s
	 iters: 1800, epoch: 7 | loss: 0.4054931
	 variance:  [0.10691085]
	 speed: 0.0368s/iter; left time: 44879.5509s
	 iters: 1900, epoch: 7 | loss: 0.5392457
	 variance:  [0.6607623]
	 speed: 0.0339s/iter; left time: 41249.4163s
	 iters: 2000, epoch: 7 | loss: 0.8791190
	 variance:  [0.6235724]
	 speed: 0.0325s/iter; left time: 39627.2148s
	 iters: 2100, epoch: 7 | loss: 0.4192306
	 variance:  [4.261214]
	 speed: 0.0347s/iter; left time: 42281.0567s
	 iters: 2200, epoch: 7 | loss: 0.3459912
	 variance:  [5.4889364]
	 speed: 0.0345s/iter; left time: 42064.8205s
	 iters: 2300, epoch: 7 | loss: 0.4672417
	 variance:  [0.60116106]
	 speed: 0.0364s/iter; left time: 44317.7139s
	 iters: 2400, epoch: 7 | loss: 0.4488690
	 variance:  [0.7008562]
	 speed: 0.0357s/iter; left time: 43414.5102s
	 iters: 2500, epoch: 7 | loss: 0.7822938
	 variance:  [2.1192367]
	 speed: 0.0354s/iter; left time: 43059.7681s
	 iters: 2600, epoch: 7 | loss: 0.7138548
	 variance:  [1.1174058]
	 speed: 0.0371s/iter; left time: 45159.4717s
	 iters: 2700, epoch: 7 | loss: 0.8732125
	 variance:  [2.2474573]
	 speed: 0.0331s/iter; left time: 40311.5606s
	 iters: 2800, epoch: 7 | loss: 0.5780040
	 variance:  [1.6040485]
	 speed: 0.0353s/iter; left time: 43014.8680s
	 iters: 2900, epoch: 7 | loss: 0.5055467
	 variance:  [0.49410853]
	 speed: 0.0335s/iter; left time: 40741.8285s
	 iters: 3000, epoch: 7 | loss: 0.8859774
	 variance:  [1.660265]
	 speed: 0.0343s/iter; left time: 41794.0824s
	 iters: 3100, epoch: 7 | loss: 0.4278997
	 variance:  [0.4069768]
	 speed: 0.0370s/iter; left time: 45004.9332s
	 iters: 3200, epoch: 7 | loss: 0.9895629
	 variance:  [0.47721624]
	 speed: 0.0345s/iter; left time: 41942.3404s
	 iters: 3300, epoch: 7 | loss: 1.1900862
	 variance:  [0.78371876]
	 speed: 0.0273s/iter; left time: 33268.2304s
	 iters: 3400, epoch: 7 | loss: 0.4785241
	 variance:  [2.3540118]
	 speed: 0.0366s/iter; left time: 44476.8499s
	 iters: 3500, epoch: 7 | loss: 1.0409756
	 variance:  [0.8872599]
	 speed: 0.0380s/iter; left time: 46230.7834s
	 iters: 3600, epoch: 7 | loss: 0.6021727
	 variance:  [0.69688183]
	 speed: 0.0360s/iter; left time: 43824.6425s
	 iters: 3700, epoch: 7 | loss: 0.4121004
	 variance:  [0.5164577]
	 speed: 0.0371s/iter; left time: 45142.0455s
	 iters: 3800, epoch: 7 | loss: 0.3891129
	 variance:  [4.5227723]
	 speed: 0.0354s/iter; left time: 43099.8157s
	 iters: 3900, epoch: 7 | loss: 0.4579386
	 variance:  [0.18237783]
	 speed: 0.0331s/iter; left time: 40237.5878s
	 iters: 4000, epoch: 7 | loss: 0.7146462
	 variance:  [1.3580278]
	 speed: 0.0354s/iter; left time: 43079.5174s
	 iters: 4100, epoch: 7 | loss: 0.3776066
	 variance:  [0.6340997]
	 speed: 0.0360s/iter; left time: 43816.9301s
	 iters: 4200, epoch: 7 | loss: 0.6706101
	 variance:  [7.2346873]
	 speed: 0.0342s/iter; left time: 41586.1081s
	 iters: 4300, epoch: 7 | loss: 0.7653062
	 variance:  [0.8432687]
	 speed: 0.0378s/iter; left time: 45964.4821s
	 iters: 4400, epoch: 7 | loss: 1.0660615
	 variance:  [12.812299]
	 speed: 0.0366s/iter; left time: 44474.6861s
	 iters: 4500, epoch: 7 | loss: 0.9014192
	 variance:  [1.1069719]
	 speed: 0.0371s/iter; left time: 45144.9822s
	 iters: 4600, epoch: 7 | loss: 0.3895195
	 variance:  [1.1961511]
	 speed: 0.0314s/iter; left time: 38105.0540s
	 iters: 4700, epoch: 7 | loss: 0.3978150
	 variance:  [1.1928952]
	 speed: 0.0370s/iter; left time: 44916.1867s
	 iters: 4800, epoch: 7 | loss: 0.5990272
	 variance:  [2.589959]
	 speed: 0.0366s/iter; left time: 44497.3723s
	 iters: 4900, epoch: 7 | loss: 0.6126757
	 variance:  [1.3222153]
	 speed: 0.0375s/iter; left time: 45541.2535s
	 iters: 5000, epoch: 7 | loss: 0.6662772
	 variance:  [1.1287128]
	 speed: 0.0365s/iter; left time: 44302.7918s
	 iters: 5100, epoch: 7 | loss: 0.6550409
	 variance:  [2.3769977]
	 speed: 0.0322s/iter; left time: 39166.9737s
	 iters: 5200, epoch: 7 | loss: 0.8549868
	 variance:  [3.1068623]
	 speed: 0.0303s/iter; left time: 36851.1423s
	 iters: 5300, epoch: 7 | loss: 0.8968742
	 variance:  [2.6072516]
	 speed: 0.0359s/iter; left time: 43609.8091s
	 iters: 5400, epoch: 7 | loss: 0.9157389
	 variance:  [1.4323937]
	 speed: 0.0345s/iter; left time: 41925.6357s
	 iters: 5500, epoch: 7 | loss: 1.3520998
	 variance:  [0.7674652]
	 speed: 0.0314s/iter; left time: 38110.6228s
	 iters: 5600, epoch: 7 | loss: 1.2370446
	 variance:  [1.7641424]
	 speed: 0.0320s/iter; left time: 38887.6731s
	 iters: 5700, epoch: 7 | loss: 0.7525463
	 variance:  [0.731727]
	 speed: 0.0328s/iter; left time: 39862.5547s
	 iters: 5800, epoch: 7 | loss: 0.5452044
	 variance:  [1.0104793]
	 speed: 0.0346s/iter; left time: 41995.9800s
	 iters: 5900, epoch: 7 | loss: 0.5919165
	 variance:  [3.1715443]
	 speed: 0.0294s/iter; left time: 35700.3995s
	 iters: 6000, epoch: 7 | loss: 0.8261079
	 variance:  [0.38790333]
	 speed: 0.0329s/iter; left time: 39980.2255s
	 iters: 6100, epoch: 7 | loss: 0.3301892
	 variance:  [0.8684888]
	 speed: 0.0352s/iter; left time: 42714.8292s
	 iters: 6200, epoch: 7 | loss: 0.8396723
	 variance:  [0.4867348]
	 speed: 0.0316s/iter; left time: 38326.0083s
	 iters: 6300, epoch: 7 | loss: 0.7786703
	 variance:  [1.249959]
	 speed: 0.0364s/iter; left time: 44212.3628s
	 iters: 6400, epoch: 7 | loss: 0.7880273
	 variance:  [3.6538131]
	 speed: 0.0368s/iter; left time: 44662.4624s
	 iters: 6500, epoch: 7 | loss: 0.5375425
	 variance:  [5.3553295]
	 speed: 0.0291s/iter; left time: 35323.5908s
	 iters: 6600, epoch: 7 | loss: 0.3507603
	 variance:  [1.3703538]
	 speed: 0.0343s/iter; left time: 41627.2365s
	 iters: 6700, epoch: 7 | loss: 0.7223581
	 variance:  [3.068349]
	 speed: 0.0361s/iter; left time: 43839.8685s
	 iters: 6800, epoch: 7 | loss: 0.7374640
	 variance:  [0.45543286]
	 speed: 0.0364s/iter; left time: 44196.3905s
	 iters: 6900, epoch: 7 | loss: 0.7536161
	 variance:  [1.6808966]
	 speed: 0.0376s/iter; left time: 45581.6451s
	 iters: 7000, epoch: 7 | loss: 0.5716845
	 variance:  [0.4150337]
	 speed: 0.0363s/iter; left time: 43992.9432s
	 iters: 7100, epoch: 7 | loss: 0.8011111
	 variance:  [2.4022424]
	 speed: 0.0370s/iter; left time: 44890.4319s
	 iters: 7200, epoch: 7 | loss: 0.4801593
	 variance:  [0.57103986]
	 speed: 0.0361s/iter; left time: 43749.7527s
	 iters: 7300, epoch: 7 | loss: 0.6376322
	 variance:  [3.7237887]
	 speed: 0.0316s/iter; left time: 38264.4258s
	 iters: 7400, epoch: 7 | loss: 0.6563205
	 variance:  [0.6867324]
	 speed: 0.0333s/iter; left time: 40406.5142s
	 iters: 7500, epoch: 7 | loss: 0.8522958
	 variance:  [4.3228354]
	 speed: 0.0339s/iter; left time: 41123.1561s
	 iters: 7600, epoch: 7 | loss: 0.3905590
	 variance:  [0.49478418]
	 speed: 0.0304s/iter; left time: 36809.7090s
	 iters: 7700, epoch: 7 | loss: 0.7156829
	 variance:  [2.498353]
	 speed: 0.0310s/iter; left time: 37568.6779s
	 iters: 7800, epoch: 7 | loss: 0.4455495
	 variance:  [1.5037628]
	 speed: 0.0378s/iter; left time: 45828.4556s
	 iters: 7900, epoch: 7 | loss: 0.4487755
	 variance:  [1.8379067]
	 speed: 0.0291s/iter; left time: 35304.4110s
	 iters: 8000, epoch: 7 | loss: 0.8372073
	 variance:  [0.4489021]
	 speed: 0.0322s/iter; left time: 39003.9328s
	 iters: 8100, epoch: 7 | loss: 0.8312019
	 variance:  [0.5993397]
	 speed: 0.0333s/iter; left time: 40356.7771s
	 iters: 8200, epoch: 7 | loss: 0.7508122
	 variance:  [1.1616529]
	 speed: 0.0363s/iter; left time: 43974.0911s
	 iters: 8300, epoch: 7 | loss: 0.6091210
	 variance:  [0.45458722]
	 speed: 0.0358s/iter; left time: 43330.8841s
	 iters: 8400, epoch: 7 | loss: 0.4925086
	 variance:  [1.8908585]
	 speed: 0.0362s/iter; left time: 43825.4606s
Validation loss did not decrease 2 / 20
Epoch: 7 Time: 302.7207729816437 Steps: 8471
Train Loss: 0.6794198 | Val Loss: 0.6553678 | Test Loss: 0.5431108
Test Loss (15 mins): 0.0482156 | (30 mins): 0.0701092 | (45 mins): 0.0893902 | (60 mins): 0.1064643
	 iters: 100, epoch: 8 | loss: 0.9748691
	 variance:  [1.2172885]
	 speed: 0.0347s/iter; left time: 42031.5798s
	 iters: 200, epoch: 8 | loss: 0.7681071
	 variance:  [2.4633024]
	 speed: 0.0367s/iter; left time: 44427.2509s
	 iters: 300, epoch: 8 | loss: 0.8162278
	 variance:  [0.80148405]
	 speed: 0.0363s/iter; left time: 43906.8028s
	 iters: 400, epoch: 8 | loss: 0.7924522
	 variance:  [4.120626]
	 speed: 0.0352s/iter; left time: 42610.9081s
	 iters: 500, epoch: 8 | loss: 0.8194594
	 variance:  [1.283214]
	 speed: 0.0359s/iter; left time: 43493.4370s
	 iters: 600, epoch: 8 | loss: 0.5999160
	 variance:  [1.1925783]
	 speed: 0.0331s/iter; left time: 40056.9971s
	 iters: 700, epoch: 8 | loss: 0.9247293
	 variance:  [1.8980967]
	 speed: 0.0363s/iter; left time: 44006.3376s
	 iters: 800, epoch: 8 | loss: 1.0008559
	 variance:  [0.52454984]
	 speed: 0.0373s/iter; left time: 45110.2966s
	 iters: 900, epoch: 8 | loss: 0.6939969
	 variance:  [2.0387366]
	 speed: 0.0330s/iter; left time: 39973.4628s
	 iters: 1000, epoch: 8 | loss: 0.8343074
	 variance:  [0.6240174]
	 speed: 0.0329s/iter; left time: 39762.8887s
	 iters: 1100, epoch: 8 | loss: 0.5228753
	 variance:  [0.4421545]
	 speed: 0.0352s/iter; left time: 42551.6481s
	 iters: 1200, epoch: 8 | loss: 0.9500469
	 variance:  [2.1320462]
	 speed: 0.0283s/iter; left time: 34296.5793s
	 iters: 1300, epoch: 8 | loss: 0.5616881
	 variance:  [0.702709]
	 speed: 0.0339s/iter; left time: 41025.0122s
	 iters: 1400, epoch: 8 | loss: 1.0052781
	 variance:  [0.90913177]
	 speed: 0.0371s/iter; left time: 44907.4390s
	 iters: 1500, epoch: 8 | loss: 0.6729143
	 variance:  [0.79451454]
	 speed: 0.0329s/iter; left time: 39829.3145s
	 iters: 1600, epoch: 8 | loss: 0.7674245
	 variance:  [1.4697626]
	 speed: 0.0314s/iter; left time: 37999.6455s
	 iters: 1700, epoch: 8 | loss: 0.6990992
	 variance:  [0.82052356]
	 speed: 0.0354s/iter; left time: 42840.6704s
	 iters: 1800, epoch: 8 | loss: 0.3836780
	 variance:  [0.797352]
	 speed: 0.0307s/iter; left time: 37120.1770s
	 iters: 1900, epoch: 8 | loss: 0.8534188
	 variance:  [0.44555256]
	 speed: 0.0272s/iter; left time: 32889.6403s
	 iters: 2000, epoch: 8 | loss: 0.8484524
	 variance:  [0.98475546]
	 speed: 0.0333s/iter; left time: 40331.4201s
	 iters: 2100, epoch: 8 | loss: 0.7862676
	 variance:  [2.519874]
	 speed: 0.0361s/iter; left time: 43690.1500s
	 iters: 2200, epoch: 8 | loss: 0.4410151
	 variance:  [0.6586775]
	 speed: 0.0338s/iter; left time: 40900.2646s
	 iters: 2300, epoch: 8 | loss: 0.8045126
	 variance:  [1.5190588]
	 speed: 0.0316s/iter; left time: 38182.6055s
	 iters: 2400, epoch: 8 | loss: 0.7321604
	 variance:  [0.565054]
	 speed: 0.0362s/iter; left time: 43787.3048s
	 iters: 2500, epoch: 8 | loss: 1.0864508
	 variance:  [0.14452325]
	 speed: 0.0292s/iter; left time: 35330.9070s
	 iters: 2600, epoch: 8 | loss: 0.7804803
	 variance:  [0.61212206]
	 speed: 0.0345s/iter; left time: 41656.7822s
	 iters: 2700, epoch: 8 | loss: 1.1750896
	 variance:  [3.7091832]
	 speed: 0.0340s/iter; left time: 41100.7122s
	 iters: 2800, epoch: 8 | loss: 0.5394160
	 variance:  [0.72007835]
	 speed: 0.0326s/iter; left time: 39364.8538s
	 iters: 2900, epoch: 8 | loss: 0.7378907
	 variance:  [1.0610372]
	 speed: 0.0343s/iter; left time: 41396.3744s
	 iters: 3000, epoch: 8 | loss: 0.6145494
	 variance:  [2.194295]
	 speed: 0.0353s/iter; left time: 42708.7925s
	 iters: 3100, epoch: 8 | loss: 0.4981286
	 variance:  [0.9796005]
	 speed: 0.0315s/iter; left time: 38004.3326s
	 iters: 3200, epoch: 8 | loss: 0.3721619
	 variance:  [1.5855542]
	 speed: 0.0323s/iter; left time: 38967.8391s
	 iters: 3300, epoch: 8 | loss: 0.5970434
	 variance:  [1.0240784]
	 speed: 0.0320s/iter; left time: 38681.8361s
	 iters: 3400, epoch: 8 | loss: 0.5665734
	 variance:  [0.4851185]
	 speed: 0.0347s/iter; left time: 41864.8901s
	 iters: 3500, epoch: 8 | loss: 0.5226423
	 variance:  [2.2240613]
	 speed: 0.0341s/iter; left time: 41158.8896s
	 iters: 3600, epoch: 8 | loss: 0.5500000
	 variance:  [0.83235496]
	 speed: 0.0322s/iter; left time: 38851.4738s
	 iters: 3700, epoch: 8 | loss: 0.8387011
	 variance:  [0.45815852]
	 speed: 0.0379s/iter; left time: 45735.6126s
	 iters: 3800, epoch: 8 | loss: 0.5282159
	 variance:  [0.8262004]
	 speed: 0.0317s/iter; left time: 38297.7676s
	 iters: 3900, epoch: 8 | loss: 0.7631833
	 variance:  [0.663614]
	 speed: 0.0352s/iter; left time: 42462.0429s
	 iters: 4000, epoch: 8 | loss: 0.8618500
	 variance:  [3.023825]
	 speed: 0.0301s/iter; left time: 36360.7769s
	 iters: 4100, epoch: 8 | loss: 0.6586550
	 variance:  [0.3867456]
	 speed: 0.0310s/iter; left time: 37444.9808s
	 iters: 4200, epoch: 8 | loss: 0.5749639
	 variance:  [0.62965673]
	 speed: 0.0310s/iter; left time: 37410.2231s
	 iters: 4300, epoch: 8 | loss: 0.7453618
	 variance:  [0.630573]
	 speed: 0.0314s/iter; left time: 37949.9683s
	 iters: 4400, epoch: 8 | loss: 0.4029430
	 variance:  [0.7519685]
	 speed: 0.0371s/iter; left time: 44818.7781s
	 iters: 4500, epoch: 8 | loss: 0.5216185
	 variance:  [0.72394615]
	 speed: 0.0359s/iter; left time: 43298.6104s
	 iters: 4600, epoch: 8 | loss: 0.5344734
	 variance:  [1.443386]
	 speed: 0.0373s/iter; left time: 45008.6186s
	 iters: 4700, epoch: 8 | loss: 0.7733222
	 variance:  [2.7313616]
	 speed: 0.0369s/iter; left time: 44481.7557s
	 iters: 4800, epoch: 8 | loss: 0.5831259
	 variance:  [1.5262948]
	 speed: 0.0339s/iter; left time: 40940.0357s
	 iters: 4900, epoch: 8 | loss: 0.9331815
	 variance:  [0.4384489]
	 speed: 0.0383s/iter; left time: 46250.7361s
	 iters: 5000, epoch: 8 | loss: 0.4889063
	 variance:  [1.5344489]
	 speed: 0.0381s/iter; left time: 45997.4464s
	 iters: 5100, epoch: 8 | loss: 0.2788821
	 variance:  [0.64733315]
	 speed: 0.0364s/iter; left time: 43885.8013s
	 iters: 5200, epoch: 8 | loss: 0.6246222
	 variance:  [0.3689008]
	 speed: 0.0342s/iter; left time: 41305.8421s
	 iters: 5300, epoch: 8 | loss: 1.7868357
	 variance:  [0.94438267]
	 speed: 0.0372s/iter; left time: 44892.5030s
	 iters: 5400, epoch: 8 | loss: 0.6005199
	 variance:  [2.1257875]
	 speed: 0.0375s/iter; left time: 45248.7121s
	 iters: 5500, epoch: 8 | loss: 1.0884128
	 variance:  [1.5897005]
	 speed: 0.0338s/iter; left time: 40781.1367s
	 iters: 5600, epoch: 8 | loss: 0.8938884
	 variance:  [1.3080417]
	 speed: 0.0350s/iter; left time: 42193.1884s
	 iters: 5700, epoch: 8 | loss: 0.5308950
	 variance:  [0.5728888]
	 speed: 0.0329s/iter; left time: 39718.3781s
	 iters: 5800, epoch: 8 | loss: 0.8625193
	 variance:  [1.8764439]
	 speed: 0.0328s/iter; left time: 39558.1431s
	 iters: 5900, epoch: 8 | loss: 0.5677807
	 variance:  [2.115709]
	 speed: 0.0287s/iter; left time: 34588.4725s
	 iters: 6000, epoch: 8 | loss: 0.6182896
	 variance:  [0.50905967]
	 speed: 0.0350s/iter; left time: 42128.9889s
	 iters: 6100, epoch: 8 | loss: 0.4628977
	 variance:  [1.1891047]
	 speed: 0.0367s/iter; left time: 44196.2424s
	 iters: 6200, epoch: 8 | loss: 0.5807858
	 variance:  [0.70602584]
	 speed: 0.0364s/iter; left time: 43898.6961s
	 iters: 6300, epoch: 8 | loss: 0.5725080
	 variance:  [0.40531015]
	 speed: 0.0377s/iter; left time: 45466.7133s
	 iters: 6400, epoch: 8 | loss: 0.8066019
	 variance:  [4.237653]
	 speed: 0.0369s/iter; left time: 44495.1399s
	 iters: 6500, epoch: 8 | loss: 0.6333224
	 variance:  [1.2909353]
	 speed: 0.0351s/iter; left time: 42314.7062s
	 iters: 6600, epoch: 8 | loss: 0.4141530
	 variance:  [0.52513325]
	 speed: 0.0318s/iter; left time: 38259.6910s
	 iters: 6700, epoch: 8 | loss: 0.5227149
	 variance:  [1.259546]
	 speed: 0.0332s/iter; left time: 39983.2188s
	 iters: 6800, epoch: 8 | loss: 0.8363675
	 variance:  [0.49777007]
	 speed: 0.0375s/iter; left time: 45188.3538s
	 iters: 6900, epoch: 8 | loss: 0.6023854
	 variance:  [0.7307939]
	 speed: 0.0363s/iter; left time: 43688.2298s
	 iters: 7000, epoch: 8 | loss: 0.5050397
	 variance:  [0.40092227]
	 speed: 0.0317s/iter; left time: 38166.9592s
	 iters: 7100, epoch: 8 | loss: 0.6087068
	 variance:  [0.6949156]
	 speed: 0.0321s/iter; left time: 38703.6266s
	 iters: 7200, epoch: 8 | loss: 0.6240327
	 variance:  [0.4756455]
	 speed: 0.0328s/iter; left time: 39513.9846s
	 iters: 7300, epoch: 8 | loss: 0.9119077
	 variance:  [1.0620656]
	 speed: 0.0325s/iter; left time: 39081.4261s
	 iters: 7400, epoch: 8 | loss: 0.5301649
	 variance:  [0.9095657]
	 speed: 0.0293s/iter; left time: 35327.5068s
	 iters: 7500, epoch: 8 | loss: 0.5244377
	 variance:  [1.2481295]
	 speed: 0.0330s/iter; left time: 39713.3642s
	 iters: 7600, epoch: 8 | loss: 0.7874008
	 variance:  [1.0220155]
	 speed: 0.0312s/iter; left time: 37527.0318s
	 iters: 7700, epoch: 8 | loss: 0.4744485
	 variance:  [1.6831344]
	 speed: 0.0311s/iter; left time: 37381.2856s
	 iters: 7800, epoch: 8 | loss: 0.9609911
	 variance:  [0.937144]
	 speed: 0.0338s/iter; left time: 40717.2493s
	 iters: 7900, epoch: 8 | loss: 0.7414142
	 variance:  [1.022056]
	 speed: 0.0337s/iter; left time: 40547.5066s
	 iters: 8000, epoch: 8 | loss: 0.5874721
	 variance:  [0.8220962]
	 speed: 0.0366s/iter; left time: 44051.9670s
	 iters: 8100, epoch: 8 | loss: 0.7841088
	 variance:  [0.6455316]
	 speed: 0.0333s/iter; left time: 40100.7659s
	 iters: 8200, epoch: 8 | loss: 0.6934184
	 variance:  [2.7711926]
	 speed: 0.0327s/iter; left time: 39321.3805s
	 iters: 8300, epoch: 8 | loss: 0.4854170
	 variance:  [2.4994626]
	 speed: 0.0365s/iter; left time: 43928.1628s
	 iters: 8400, epoch: 8 | loss: 0.5021565
	 variance:  [0.86261606]
	 speed: 0.0361s/iter; left time: 43421.8743s
Validation loss descreased: 0.6500769385174251 -> 0.644427063820608
Epoch: 8 Time: 298.8964717388153 Steps: 8471
Train Loss: 0.6750921 | Val Loss: 0.6444271 | Test Loss: 0.5281879
Test Loss (15 mins): 0.0430091 | (30 mins): 0.0634362 | (45 mins): 0.0837640 | (60 mins): 0.0997730
	 iters: 100, epoch: 9 | loss: 0.9439588
	 variance:  [1.0107719]
	 speed: 0.0359s/iter; left time: 43193.2547s
	 iters: 200, epoch: 9 | loss: 0.6749751
	 variance:  [0.5570336]
	 speed: 0.0339s/iter; left time: 40812.2859s
	 iters: 300, epoch: 9 | loss: 0.4663868
	 variance:  [1.0151371]
	 speed: 0.0332s/iter; left time: 39880.8146s
	 iters: 400, epoch: 9 | loss: 1.2772815
	 variance:  [1.0920173]
	 speed: 0.0348s/iter; left time: 41845.0296s
	 iters: 500, epoch: 9 | loss: 1.0303115
	 variance:  [0.73421305]
	 speed: 0.0346s/iter; left time: 41654.7782s
	 iters: 600, epoch: 9 | loss: 0.7536556
	 variance:  [1.328749]
	 speed: 0.0343s/iter; left time: 41213.0283s
	 iters: 700, epoch: 9 | loss: 0.5848180
	 variance:  [1.2805083]
	 speed: 0.0346s/iter; left time: 41564.7662s
	 iters: 800, epoch: 9 | loss: 0.7928483
	 variance:  [6.2795315]
	 speed: 0.0353s/iter; left time: 42394.8358s
	 iters: 900, epoch: 9 | loss: 0.4544209
	 variance:  [0.83172876]
	 speed: 0.0334s/iter; left time: 40140.1586s
	 iters: 1000, epoch: 9 | loss: 0.5280299
	 variance:  [0.33417124]
	 speed: 0.0371s/iter; left time: 44581.9338s
	 iters: 1100, epoch: 9 | loss: 0.4206432
	 variance:  [0.63428295]
	 speed: 0.0362s/iter; left time: 43505.6349s
	 iters: 1200, epoch: 9 | loss: 0.4319325
	 variance:  [0.9459886]
	 speed: 0.0360s/iter; left time: 43207.2055s
	 iters: 1300, epoch: 9 | loss: 1.4241413
	 variance:  [3.748899]
	 speed: 0.0375s/iter; left time: 45065.1379s
	 iters: 1400, epoch: 9 | loss: 0.2949040
	 variance:  [0.5418852]
	 speed: 0.0358s/iter; left time: 43007.2067s
	 iters: 1500, epoch: 9 | loss: 0.5713594
	 variance:  [4.165352]
	 speed: 0.0314s/iter; left time: 37779.0583s
	 iters: 1600, epoch: 9 | loss: 0.4164485
	 variance:  [0.46643955]
	 speed: 0.0377s/iter; left time: 45347.6410s
	 iters: 1700, epoch: 9 | loss: 0.8498235
	 variance:  [0.62893766]
	 speed: 0.0315s/iter; left time: 37864.4893s
	 iters: 1800, epoch: 9 | loss: 0.7917983
	 variance:  [0.93581647]
	 speed: 0.0339s/iter; left time: 40769.4883s
	 iters: 1900, epoch: 9 | loss: 0.6972543
	 variance:  [2.0521567]
	 speed: 0.0317s/iter; left time: 38012.4115s
	 iters: 2000, epoch: 9 | loss: 0.5821817
	 variance:  [1.6502749]
	 speed: 0.0311s/iter; left time: 37372.6183s
	 iters: 2100, epoch: 9 | loss: 0.3696157
	 variance:  [3.2894816]
	 speed: 0.0365s/iter; left time: 43845.0995s
	 iters: 2200, epoch: 9 | loss: 0.7728319
	 variance:  [1.4320046]
	 speed: 0.0352s/iter; left time: 42297.2252s
	 iters: 2300, epoch: 9 | loss: 0.5417496
	 variance:  [7.0160036]
	 speed: 0.0341s/iter; left time: 40911.2772s
	 iters: 2400, epoch: 9 | loss: 0.7970275
	 variance:  [1.3925453]
	 speed: 0.0327s/iter; left time: 39282.8557s
	 iters: 2500, epoch: 9 | loss: 0.8647304
	 variance:  [1.068574]
	 speed: 0.0312s/iter; left time: 37498.3230s
	 iters: 2600, epoch: 9 | loss: 0.9369400
	 variance:  [2.71527]
	 speed: 0.0311s/iter; left time: 37343.2716s
	 iters: 2700, epoch: 9 | loss: 0.8667759
	 variance:  [0.4825179]
	 speed: 0.0343s/iter; left time: 41142.5333s
	 iters: 2800, epoch: 9 | loss: 0.3691131
	 variance:  [2.7118874]
	 speed: 0.0320s/iter; left time: 38374.8455s
	 iters: 2900, epoch: 9 | loss: 0.5190938
	 variance:  [1.5332402]
	 speed: 0.0280s/iter; left time: 33554.7262s
	 iters: 3000, epoch: 9 | loss: 0.4802434
	 variance:  [1.3254384]
	 speed: 0.0332s/iter; left time: 39837.7798s
	 iters: 3100, epoch: 9 | loss: 0.4384198
	 variance:  [0.59595835]
	 speed: 0.0345s/iter; left time: 41416.9199s
	 iters: 3200, epoch: 9 | loss: 0.5683508
	 variance:  [1.2940059]
	 speed: 0.0361s/iter; left time: 43249.4162s
	 iters: 3300, epoch: 9 | loss: 0.9659222
	 variance:  [4.4268475]
	 speed: 0.0404s/iter; left time: 48444.0964s
	 iters: 3400, epoch: 9 | loss: 1.2874836
	 variance:  [1.5342689]
	 speed: 0.0319s/iter; left time: 38252.5068s
	 iters: 3500, epoch: 9 | loss: 0.7313096
	 variance:  [8.159453]
	 speed: 0.0281s/iter; left time: 33718.4292s
	 iters: 3600, epoch: 9 | loss: 0.9657418
	 variance:  [0.5553452]
	 speed: 0.0307s/iter; left time: 36799.3875s
	 iters: 3700, epoch: 9 | loss: 0.7385411
	 variance:  [0.5268855]
	 speed: 0.0308s/iter; left time: 36898.2222s
	 iters: 3800, epoch: 9 | loss: 0.6523345
	 variance:  [0.37478065]
	 speed: 0.0340s/iter; left time: 40724.0852s
	 iters: 3900, epoch: 9 | loss: 0.7910682
	 variance:  [0.3232325]
	 speed: 0.0371s/iter; left time: 44432.5559s
	 iters: 4000, epoch: 9 | loss: 0.3870612
	 variance:  [2.4411287]
	 speed: 0.0318s/iter; left time: 38087.5102s
	 iters: 4100, epoch: 9 | loss: 0.7058298
	 variance:  [1.7585958]
	 speed: 0.0325s/iter; left time: 38954.6855s
	 iters: 4200, epoch: 9 | loss: 1.0830865
	 variance:  [9.04191]
	 speed: 0.0337s/iter; left time: 40427.3668s
	 iters: 4300, epoch: 9 | loss: 0.9511065
	 variance:  [1.5357286]
	 speed: 0.0309s/iter; left time: 36987.9538s
	 iters: 4400, epoch: 9 | loss: 0.8237028
	 variance:  [0.66384625]
	 speed: 0.0335s/iter; left time: 40138.8470s
	 iters: 4500, epoch: 9 | loss: 0.9567329
	 variance:  [1.3752661]
	 speed: 0.0377s/iter; left time: 45167.1416s
	 iters: 4600, epoch: 9 | loss: 0.5996994
	 variance:  [1.6815754]
	 speed: 0.0358s/iter; left time: 42845.6344s
	 iters: 4700, epoch: 9 | loss: 0.6219471
	 variance:  [2.4664977]
	 speed: 0.0369s/iter; left time: 44161.8558s
	 iters: 4800, epoch: 9 | loss: 0.6076974
	 variance:  [0.6370633]
	 speed: 0.0353s/iter; left time: 42297.6626s
	 iters: 4900, epoch: 9 | loss: 0.5730279
	 variance:  [5.435153]
	 speed: 0.0357s/iter; left time: 42722.1329s
	 iters: 5000, epoch: 9 | loss: 0.5170834
	 variance:  [1.7843162]
	 speed: 0.0308s/iter; left time: 36887.4071s
	 iters: 5100, epoch: 9 | loss: 0.7182901
	 variance:  [5.874055]
	 speed: 0.0324s/iter; left time: 38783.5928s
	 iters: 5200, epoch: 9 | loss: 0.5287339
	 variance:  [0.2804529]
	 speed: 0.0334s/iter; left time: 40020.0211s
	 iters: 5300, epoch: 9 | loss: 0.5303844
	 variance:  [5.5054297]
	 speed: 0.0358s/iter; left time: 42814.7892s
	 iters: 5400, epoch: 9 | loss: 0.5846577
	 variance:  [1.3266448]
	 speed: 0.0359s/iter; left time: 42957.1342s
	 iters: 5500, epoch: 9 | loss: 0.3968592
	 variance:  [1.1125603]
	 speed: 0.0378s/iter; left time: 45202.6339s
	 iters: 5600, epoch: 9 | loss: 0.5209507
	 variance:  [0.3459624]
	 speed: 0.0353s/iter; left time: 42319.9930s
	 iters: 5700, epoch: 9 | loss: 1.0161406
	 variance:  [0.70546144]
	 speed: 0.0348s/iter; left time: 41625.0739s
	 iters: 5800, epoch: 9 | loss: 0.9307537
	 variance:  [1.0806464]
	 speed: 0.0310s/iter; left time: 37167.7777s
	 iters: 5900, epoch: 9 | loss: 1.4553931
	 variance:  [2.1145113]
	 speed: 0.0360s/iter; left time: 43072.6829s
	 iters: 6000, epoch: 9 | loss: 0.5886204
	 variance:  [1.1665441]
	 speed: 0.0374s/iter; left time: 44722.5951s
	 iters: 6100, epoch: 9 | loss: 0.5997291
	 variance:  [2.050634]
	 speed: 0.0294s/iter; left time: 35190.3429s
	 iters: 6200, epoch: 9 | loss: 0.7392880
	 variance:  [5.163385]
	 speed: 0.0311s/iter; left time: 37162.6137s
	 iters: 6300, epoch: 9 | loss: 0.3181848
	 variance:  [1.0368685]
	 speed: 0.0356s/iter; left time: 42570.5728s
	 iters: 6400, epoch: 9 | loss: 0.3684925
	 variance:  [2.0163121]
	 speed: 0.0350s/iter; left time: 41907.8162s
	 iters: 6500, epoch: 9 | loss: 0.8713481
	 variance:  [0.9494371]
	 speed: 0.0290s/iter; left time: 34717.7676s
	 iters: 6600, epoch: 9 | loss: 0.8144758
	 variance:  [3.3338466]
	 speed: 0.0299s/iter; left time: 35805.5720s
	 iters: 6700, epoch: 9 | loss: 1.3340838
	 variance:  [4.4163365]
	 speed: 0.0347s/iter; left time: 41537.8036s
	 iters: 6800, epoch: 9 | loss: 0.8064502
	 variance:  [0.898994]
	 speed: 0.0306s/iter; left time: 36642.2072s
	 iters: 6900, epoch: 9 | loss: 0.7684572
	 variance:  [1.2450554]
	 speed: 0.0379s/iter; left time: 45375.5854s
	 iters: 7000, epoch: 9 | loss: 0.7512128
	 variance:  [0.7793816]
	 speed: 0.0362s/iter; left time: 43311.8825s
	 iters: 7100, epoch: 9 | loss: 0.4905477
	 variance:  [0.4273562]
	 speed: 0.0345s/iter; left time: 41201.0841s
	 iters: 7200, epoch: 9 | loss: 0.2873043
	 variance:  [1.9100859]
	 speed: 0.0347s/iter; left time: 41470.7328s
	 iters: 7300, epoch: 9 | loss: 0.5176440
	 variance:  [2.2451735]
	 speed: 0.0302s/iter; left time: 36090.3443s
	 iters: 7400, epoch: 9 | loss: 2.1138287
	 variance:  [1.6033297]
	 speed: 0.0346s/iter; left time: 41315.1924s
	 iters: 7500, epoch: 9 | loss: 0.9834778
	 variance:  [1.4646655]
	 speed: 0.0362s/iter; left time: 43232.8519s
	 iters: 7600, epoch: 9 | loss: 0.9083147
	 variance:  [0.66062164]
	 speed: 0.0376s/iter; left time: 45001.6567s
	 iters: 7700, epoch: 9 | loss: 1.0284019
	 variance:  [1.2576092]
	 speed: 0.0374s/iter; left time: 44680.3449s
	 iters: 7800, epoch: 9 | loss: 0.6969469
	 variance:  [0.43177193]
	 speed: 0.0367s/iter; left time: 43910.3472s
	 iters: 7900, epoch: 9 | loss: 1.2925649
	 variance:  [0.45477024]
	 speed: 0.0376s/iter; left time: 44877.2257s
	 iters: 8000, epoch: 9 | loss: 0.7501855
	 variance:  [3.8400621]
	 speed: 0.0374s/iter; left time: 44742.4414s
	 iters: 8100, epoch: 9 | loss: 0.8616554
	 variance:  [0.6689555]
	 speed: 0.0282s/iter; left time: 33705.6956s
	 iters: 8200, epoch: 9 | loss: 0.3602661
	 variance:  [0.40748268]
	 speed: 0.0314s/iter; left time: 37530.3853s
	 iters: 8300, epoch: 9 | loss: 0.6338548
	 variance:  [0.50312686]
	 speed: 0.0365s/iter; left time: 43659.5077s
	 iters: 8400, epoch: 9 | loss: 0.3720822
	 variance:  [1.8702097]
	 speed: 0.0357s/iter; left time: 42609.7365s
Validation loss did not decrease 1 / 20
Epoch: 9 Time: 298.80939173698425 Steps: 8471
Train Loss: 0.6726666 | Val Loss: 0.6492302 | Test Loss: 0.5555846
Test Loss (15 mins): 0.0452384 | (30 mins): 0.0652995 | (45 mins): 0.0850201 | (60 mins): 0.1021073
	 iters: 100, epoch: 10 | loss: 0.8113162
	 variance:  [1.0177789]
	 speed: 0.0337s/iter; left time: 40227.2845s
	 iters: 200, epoch: 10 | loss: 0.5639800
	 variance:  [0.8977546]
	 speed: 0.0350s/iter; left time: 41797.0157s
	 iters: 300, epoch: 10 | loss: 0.4352894
	 variance:  [0.518734]
	 speed: 0.0289s/iter; left time: 34512.3092s
	 iters: 400, epoch: 10 | loss: 0.4599844
	 variance:  [0.9249527]
	 speed: 0.0299s/iter; left time: 35745.3739s
	 iters: 500, epoch: 10 | loss: 0.4680864
	 variance:  [4.929742]
	 speed: 0.0365s/iter; left time: 43607.7999s
	 iters: 600, epoch: 10 | loss: 0.9905497
	 variance:  [0.44583288]
	 speed: 0.0343s/iter; left time: 40980.8545s
	 iters: 700, epoch: 10 | loss: 0.5223127
	 variance:  [3.7547727]
	 speed: 0.0347s/iter; left time: 41379.2187s
	 iters: 800, epoch: 10 | loss: 1.0424006
	 variance:  [0.7605057]
	 speed: 0.0376s/iter; left time: 44926.0552s
	 iters: 900, epoch: 10 | loss: 0.5540296
	 variance:  [1.6552638]
	 speed: 0.0366s/iter; left time: 43623.9503s
	 iters: 1000, epoch: 10 | loss: 0.4945671
	 variance:  [2.9534624]
	 speed: 0.0299s/iter; left time: 35624.7269s
	 iters: 1100, epoch: 10 | loss: 0.5160557
	 variance:  [0.39249748]
	 speed: 0.0307s/iter; left time: 36585.7650s
	 iters: 1200, epoch: 10 | loss: 0.7742231
	 variance:  [0.51921254]
	 speed: 0.0287s/iter; left time: 34232.9730s
	 iters: 1300, epoch: 10 | loss: 1.2619116
	 variance:  [4.0197105]
	 speed: 0.0377s/iter; left time: 44990.1275s
	 iters: 1400, epoch: 10 | loss: 0.9230546
	 variance:  [3.8856175]
	 speed: 0.0301s/iter; left time: 35921.3685s
	 iters: 1500, epoch: 10 | loss: 0.5509115
	 variance:  [1.4084672]
	 speed: 0.0331s/iter; left time: 39481.9679s
	 iters: 1600, epoch: 10 | loss: 0.4021797
	 variance:  [2.706543]
	 speed: 0.0349s/iter; left time: 41650.5079s
	 iters: 1700, epoch: 10 | loss: 0.3172618
	 variance:  [0.95695764]
	 speed: 0.0340s/iter; left time: 40515.2929s
	 iters: 1800, epoch: 10 | loss: 1.2255270
	 variance:  [0.49610582]
	 speed: 0.0313s/iter; left time: 37312.9249s
	 iters: 1900, epoch: 10 | loss: 0.6406767
	 variance:  [2.2786553]
	 speed: 0.0359s/iter; left time: 42799.4716s
	 iters: 2000, epoch: 10 | loss: 0.9608749
	 variance:  [0.90785885]
	 speed: 0.0345s/iter; left time: 41086.0041s
	 iters: 2100, epoch: 10 | loss: 0.5625532
	 variance:  [0.59526914]
	 speed: 0.0298s/iter; left time: 35548.7357s
	 iters: 2200, epoch: 10 | loss: 0.6660352
	 variance:  [4.0016117]
	 speed: 0.0373s/iter; left time: 44468.9081s
	 iters: 2300, epoch: 10 | loss: 0.7545675
	 variance:  [0.52843696]
	 speed: 0.0353s/iter; left time: 42051.2012s
	 iters: 2400, epoch: 10 | loss: 0.2770352
	 variance:  [0.46879387]
	 speed: 0.0377s/iter; left time: 44939.7360s
	 iters: 2500, epoch: 10 | loss: 0.9738120
	 variance:  [1.0705687]
	 speed: 0.0374s/iter; left time: 44561.0609s
	 iters: 2600, epoch: 10 | loss: 0.4932892
	 variance:  [1.1477526]
	 speed: 0.0350s/iter; left time: 41682.9392s
	 iters: 2700, epoch: 10 | loss: 0.6820053
	 variance:  [0.76032037]
	 speed: 0.0347s/iter; left time: 41378.0150s
	 iters: 2800, epoch: 10 | loss: 0.4397907
	 variance:  [26.383495]
	 speed: 0.0296s/iter; left time: 35303.4783s
	 iters: 2900, epoch: 10 | loss: 0.6295120
	 variance:  [0.4499077]
	 speed: 0.0368s/iter; left time: 43830.1375s
	 iters: 3000, epoch: 10 | loss: 0.3654628
	 variance:  [0.48388404]
	 speed: 0.0330s/iter; left time: 39364.5240s
	 iters: 3100, epoch: 10 | loss: 0.7415559
	 variance:  [0.57559735]
	 speed: 0.0351s/iter; left time: 41779.0928s
	 iters: 3200, epoch: 10 | loss: 0.4506558
	 variance:  [1.5004604]
	 speed: 0.0357s/iter; left time: 42536.9605s
	 iters: 3300, epoch: 10 | loss: 0.4915083
	 variance:  [0.9760592]
	 speed: 0.0348s/iter; left time: 41434.5108s
	 iters: 3400, epoch: 10 | loss: 0.9265361
	 variance:  [1.7329122]
	 speed: 0.0339s/iter; left time: 40317.3093s
	 iters: 3500, epoch: 10 | loss: 0.7335894
	 variance:  [5.909069]
	 speed: 0.0374s/iter; left time: 44588.1991s
	 iters: 3600, epoch: 10 | loss: 0.6705501
	 variance:  [0.6462936]
	 speed: 0.0368s/iter; left time: 43880.1155s
	 iters: 3700, epoch: 10 | loss: 0.8599873
	 variance:  [2.1533616]
	 speed: 0.0379s/iter; left time: 45117.5827s
	 iters: 3800, epoch: 10 | loss: 1.1696979
	 variance:  [0.17697024]
	 speed: 0.0359s/iter; left time: 42752.9760s
	 iters: 3900, epoch: 10 | loss: 0.6563888
	 variance:  [2.5530355]
	 speed: 0.0365s/iter; left time: 43449.2896s
	 iters: 4000, epoch: 10 | loss: 1.2627480
	 variance:  [4.936444]
	 speed: 0.0364s/iter; left time: 43294.2864s
	 iters: 4100, epoch: 10 | loss: 0.5992378
	 variance:  [2.1869493]
	 speed: 0.0376s/iter; left time: 44794.5312s
	 iters: 4200, epoch: 10 | loss: 0.4768683
	 variance:  [0.7334331]
	 speed: 0.0379s/iter; left time: 45148.1802s
	 iters: 4300, epoch: 10 | loss: 0.5682708
	 variance:  [0.36602512]
	 speed: 0.0375s/iter; left time: 44609.3038s
	 iters: 4400, epoch: 10 | loss: 0.5973155
	 variance:  [2.0452435]
	 speed: 0.0307s/iter; left time: 36576.5216s
	 iters: 4500, epoch: 10 | loss: 1.5371561
	 variance:  [0.7556654]
	 speed: 0.0333s/iter; left time: 39646.2283s
	 iters: 4600, epoch: 10 | loss: 0.7342498
	 variance:  [5.639654]
	 speed: 0.0338s/iter; left time: 40223.6040s
	 iters: 4700, epoch: 10 | loss: 0.8569812
	 variance:  [0.9530755]
	 speed: 0.0334s/iter; left time: 39704.5571s
	 iters: 4800, epoch: 10 | loss: 0.9313690
	 variance:  [0.7460061]
	 speed: 0.0340s/iter; left time: 40394.7553s
	 iters: 4900, epoch: 10 | loss: 0.7301135
	 variance:  [0.41134977]
	 speed: 0.0352s/iter; left time: 41884.1741s
	 iters: 5000, epoch: 10 | loss: 0.4877265
	 variance:  [0.62016076]
	 speed: 0.0369s/iter; left time: 43884.1877s
	 iters: 5100, epoch: 10 | loss: 0.4352425
	 variance:  [0.5033208]
	 speed: 0.0378s/iter; left time: 44961.9451s
	 iters: 5200, epoch: 10 | loss: 0.7598724
	 variance:  [0.6446008]
	 speed: 0.0357s/iter; left time: 42470.1953s
	 iters: 5300, epoch: 10 | loss: 0.5488768
	 variance:  [0.7135979]
	 speed: 0.0343s/iter; left time: 40737.3115s
	 iters: 5400, epoch: 10 | loss: 0.8083770
	 variance:  [2.1920512]
	 speed: 0.0366s/iter; left time: 43472.3186s
	 iters: 5500, epoch: 10 | loss: 0.6906723
	 variance:  [0.41343197]
	 speed: 0.0349s/iter; left time: 41519.0334s
	 iters: 5600, epoch: 10 | loss: 0.7175013
	 variance:  [0.8372558]
	 speed: 0.0360s/iter; left time: 42836.7870s
	 iters: 5700, epoch: 10 | loss: 0.2615040
	 variance:  [1.0858197]
	 speed: 0.0302s/iter; left time: 35843.5253s
	 iters: 5800, epoch: 10 | loss: 0.2640507
	 variance:  [0.8282402]
	 speed: 0.0282s/iter; left time: 33526.2285s
	 iters: 5900, epoch: 10 | loss: 0.3613851
	 variance:  [1.0963955]
	 speed: 0.0356s/iter; left time: 42269.9133s
	 iters: 6000, epoch: 10 | loss: 0.9985034
	 variance:  [1.7178677]
	 speed: 0.0373s/iter; left time: 44314.1505s
	 iters: 6100, epoch: 10 | loss: 0.6085661
	 variance:  [0.5845324]
	 speed: 0.0320s/iter; left time: 38004.1834s
	 iters: 6200, epoch: 10 | loss: 0.5410488
	 variance:  [0.5001386]
	 speed: 0.0368s/iter; left time: 43703.6495s
	 iters: 6300, epoch: 10 | loss: 0.4783874
	 variance:  [0.5357623]
	 speed: 0.0334s/iter; left time: 39685.8461s
	 iters: 6400, epoch: 10 | loss: 0.4677532
	 variance:  [1.1937207]
	 speed: 0.0361s/iter; left time: 42922.3995s
	 iters: 6500, epoch: 10 | loss: 0.6384474
	 variance:  [0.40742478]
	 speed: 0.0354s/iter; left time: 42050.7391s
	 iters: 6600, epoch: 10 | loss: 0.4735432
	 variance:  [1.1223018]
	 speed: 0.0338s/iter; left time: 40182.0390s
	 iters: 6700, epoch: 10 | loss: 0.3957393
	 variance:  [1.5091474]
	 speed: 0.0379s/iter; left time: 45065.5754s
	 iters: 6800, epoch: 10 | loss: 0.5635937
	 variance:  [0.62697464]
	 speed: 0.0364s/iter; left time: 43209.6965s
	 iters: 6900, epoch: 10 | loss: 0.5205660
	 variance:  [1.3382986]
	 speed: 0.0324s/iter; left time: 38456.7706s
	 iters: 7000, epoch: 10 | loss: 0.5290915
	 variance:  [1.0853502]
	 speed: 0.0348s/iter; left time: 41364.2133s
	 iters: 7100, epoch: 10 | loss: 0.5146040
	 variance:  [0.8476966]
	 speed: 0.0326s/iter; left time: 38703.7979s
	 iters: 7200, epoch: 10 | loss: 0.4287899
	 variance:  [2.4603944]
	 speed: 0.0361s/iter; left time: 42870.9705s
	 iters: 7300, epoch: 10 | loss: 1.2357030
	 variance:  [1.0012587]
	 speed: 0.0345s/iter; left time: 40969.2358s
	 iters: 7400, epoch: 10 | loss: 0.5635917
	 variance:  [1.98646]
	 speed: 0.0346s/iter; left time: 41100.7529s
	 iters: 7500, epoch: 10 | loss: 0.6407555
	 variance:  [0.70849574]
	 speed: 0.0343s/iter; left time: 40699.8112s
	 iters: 7600, epoch: 10 | loss: 0.9744967
	 variance:  [1.3914846]
	 speed: 0.0340s/iter; left time: 40357.7210s
	 iters: 7700, epoch: 10 | loss: 0.5354998
	 variance:  [0.45218182]
	 speed: 0.0369s/iter; left time: 43752.2441s
	 iters: 7800, epoch: 10 | loss: 0.8921830
	 variance:  [1.5582712]
	 speed: 0.0353s/iter; left time: 41924.0119s
	 iters: 7900, epoch: 10 | loss: 0.9552239
	 variance:  [1.0472661]
	 speed: 0.0306s/iter; left time: 36265.2296s
	 iters: 8000, epoch: 10 | loss: 0.8413619
	 variance:  [1.3717809]
	 speed: 0.0349s/iter; left time: 41387.5399s
	 iters: 8100, epoch: 10 | loss: 0.4049743
	 variance:  [0.2587413]
	 speed: 0.0338s/iter; left time: 40125.6054s
	 iters: 8200, epoch: 10 | loss: 0.2477839
	 variance:  [1.3937874]
	 speed: 0.0366s/iter; left time: 43434.3088s
	 iters: 8300, epoch: 10 | loss: 0.6124420
	 variance:  [1.6651182]
	 speed: 0.0366s/iter; left time: 43456.3218s
	 iters: 8400, epoch: 10 | loss: 0.5640320
	 variance:  [0.6599917]
	 speed: 0.0372s/iter; left time: 44103.7156s
Validation loss did not decrease 2 / 20
Epoch: 10 Time: 303.26681208610535 Steps: 8471
Train Loss: 0.6700759 | Val Loss: 0.6508300 | Test Loss: 0.5394165
Test Loss (15 mins): 0.0465886 | (30 mins): 0.0684089 | (45 mins): 0.0864553 | (60 mins): 0.1033168
	 iters: 100, epoch: 11 | loss: 0.4948506
	 variance:  [0.7648196]
	 speed: 0.0354s/iter; left time: 41953.7779s
	 iters: 200, epoch: 11 | loss: 0.4067061
	 variance:  [2.119415]
	 speed: 0.0363s/iter; left time: 43015.1471s
	 iters: 300, epoch: 11 | loss: 0.8311528
	 variance:  [0.69472426]
	 speed: 0.0325s/iter; left time: 38571.6213s
	 iters: 400, epoch: 11 | loss: 0.5721263
	 variance:  [2.2878926]
	 speed: 0.0332s/iter; left time: 39399.3653s
	 iters: 500, epoch: 11 | loss: 0.9051900
	 variance:  [2.0636322]
	 speed: 0.0376s/iter; left time: 44555.8582s
	 iters: 600, epoch: 11 | loss: 0.5566779
	 variance:  [2.1947749]
	 speed: 0.0354s/iter; left time: 41977.8606s
	 iters: 700, epoch: 11 | loss: 0.8732986
	 variance:  [2.6006196]
	 speed: 0.0369s/iter; left time: 43678.5152s
	 iters: 800, epoch: 11 | loss: 0.4759136
	 variance:  [1.1563666]
	 speed: 0.0368s/iter; left time: 43661.1258s
	 iters: 900, epoch: 11 | loss: 0.8890858
	 variance:  [0.58113843]
	 speed: 0.0271s/iter; left time: 32091.1667s
	 iters: 1000, epoch: 11 | loss: 0.7592914
	 variance:  [0.60955864]
	 speed: 0.0319s/iter; left time: 37779.5659s
	 iters: 1100, epoch: 11 | loss: 0.3979224
	 variance:  [1.3347318]
	 speed: 0.0285s/iter; left time: 33712.6364s
	 iters: 1200, epoch: 11 | loss: 0.7291009
	 variance:  [1.5118631]
	 speed: 0.0375s/iter; left time: 44382.2147s
	 iters: 1300, epoch: 11 | loss: 0.5874659
	 variance:  [0.642205]
	 speed: 0.0376s/iter; left time: 44577.4846s
	 iters: 1400, epoch: 11 | loss: 0.8803623
	 variance:  [2.4849687]
	 speed: 0.0343s/iter; left time: 40638.6730s
	 iters: 1500, epoch: 11 | loss: 1.1531661
	 variance:  [3.4729695]
	 speed: 0.0329s/iter; left time: 38989.9995s
	 iters: 1600, epoch: 11 | loss: 0.2956263
	 variance:  [1.1157296]
	 speed: 0.0311s/iter; left time: 36821.4126s
	 iters: 1700, epoch: 11 | loss: 0.5396218
	 variance:  [0.7652723]
	 speed: 0.0331s/iter; left time: 39232.2381s
	 iters: 1800, epoch: 11 | loss: 0.8612658
	 variance:  [0.58162236]
	 speed: 0.0365s/iter; left time: 43253.1883s
	 iters: 1900, epoch: 11 | loss: 0.4684307
	 variance:  [0.46449155]
	 speed: 0.0306s/iter; left time: 36173.9947s
	 iters: 2000, epoch: 11 | loss: 0.4575156
	 variance:  [0.20986696]
	 speed: 0.0294s/iter; left time: 34776.0595s
	 iters: 2100, epoch: 11 | loss: 0.5277208
	 variance:  [0.7972418]
	 speed: 0.0356s/iter; left time: 42152.3371s
	 iters: 2200, epoch: 11 | loss: 0.3682352
	 variance:  [0.53695333]
	 speed: 0.0354s/iter; left time: 41853.7263s
	 iters: 2300, epoch: 11 | loss: 0.5502478
	 variance:  [0.95729655]
	 speed: 0.0354s/iter; left time: 41872.8796s
	 iters: 2400, epoch: 11 | loss: 0.5017148
	 variance:  [2.0557582]
	 speed: 0.0361s/iter; left time: 42680.2317s
	 iters: 2500, epoch: 11 | loss: 0.4769971
	 variance:  [7.032553]
	 speed: 0.0312s/iter; left time: 36974.4532s
	 iters: 2600, epoch: 11 | loss: 0.4980853
	 variance:  [1.6285976]
	 speed: 0.0358s/iter; left time: 42417.1496s
	 iters: 2700, epoch: 11 | loss: 1.1115069
	 variance:  [1.6130266]
	 speed: 0.0352s/iter; left time: 41652.1931s
	 iters: 2800, epoch: 11 | loss: 0.4373817
	 variance:  [1.3031156]
	 speed: 0.0338s/iter; left time: 39959.4342s
	 iters: 2900, epoch: 11 | loss: 0.3681543
	 variance:  [0.6675304]
	 speed: 0.0307s/iter; left time: 36276.2565s
	 iters: 3000, epoch: 11 | loss: 1.1114368
	 variance:  [0.5990475]
	 speed: 0.0357s/iter; left time: 42273.8199s
	 iters: 3100, epoch: 11 | loss: 0.8315430
	 variance:  [1.1198463]
	 speed: 0.0301s/iter; left time: 35642.3385s
	 iters: 3200, epoch: 11 | loss: 1.0499227
	 variance:  [0.56841]
	 speed: 0.0338s/iter; left time: 39960.8305s
	 iters: 3300, epoch: 11 | loss: 0.7255515
	 variance:  [0.54826224]
	 speed: 0.0350s/iter; left time: 41350.0108s
	 iters: 3400, epoch: 11 | loss: 0.5385243
	 variance:  [1.4252303]
	 speed: 0.0332s/iter; left time: 39306.7028s
	 iters: 3500, epoch: 11 | loss: 0.6284534
	 variance:  [1.160174]
	 speed: 0.0277s/iter; left time: 32742.2063s
	 iters: 3600, epoch: 11 | loss: 0.5355901
	 variance:  [1.9466602]
	 speed: 0.0330s/iter; left time: 38991.6059s
	 iters: 3700, epoch: 11 | loss: 0.6831867
	 variance:  [0.69437873]
	 speed: 0.0359s/iter; left time: 42418.2750s
	 iters: 3800, epoch: 11 | loss: 0.6799055
	 variance:  [1.6770438]
	 speed: 0.0326s/iter; left time: 38593.6524s
	 iters: 3900, epoch: 11 | loss: 0.4747682
	 variance:  [12.673242]
	 speed: 0.0356s/iter; left time: 42110.7658s
	 iters: 4000, epoch: 11 | loss: 1.3480475
	 variance:  [0.67354304]
	 speed: 0.0334s/iter; left time: 39531.7787s
	 iters: 4100, epoch: 11 | loss: 0.5784755
	 variance:  [0.4844782]
	 speed: 0.0297s/iter; left time: 35134.4147s
	 iters: 4200, epoch: 11 | loss: 0.6676795
	 variance:  [7.967025]
	 speed: 0.0306s/iter; left time: 36163.3363s
	 iters: 4300, epoch: 11 | loss: 0.3548039
	 variance:  [1.7669876]
	 speed: 0.0361s/iter; left time: 42624.5278s
	 iters: 4400, epoch: 11 | loss: 0.4581857
	 variance:  [1.0105461]
	 speed: 0.0290s/iter; left time: 34318.5909s
	 iters: 4500, epoch: 11 | loss: 0.6331090
	 variance:  [3.4094372]
	 speed: 0.0366s/iter; left time: 43210.8331s
	 iters: 4600, epoch: 11 | loss: 0.8524590
	 variance:  [2.6915312]
	 speed: 0.0336s/iter; left time: 39716.8674s
	 iters: 4700, epoch: 11 | loss: 0.4325606
	 variance:  [0.27379254]
	 speed: 0.0329s/iter; left time: 38835.8906s
	 iters: 4800, epoch: 11 | loss: 0.8854613
	 variance:  [1.3428372]
	 speed: 0.0370s/iter; left time: 43681.0633s
	 iters: 4900, epoch: 11 | loss: 1.0990310
	 variance:  [2.7835293]
	 speed: 0.0376s/iter; left time: 44356.4623s
	 iters: 5000, epoch: 11 | loss: 1.1472638
	 variance:  [0.24048291]
	 speed: 0.0372s/iter; left time: 43873.9844s
	 iters: 5100, epoch: 11 | loss: 0.4579698
	 variance:  [2.9183898]
	 speed: 0.0338s/iter; left time: 39952.8527s
	 iters: 5200, epoch: 11 | loss: 0.6912316
	 variance:  [0.6000936]
	 speed: 0.0374s/iter; left time: 44135.5740s
	 iters: 5300, epoch: 11 | loss: 0.6466406
	 variance:  [0.5220211]
	 speed: 0.0353s/iter; left time: 41698.0960s
	 iters: 5400, epoch: 11 | loss: 0.4985420
	 variance:  [0.84039694]
	 speed: 0.0377s/iter; left time: 44456.0052s
	 iters: 5500, epoch: 11 | loss: 0.5255110
	 variance:  [0.31682435]
	 speed: 0.0308s/iter; left time: 36395.4805s
	 iters: 5600, epoch: 11 | loss: 0.5194838
	 variance:  [0.99532175]
	 speed: 0.0355s/iter; left time: 41905.6311s
	 iters: 5700, epoch: 11 | loss: 0.5627303
	 variance:  [1.5939974]
	 speed: 0.0365s/iter; left time: 43102.1897s
	 iters: 5800, epoch: 11 | loss: 0.7279725
	 variance:  [3.0555727]
	 speed: 0.0377s/iter; left time: 44496.8472s
	 iters: 5900, epoch: 11 | loss: 0.4491004
	 variance:  [1.773683]
	 speed: 0.0373s/iter; left time: 43977.0642s
	 iters: 6000, epoch: 11 | loss: 0.5009806
	 variance:  [0.88756806]
	 speed: 0.0359s/iter; left time: 42342.3012s
	 iters: 6100, epoch: 11 | loss: 0.6626329
	 variance:  [3.111903]
	 speed: 0.0345s/iter; left time: 40661.6540s
	 iters: 6200, epoch: 11 | loss: 1.0080936
	 variance:  [1.9071414]
	 speed: 0.0353s/iter; left time: 41633.7777s
	 iters: 6300, epoch: 11 | loss: 0.4322761
	 variance:  [0.8439495]
	 speed: 0.0330s/iter; left time: 38882.4552s
	 iters: 6400, epoch: 11 | loss: 0.3735220
	 variance:  [1.6957043]
	 speed: 0.0330s/iter; left time: 38917.9146s
	 iters: 6500, epoch: 11 | loss: 0.6742725
	 variance:  [0.45949417]
	 speed: 0.0366s/iter; left time: 43141.8399s
	 iters: 6600, epoch: 11 | loss: 0.6282265
	 variance:  [0.3505431]
	 speed: 0.0317s/iter; left time: 37367.0056s
	 iters: 6700, epoch: 11 | loss: 0.7371346
	 variance:  [0.529917]
	 speed: 0.0359s/iter; left time: 42365.2897s
	 iters: 6800, epoch: 11 | loss: 0.8238117
	 variance:  [0.8777953]
	 speed: 0.0310s/iter; left time: 36572.5148s
	 iters: 6900, epoch: 11 | loss: 0.6433754
	 variance:  [0.72930473]
	 speed: 0.0357s/iter; left time: 42147.2334s
	 iters: 7000, epoch: 11 | loss: 0.6130624
	 variance:  [0.5975716]
	 speed: 0.0324s/iter; left time: 38238.2851s
	 iters: 7100, epoch: 11 | loss: 0.7173316
	 variance:  [1.0159402]
	 speed: 0.0322s/iter; left time: 37979.5463s
	 iters: 7200, epoch: 11 | loss: 0.5248784
	 variance:  [5.802568]
	 speed: 0.0361s/iter; left time: 42601.4853s
	 iters: 7300, epoch: 11 | loss: 1.4270542
	 variance:  [0.5586582]
	 speed: 0.0311s/iter; left time: 36650.4340s
	 iters: 7400, epoch: 11 | loss: 1.5384798
	 variance:  [0.7133785]
	 speed: 0.0372s/iter; left time: 43894.9527s
	 iters: 7500, epoch: 11 | loss: 0.9834636
	 variance:  [0.8319815]
	 speed: 0.0360s/iter; left time: 42436.9284s
	 iters: 7600, epoch: 11 | loss: 0.9445976
	 variance:  [0.81611294]
	 speed: 0.0376s/iter; left time: 44345.3630s
	 iters: 7700, epoch: 11 | loss: 0.4114574
	 variance:  [0.72339046]
	 speed: 0.0369s/iter; left time: 43460.5112s
	 iters: 7800, epoch: 11 | loss: 0.6053770
	 variance:  [1.2704556]
	 speed: 0.0359s/iter; left time: 42267.0229s
	 iters: 7900, epoch: 11 | loss: 0.3024840
	 variance:  [0.7802174]
	 speed: 0.0347s/iter; left time: 40856.1547s
	 iters: 8000, epoch: 11 | loss: 1.2074136
	 variance:  [2.406307]
	 speed: 0.0361s/iter; left time: 42528.0584s
	 iters: 8100, epoch: 11 | loss: 0.6392402
	 variance:  [0.5211161]
	 speed: 0.0313s/iter; left time: 36818.8988s
	 iters: 8200, epoch: 11 | loss: 0.8245324
	 variance:  [11.699296]
	 speed: 0.0365s/iter; left time: 42939.7450s
	 iters: 8300, epoch: 11 | loss: 0.4546544
	 variance:  [3.4433692]
	 speed: 0.0350s/iter; left time: 41240.8570s
	 iters: 8400, epoch: 11 | loss: 0.5676765
	 variance:  [1.3132098]
	 speed: 0.0330s/iter; left time: 38881.0877s
Validation loss descreased: 0.644427063820608 -> 0.6425538695847507
Epoch: 11 Time: 301.12420630455017 Steps: 8471
Train Loss: 0.6666121 | Val Loss: 0.6425539 | Test Loss: 0.5301606
Test Loss (15 mins): 0.0443493 | (30 mins): 0.0620444 | (45 mins): 0.0816701 | (60 mins): 0.0981216
	 iters: 100, epoch: 12 | loss: 0.9582497
	 variance:  [1.3329101]
	 speed: 0.0379s/iter; left time: 44639.6197s
	 iters: 200, epoch: 12 | loss: 0.4326698
	 variance:  [0.35205927]
	 speed: 0.0347s/iter; left time: 40866.0641s
	 iters: 300, epoch: 12 | loss: 0.5298348
	 variance:  [0.5321108]
	 speed: 0.0297s/iter; left time: 35002.2071s
	 iters: 400, epoch: 12 | loss: 0.6698847
	 variance:  [0.47517282]
	 speed: 0.0369s/iter; left time: 43413.8491s
	 iters: 500, epoch: 12 | loss: 0.5404786
	 variance:  [0.73887485]
	 speed: 0.0371s/iter; left time: 43699.7715s
	 iters: 600, epoch: 12 | loss: 0.5578377
	 variance:  [0.30919564]
	 speed: 0.0360s/iter; left time: 42369.9648s
	 iters: 700, epoch: 12 | loss: 0.4641776
	 variance:  [0.9907365]
	 speed: 0.0324s/iter; left time: 38124.2030s
	 iters: 800, epoch: 12 | loss: 0.5486674
	 variance:  [0.9781278]
	 speed: 0.0336s/iter; left time: 39513.7630s
	 iters: 900, epoch: 12 | loss: 0.7886367
	 variance:  [0.97012997]
	 speed: 0.0331s/iter; left time: 38891.2973s
	 iters: 1000, epoch: 12 | loss: 0.5885961
	 variance:  [2.1397486]
	 speed: 0.0334s/iter; left time: 39236.3829s
	 iters: 1100, epoch: 12 | loss: 0.6335746
	 variance:  [0.4420476]
	 speed: 0.0376s/iter; left time: 44275.5567s
	 iters: 1200, epoch: 12 | loss: 0.5184824
	 variance:  [0.7051267]
	 speed: 0.0363s/iter; left time: 42739.7660s
	 iters: 1300, epoch: 12 | loss: 0.5445841
	 variance:  [1.7795075]
	 speed: 0.0370s/iter; left time: 43495.4867s
	 iters: 1400, epoch: 12 | loss: 0.7922868
	 variance:  [0.91338396]
	 speed: 0.0314s/iter; left time: 36921.0790s
	 iters: 1500, epoch: 12 | loss: 0.4797506
	 variance:  [1.0053612]
	 speed: 0.0319s/iter; left time: 37467.8774s
	 iters: 1600, epoch: 12 | loss: 0.9391873
	 variance:  [1.5794078]
	 speed: 0.0374s/iter; left time: 43929.0265s
	 iters: 1700, epoch: 12 | loss: 0.7589804
	 variance:  [0.5355516]
	 speed: 0.0350s/iter; left time: 41181.7178s
	 iters: 1800, epoch: 12 | loss: 0.6774787
	 variance:  [2.3709414]
	 speed: 0.0339s/iter; left time: 39801.7131s
	 iters: 1900, epoch: 12 | loss: 0.4396520
	 variance:  [1.0705365]
	 speed: 0.0354s/iter; left time: 41584.3526s
	 iters: 2000, epoch: 12 | loss: 1.1323491
	 variance:  [1.5636404]
	 speed: 0.0361s/iter; left time: 42407.0681s
	 iters: 2100, epoch: 12 | loss: 0.4435411
	 variance:  [1.1288098]
	 speed: 0.0376s/iter; left time: 44224.4542s
	 iters: 2200, epoch: 12 | loss: 0.5120922
	 variance:  [4.659916]
	 speed: 0.0331s/iter; left time: 38944.4480s
	 iters: 2300, epoch: 12 | loss: 0.6072103
	 variance:  [0.56120586]
	 speed: 0.0380s/iter; left time: 44623.8966s
	 iters: 2400, epoch: 12 | loss: 0.9323026
	 variance:  [0.9560773]
	 speed: 0.0379s/iter; left time: 44488.7723s
	 iters: 2500, epoch: 12 | loss: 0.3271557
	 variance:  [2.8078945]
	 speed: 0.0379s/iter; left time: 44586.6135s
	 iters: 2600, epoch: 12 | loss: 0.3770773
	 variance:  [0.5474639]
	 speed: 0.0380s/iter; left time: 44610.3593s
	 iters: 2700, epoch: 12 | loss: 0.8716538
	 variance:  [0.87641543]
	 speed: 0.0353s/iter; left time: 41470.5346s
	 iters: 2800, epoch: 12 | loss: 0.4961337
	 variance:  [1.2439778]
	 speed: 0.0335s/iter; left time: 39381.4190s
	 iters: 2900, epoch: 12 | loss: 0.5180471
	 variance:  [4.0984206]
	 speed: 0.0319s/iter; left time: 37461.2086s
	 iters: 3000, epoch: 12 | loss: 0.2829417
	 variance:  [0.748872]
	 speed: 0.0331s/iter; left time: 38841.8221s
	 iters: 3100, epoch: 12 | loss: 0.9327326
	 variance:  [1.7727687]
	 speed: 0.0376s/iter; left time: 44183.1351s
	 iters: 3200, epoch: 12 | loss: 1.2227879
	 variance:  [1.102285]
	 speed: 0.0373s/iter; left time: 43790.9035s
	 iters: 3300, epoch: 12 | loss: 0.8245729
	 variance:  [1.9101684]
	 speed: 0.0371s/iter; left time: 43602.5373s
	 iters: 3400, epoch: 12 | loss: 0.3733145
	 variance:  [0.38316983]
	 speed: 0.0350s/iter; left time: 41059.8337s
	 iters: 3500, epoch: 12 | loss: 0.7928481
	 variance:  [1.4701164]
	 speed: 0.0339s/iter; left time: 39758.3120s
	 iters: 3600, epoch: 12 | loss: 0.6760086
	 variance:  [0.72094804]
	 speed: 0.0367s/iter; left time: 43092.9105s
	 iters: 3700, epoch: 12 | loss: 0.8951691
	 variance:  [0.6832117]
	 speed: 0.0356s/iter; left time: 41782.1983s
	 iters: 3800, epoch: 12 | loss: 0.4638309
	 variance:  [0.5134648]
	 speed: 0.0364s/iter; left time: 42774.1459s
	 iters: 3900, epoch: 12 | loss: 0.8232481
	 variance:  [7.361076]
	 speed: 0.0355s/iter; left time: 41669.4625s
	 iters: 4000, epoch: 12 | loss: 0.8502110
	 variance:  [1.0047107]
	 speed: 0.0328s/iter; left time: 38532.9657s
	 iters: 4100, epoch: 12 | loss: 0.5896000
	 variance:  [1.7494651]
	 speed: 0.0344s/iter; left time: 40355.2563s
	 iters: 4200, epoch: 12 | loss: 0.3484587
	 variance:  [3.308645]
	 speed: 0.0368s/iter; left time: 43184.4825s
	 iters: 4300, epoch: 12 | loss: 0.4075314
	 variance:  [2.2549586]
	 speed: 0.0336s/iter; left time: 39363.7640s
	 iters: 4400, epoch: 12 | loss: 0.6057515
	 variance:  [0.32944706]
	 speed: 0.0309s/iter; left time: 36194.9210s
	 iters: 4500, epoch: 12 | loss: 0.6352589
	 variance:  [1.1066399]
	 speed: 0.0373s/iter; left time: 43728.9472s
	 iters: 4600, epoch: 12 | loss: 0.8985809
	 variance:  [0.8968997]
	 speed: 0.0381s/iter; left time: 44635.4362s
	 iters: 4700, epoch: 12 | loss: 0.9720048
	 variance:  [0.64907044]
	 speed: 0.0378s/iter; left time: 44296.7973s
	 iters: 4800, epoch: 12 | loss: 0.7798358
	 variance:  [3.424828]
	 speed: 0.0336s/iter; left time: 39390.6196s
	 iters: 4900, epoch: 12 | loss: 0.6878753
	 variance:  [1.2770674]
	 speed: 0.0288s/iter; left time: 33757.6467s
	 iters: 5000, epoch: 12 | loss: 0.4786482
	 variance:  [1.0415288]
	 speed: 0.0359s/iter; left time: 42060.4000s
	 iters: 5100, epoch: 12 | loss: 0.4201968
	 variance:  [0.24241847]
	 speed: 0.0369s/iter; left time: 43292.9529s
	 iters: 5200, epoch: 12 | loss: 1.0938842
	 variance:  [0.698289]
	 speed: 0.0336s/iter; left time: 39350.8413s
	 iters: 5300, epoch: 12 | loss: 1.0923059
	 variance:  [0.9359735]
	 speed: 0.0337s/iter; left time: 39472.7417s
	 iters: 5400, epoch: 12 | loss: 0.2771041
	 variance:  [1.89874]
	 speed: 0.0302s/iter; left time: 35351.0791s
	 iters: 5500, epoch: 12 | loss: 0.6556468
	 variance:  [1.6749076]
	 speed: 0.0302s/iter; left time: 35420.8936s
	 iters: 5600, epoch: 12 | loss: 0.4108767
	 variance:  [7.7376924]
	 speed: 0.0358s/iter; left time: 41966.9736s
	 iters: 5700, epoch: 12 | loss: 0.8766607
	 variance:  [4.8616824]
	 speed: 0.0377s/iter; left time: 44213.3965s
	 iters: 5800, epoch: 12 | loss: 0.6830781
	 variance:  [0.28765574]
	 speed: 0.0349s/iter; left time: 40834.3101s
	 iters: 5900, epoch: 12 | loss: 0.3578329
	 variance:  [2.0009334]
	 speed: 0.0273s/iter; left time: 31983.0763s
	 iters: 6000, epoch: 12 | loss: 0.7946128
	 variance:  [0.9736775]
	 speed: 0.0316s/iter; left time: 37030.2423s
	 iters: 6100, epoch: 12 | loss: 0.4150909
	 variance:  [0.40121952]
	 speed: 0.0329s/iter; left time: 38499.4849s
	 iters: 6200, epoch: 12 | loss: 0.6085411
	 variance:  [0.60677624]
	 speed: 0.0313s/iter; left time: 36664.5362s
	 iters: 6300, epoch: 12 | loss: 0.6581361
	 variance:  [0.36370507]
	 speed: 0.0309s/iter; left time: 36218.5185s
	 iters: 6400, epoch: 12 | loss: 0.8755280
	 variance:  [1.0137877]
	 speed: 0.0365s/iter; left time: 42729.2694s
	 iters: 6500, epoch: 12 | loss: 0.7677466
	 variance:  [1.636417]
	 speed: 0.0336s/iter; left time: 39364.7504s
	 iters: 6600, epoch: 12 | loss: 0.6117119
	 variance:  [1.2506173]
	 speed: 0.0325s/iter; left time: 38045.4363s
	 iters: 6700, epoch: 12 | loss: 0.7196316
	 variance:  [1.970283]
	 speed: 0.0393s/iter; left time: 45955.5998s
	 iters: 6800, epoch: 12 | loss: 0.7073528
	 variance:  [2.1531162]
	 speed: 0.0319s/iter; left time: 37361.1900s
	 iters: 6900, epoch: 12 | loss: 0.6569226
	 variance:  [0.3343627]
	 speed: 0.0390s/iter; left time: 45627.1441s
	 iters: 7000, epoch: 12 | loss: 0.3581904
	 variance:  [1.9090215]
	 speed: 0.0356s/iter; left time: 41653.7932s
	 iters: 7100, epoch: 12 | loss: 0.8162603
	 variance:  [0.23168628]
	 speed: 0.0319s/iter; left time: 37277.1712s
	 iters: 7200, epoch: 12 | loss: 0.6462834
	 variance:  [0.8923342]
	 speed: 0.0324s/iter; left time: 37875.0411s
	 iters: 7300, epoch: 12 | loss: 0.5086200
	 variance:  [0.6652928]
	 speed: 0.0316s/iter; left time: 37006.6363s
	 iters: 7400, epoch: 12 | loss: 0.6288837
	 variance:  [4.556569]
	 speed: 0.0316s/iter; left time: 36941.8585s
	 iters: 7500, epoch: 12 | loss: 0.4639928
	 variance:  [2.0310822]
	 speed: 0.0324s/iter; left time: 37880.3891s
	 iters: 7600, epoch: 12 | loss: 0.9718990
	 variance:  [0.27128598]
	 speed: 0.0374s/iter; left time: 43811.3038s
	 iters: 7700, epoch: 12 | loss: 0.6554164
	 variance:  [0.5093651]
	 speed: 0.0376s/iter; left time: 43939.9670s
	 iters: 7800, epoch: 12 | loss: 0.5544635
	 variance:  [3.723321]
	 speed: 0.0330s/iter; left time: 38550.3265s
	 iters: 7900, epoch: 12 | loss: 0.9189491
	 variance:  [1.2654811]
	 speed: 0.0350s/iter; left time: 40941.8905s
	 iters: 8000, epoch: 12 | loss: 0.6465313
	 variance:  [0.42119828]
	 speed: 0.0334s/iter; left time: 39109.0939s
	 iters: 8100, epoch: 12 | loss: 0.7228802
	 variance:  [3.668797]
	 speed: 0.0365s/iter; left time: 42665.7410s
	 iters: 8200, epoch: 12 | loss: 0.5984029
	 variance:  [0.69067425]
	 speed: 0.0342s/iter; left time: 39981.8090s
	 iters: 8300, epoch: 12 | loss: 1.0379857
	 variance:  [1.7790184]
	 speed: 0.0369s/iter; left time: 43159.3023s
	 iters: 8400, epoch: 12 | loss: 1.1172173
	 variance:  [0.6995356]
	 speed: 0.0347s/iter; left time: 40524.7613s
Validation loss did not decrease 1 / 20
Epoch: 12 Time: 303.7039167881012 Steps: 8471
Train Loss: 0.6655091 | Val Loss: 0.6426738 | Test Loss: 0.5268027
Test Loss (15 mins): 0.0425976 | (30 mins): 0.0619434 | (45 mins): 0.0815661 | (60 mins): 0.0965651
	 iters: 100, epoch: 13 | loss: 0.5523325
	 variance:  [7.1798463]
	 speed: 0.0356s/iter; left time: 41641.4082s
	 iters: 200, epoch: 13 | loss: 0.8115575
	 variance:  [0.7149617]
	 speed: 0.0355s/iter; left time: 41533.8876s
	 iters: 300, epoch: 13 | loss: 0.4969312
	 variance:  [0.32296324]
	 speed: 0.0316s/iter; left time: 36892.5932s
	 iters: 400, epoch: 13 | loss: 0.6309937
	 variance:  [2.3359756]
	 speed: 0.0317s/iter; left time: 37059.7180s
	 iters: 500, epoch: 13 | loss: 0.7075396
	 variance:  [0.6365456]
	 speed: 0.0369s/iter; left time: 43130.2702s
	 iters: 600, epoch: 13 | loss: 0.7937726
	 variance:  [0.66866595]
	 speed: 0.0330s/iter; left time: 38591.1629s
	 iters: 700, epoch: 13 | loss: 0.8542306
	 variance:  [0.5918842]
	 speed: 0.0353s/iter; left time: 41192.4626s
	 iters: 800, epoch: 13 | loss: 0.4980938
	 variance:  [0.7724655]
	 speed: 0.0321s/iter; left time: 37498.7455s
	 iters: 900, epoch: 13 | loss: 0.5115059
	 variance:  [0.9829622]
	 speed: 0.0364s/iter; left time: 42500.5104s
	 iters: 1000, epoch: 13 | loss: 0.8294367
	 variance:  [0.49088138]
	 speed: 0.0327s/iter; left time: 38193.2078s
	 iters: 1100, epoch: 13 | loss: 0.5841222
	 variance:  [0.62775934]
	 speed: 0.0301s/iter; left time: 35198.9576s
	 iters: 1200, epoch: 13 | loss: 1.0885718
	 variance:  [0.9815658]
	 speed: 0.0344s/iter; left time: 40218.1373s
	 iters: 1300, epoch: 13 | loss: 0.8556497
	 variance:  [2.4270513]
	 speed: 0.0307s/iter; left time: 35808.5666s
	 iters: 1400, epoch: 13 | loss: 0.7672409
	 variance:  [0.99507904]
	 speed: 0.0336s/iter; left time: 39285.7257s
	 iters: 1500, epoch: 13 | loss: 0.6431336
	 variance:  [1.6943418]
	 speed: 0.0349s/iter; left time: 40723.6473s
	 iters: 1600, epoch: 13 | loss: 0.5007748
	 variance:  [0.611202]
	 speed: 0.0350s/iter; left time: 40887.3546s
	 iters: 1700, epoch: 13 | loss: 0.8571320
	 variance:  [1.4294906]
	 speed: 0.0338s/iter; left time: 39494.0600s
	 iters: 1800, epoch: 13 | loss: 0.4838442
	 variance:  [1.6448121]
	 speed: 0.0336s/iter; left time: 39184.9978s
	 iters: 1900, epoch: 13 | loss: 0.4638458
	 variance:  [0.68136585]
	 speed: 0.0357s/iter; left time: 41670.8317s
	 iters: 2000, epoch: 13 | loss: 0.7389380
	 variance:  [0.9391463]
	 speed: 0.0325s/iter; left time: 37945.0241s
	 iters: 2100, epoch: 13 | loss: 0.8312281
	 variance:  [0.7413079]
	 speed: 0.0358s/iter; left time: 41780.7339s
	 iters: 2200, epoch: 13 | loss: 0.6381555
	 variance:  [1.7135438]
	 speed: 0.0364s/iter; left time: 42420.8104s
	 iters: 2300, epoch: 13 | loss: 0.9051157
	 variance:  [0.29569238]
	 speed: 0.0365s/iter; left time: 42560.6928s
	 iters: 2400, epoch: 13 | loss: 0.5495188
	 variance:  [1.5565856]
	 speed: 0.0359s/iter; left time: 41874.1109s
	 iters: 2500, epoch: 13 | loss: 0.4249414
	 variance:  [0.7398871]
	 speed: 0.0292s/iter; left time: 34106.3813s
	 iters: 2600, epoch: 13 | loss: 0.5778588
	 variance:  [0.61799556]
	 speed: 0.0289s/iter; left time: 33672.0741s
	 iters: 2700, epoch: 13 | loss: 0.8753529
	 variance:  [2.8427713]
	 speed: 0.0332s/iter; left time: 38740.6269s
	 iters: 2800, epoch: 13 | loss: 0.3309651
	 variance:  [1.4880034]
	 speed: 0.0377s/iter; left time: 43982.1650s
	 iters: 2900, epoch: 13 | loss: 0.5545514
	 variance:  [5.1269956]
	 speed: 0.0339s/iter; left time: 39521.1378s
	 iters: 3000, epoch: 13 | loss: 0.6561029
	 variance:  [1.6866715]
	 speed: 0.0333s/iter; left time: 38817.1075s
	 iters: 3100, epoch: 13 | loss: 0.6798776
	 variance:  [0.99210703]
	 speed: 0.0345s/iter; left time: 40201.1615s
	 iters: 3200, epoch: 13 | loss: 1.4443159
	 variance:  [0.7446393]
	 speed: 0.0368s/iter; left time: 42951.5653s
	 iters: 3300, epoch: 13 | loss: 0.6968037
	 variance:  [0.36582407]
	 speed: 0.0313s/iter; left time: 36500.2512s
	 iters: 3400, epoch: 13 | loss: 0.4596999
	 variance:  [1.0713304]
	 speed: 0.0343s/iter; left time: 39958.2952s
	 iters: 3500, epoch: 13 | loss: 0.6561370
	 variance:  [2.0160058]
	 speed: 0.0327s/iter; left time: 38138.6433s
	 iters: 3600, epoch: 13 | loss: 0.5723503
	 variance:  [0.9085265]
	 speed: 0.0362s/iter; left time: 42225.3916s
	 iters: 3700, epoch: 13 | loss: 0.5695575
	 variance:  [0.7946784]
	 speed: 0.0341s/iter; left time: 39728.9816s
	 iters: 3800, epoch: 13 | loss: 0.6261145
	 variance:  [0.34008726]
	 speed: 0.0308s/iter; left time: 35848.1383s
	 iters: 3900, epoch: 13 | loss: 0.3855240
	 variance:  [2.502225]
	 speed: 0.0368s/iter; left time: 42868.5578s
	 iters: 4000, epoch: 13 | loss: 0.5839347
	 variance:  [0.9126084]
	 speed: 0.0337s/iter; left time: 39219.1458s
	 iters: 4100, epoch: 13 | loss: 0.8090469
	 variance:  [5.265988]
	 speed: 0.0325s/iter; left time: 37877.4590s
	 iters: 4200, epoch: 13 | loss: 0.7374346
	 variance:  [0.767623]
	 speed: 0.0353s/iter; left time: 41145.2309s
	 iters: 4300, epoch: 13 | loss: 1.0924065
	 variance:  [1.9026582]
	 speed: 0.0341s/iter; left time: 39724.8590s
	 iters: 4400, epoch: 13 | loss: 1.0119298
	 variance:  [2.1907785]
	 speed: 0.0357s/iter; left time: 41577.8467s
	 iters: 4500, epoch: 13 | loss: 0.9580847
	 variance:  [0.6783838]
	 speed: 0.0374s/iter; left time: 43541.5542s
	 iters: 4600, epoch: 13 | loss: 0.5296711
	 variance:  [10.46451]
	 speed: 0.0359s/iter; left time: 41800.4157s
	 iters: 4700, epoch: 13 | loss: 0.7115116
	 variance:  [3.6817088]
	 speed: 0.0328s/iter; left time: 38138.2966s
	 iters: 4800, epoch: 13 | loss: 0.3862961
	 variance:  [1.0341475]
	 speed: 0.0324s/iter; left time: 37685.8876s
	 iters: 4900, epoch: 13 | loss: 0.8848571
	 variance:  [1.9547646]
	 speed: 0.0339s/iter; left time: 39474.1118s
	 iters: 5000, epoch: 13 | loss: 1.1594847
	 variance:  [4.186086]
	 speed: 0.0358s/iter; left time: 41729.2064s
	 iters: 5100, epoch: 13 | loss: 0.9886619
	 variance:  [0.24038091]
	 speed: 0.0368s/iter; left time: 42814.7177s
	 iters: 5200, epoch: 13 | loss: 0.5259123
	 variance:  [0.48579]
	 speed: 0.0361s/iter; left time: 41984.4910s
	 iters: 5300, epoch: 13 | loss: 0.3529671
	 variance:  [0.38500762]
	 speed: 0.0326s/iter; left time: 37920.5591s
	 iters: 5400, epoch: 13 | loss: 0.7813699
	 variance:  [0.7163161]
	 speed: 0.0341s/iter; left time: 39636.1729s
	 iters: 5500, epoch: 13 | loss: 0.3675253
	 variance:  [13.008284]
	 speed: 0.0323s/iter; left time: 37608.5110s
	 iters: 5600, epoch: 13 | loss: 0.3890452
	 variance:  [0.9133076]
	 speed: 0.0329s/iter; left time: 38290.5082s
	 iters: 5700, epoch: 13 | loss: 0.5803375
	 variance:  [0.5414083]
	 speed: 0.0320s/iter; left time: 37242.3484s
	 iters: 5800, epoch: 13 | loss: 0.4262184
	 variance:  [0.6246698]
	 speed: 0.0282s/iter; left time: 32830.9616s
	 iters: 5900, epoch: 13 | loss: 0.3992756
	 variance:  [0.8579352]
	 speed: 0.0334s/iter; left time: 38855.3145s
	 iters: 6000, epoch: 13 | loss: 0.5763335
	 variance:  [0.5268636]
	 speed: 0.0328s/iter; left time: 38129.7910s
	 iters: 6100, epoch: 13 | loss: 0.5952159
	 variance:  [0.4742754]
	 speed: 0.0355s/iter; left time: 41251.3289s
	 iters: 6200, epoch: 13 | loss: 0.6893782
	 variance:  [1.0227702]
	 speed: 0.0319s/iter; left time: 37087.3643s
	 iters: 6300, epoch: 13 | loss: 0.3798852
	 variance:  [0.4428036]
	 speed: 0.0376s/iter; left time: 43709.5430s
	 iters: 6400, epoch: 13 | loss: 0.6415701
	 variance:  [2.1702428]
	 speed: 0.0322s/iter; left time: 37438.2715s
	 iters: 6500, epoch: 13 | loss: 0.6721334
	 variance:  [0.4843981]
	 speed: 0.0360s/iter; left time: 41870.4617s
	 iters: 6600, epoch: 13 | loss: 0.8378296
	 variance:  [0.8726447]
	 speed: 0.0289s/iter; left time: 33545.1492s
	 iters: 6700, epoch: 13 | loss: 1.1617004
	 variance:  [2.4129157]
	 speed: 0.0367s/iter; left time: 42683.0907s
	 iters: 6800, epoch: 13 | loss: 0.4596326
	 variance:  [0.38826624]
	 speed: 0.0318s/iter; left time: 36962.6811s
	 iters: 6900, epoch: 13 | loss: 0.7543618
	 variance:  [2.2713592]
	 speed: 0.0299s/iter; left time: 34706.8572s
	 iters: 7000, epoch: 13 | loss: 1.0383358
	 variance:  [0.5014677]
	 speed: 0.0304s/iter; left time: 35277.0486s
	 iters: 7100, epoch: 13 | loss: 0.7275989
	 variance:  [1.2475]
	 speed: 0.0365s/iter; left time: 42458.1391s
	 iters: 7200, epoch: 13 | loss: 0.3188490
	 variance:  [3.1255186]
	 speed: 0.0342s/iter; left time: 39738.4433s
	 iters: 7300, epoch: 13 | loss: 0.5624210
	 variance:  [0.97116566]
	 speed: 0.0332s/iter; left time: 38613.2171s
	 iters: 7400, epoch: 13 | loss: 0.4819249
	 variance:  [7.965339]
	 speed: 0.0327s/iter; left time: 37980.2104s
	 iters: 7500, epoch: 13 | loss: 0.8923172
	 variance:  [0.53972775]
	 speed: 0.0327s/iter; left time: 37978.5054s
	 iters: 7600, epoch: 13 | loss: 0.8077452
	 variance:  [0.5790438]
	 speed: 0.0325s/iter; left time: 37753.1625s
	 iters: 7700, epoch: 13 | loss: 0.5807009
	 variance:  [1.3393779]
	 speed: 0.0345s/iter; left time: 40034.3487s
	 iters: 7800, epoch: 13 | loss: 0.5796337
	 variance:  [2.180882]
	 speed: 0.0358s/iter; left time: 41593.8881s
	 iters: 7900, epoch: 13 | loss: 0.9843108
	 variance:  [0.32648513]
	 speed: 0.0352s/iter; left time: 40864.6691s
	 iters: 8000, epoch: 13 | loss: 0.7922549
	 variance:  [5.8219695]
	 speed: 0.0336s/iter; left time: 38967.5547s
	 iters: 8100, epoch: 13 | loss: 0.4436315
	 variance:  [1.4446826]
	 speed: 0.0320s/iter; left time: 37157.5231s
	 iters: 8200, epoch: 13 | loss: 1.2738638
	 variance:  [0.6932275]
	 speed: 0.0307s/iter; left time: 35641.6098s
	 iters: 8300, epoch: 13 | loss: 1.0718597
	 variance:  [1.8901999]
	 speed: 0.0330s/iter; left time: 38348.3675s
	 iters: 8400, epoch: 13 | loss: 0.6089985
	 variance:  [1.2508498]
	 speed: 0.0269s/iter; left time: 31231.2762s
Validation loss descreased: 0.6425538695847507 -> 0.6402240526849914
Epoch: 13 Time: 296.2316086292267 Steps: 8471
Train Loss: 0.6633119 | Val Loss: 0.6402241 | Test Loss: 0.5440198
Test Loss (15 mins): 0.0437952 | (30 mins): 0.0658551 | (45 mins): 0.0861219 | (60 mins): 0.1027060
	 iters: 100, epoch: 14 | loss: 1.0346898
	 variance:  [0.4921567]
	 speed: 0.0373s/iter; left time: 43340.6317s
	 iters: 200, epoch: 14 | loss: 0.5045328
	 variance:  [0.19712694]
	 speed: 0.0378s/iter; left time: 43884.1950s
	 iters: 300, epoch: 14 | loss: 0.5193862
	 variance:  [0.3924892]
	 speed: 0.0351s/iter; left time: 40694.5454s
	 iters: 400, epoch: 14 | loss: 0.4871049
	 variance:  [2.9142468]
	 speed: 0.0328s/iter; left time: 38024.1706s
	 iters: 500, epoch: 14 | loss: 0.4886909
	 variance:  [0.52392894]
	 speed: 0.0371s/iter; left time: 43030.9878s
	 iters: 600, epoch: 14 | loss: 0.7377219
	 variance:  [0.8033056]
	 speed: 0.0358s/iter; left time: 41554.6223s
	 iters: 700, epoch: 14 | loss: 0.5769257
	 variance:  [0.48803213]
	 speed: 0.0359s/iter; left time: 41656.2269s
	 iters: 800, epoch: 14 | loss: 0.7167019
	 variance:  [0.5213449]
	 speed: 0.0347s/iter; left time: 40297.6851s
	 iters: 900, epoch: 14 | loss: 0.3723201
	 variance:  [1.5898143]
	 speed: 0.0342s/iter; left time: 39692.2069s
	 iters: 1000, epoch: 14 | loss: 1.0266991
	 variance:  [1.3726232]
	 speed: 0.0362s/iter; left time: 41956.3291s
	 iters: 1100, epoch: 14 | loss: 0.7482841
	 variance:  [1.2827389]
	 speed: 0.0304s/iter; left time: 35304.5752s
	 iters: 1200, epoch: 14 | loss: 0.9768712
	 variance:  [0.8100187]
	 speed: 0.0368s/iter; left time: 42687.2051s
	 iters: 1300, epoch: 14 | loss: 0.5051677
	 variance:  [0.61329216]
	 speed: 0.0341s/iter; left time: 39509.1213s
	 iters: 1400, epoch: 14 | loss: 0.4869521
	 variance:  [3.0807483]
	 speed: 0.0289s/iter; left time: 33465.2782s
	 iters: 1500, epoch: 14 | loss: 0.5016724
	 variance:  [2.502303]
	 speed: 0.0373s/iter; left time: 43185.2128s
	 iters: 1600, epoch: 14 | loss: 0.8917324
	 variance:  [2.3951085]
	 speed: 0.0356s/iter; left time: 41265.6253s
	 iters: 1700, epoch: 14 | loss: 0.4180813
	 variance:  [1.4807831]
	 speed: 0.0374s/iter; left time: 43344.1762s
	 iters: 1800, epoch: 14 | loss: 0.4216166
	 variance:  [1.5052304]
	 speed: 0.0360s/iter; left time: 41671.7758s
	 iters: 1900, epoch: 14 | loss: 0.6252136
	 variance:  [5.254934]
	 speed: 0.0317s/iter; left time: 36734.3205s
	 iters: 2000, epoch: 14 | loss: 0.7225491
	 variance:  [0.5446647]
	 speed: 0.0323s/iter; left time: 37458.6081s
	 iters: 2100, epoch: 14 | loss: 0.6634204
	 variance:  [0.73728]
	 speed: 0.0345s/iter; left time: 39990.9800s
	 iters: 2200, epoch: 14 | loss: 0.7086920
	 variance:  [1.0283701]
	 speed: 0.0374s/iter; left time: 43337.1149s
	 iters: 2300, epoch: 14 | loss: 0.4370898
	 variance:  [0.45091057]
	 speed: 0.0354s/iter; left time: 41005.6918s
	 iters: 2400, epoch: 14 | loss: 0.5639476
	 variance:  [2.477409]
	 speed: 0.0358s/iter; left time: 41444.1023s
	 iters: 2500, epoch: 14 | loss: 0.7344667
	 variance:  [0.57146573]
	 speed: 0.0301s/iter; left time: 34851.5984s
	 iters: 2600, epoch: 14 | loss: 0.3229483
	 variance:  [1.6591809]
	 speed: 0.0340s/iter; left time: 39413.0371s
	 iters: 2700, epoch: 14 | loss: 0.8978609
	 variance:  [0.6992557]
	 speed: 0.0351s/iter; left time: 40635.5171s
	 iters: 2800, epoch: 14 | loss: 0.4391018
	 variance:  [1.6889104]
	 speed: 0.0356s/iter; left time: 41238.3463s
	 iters: 2900, epoch: 14 | loss: 0.7920470
	 variance:  [0.8323149]
	 speed: 0.0345s/iter; left time: 39977.9161s
	 iters: 3000, epoch: 14 | loss: 0.7156112
	 variance:  [1.1954398]
	 speed: 0.0292s/iter; left time: 33746.4944s
	 iters: 3100, epoch: 14 | loss: 0.3962155
	 variance:  [0.46721792]
	 speed: 0.0305s/iter; left time: 35253.0659s
	 iters: 3200, epoch: 14 | loss: 0.7227453
	 variance:  [1.470397]
	 speed: 0.0345s/iter; left time: 39922.0303s
	 iters: 3300, epoch: 14 | loss: 0.4116883
	 variance:  [1.0372478]
	 speed: 0.0367s/iter; left time: 42488.2519s
	 iters: 3400, epoch: 14 | loss: 0.5085761
	 variance:  [0.62290454]
	 speed: 0.0339s/iter; left time: 39228.3454s
	 iters: 3500, epoch: 14 | loss: 1.0328875
	 variance:  [0.5141714]
	 speed: 0.0338s/iter; left time: 39073.9483s
	 iters: 3600, epoch: 14 | loss: 0.4062849
	 variance:  [2.0547009]
	 speed: 0.0365s/iter; left time: 42186.7712s
	 iters: 3700, epoch: 14 | loss: 0.5661242
	 variance:  [0.25056025]
	 speed: 0.0302s/iter; left time: 34950.8536s
	 iters: 3800, epoch: 14 | loss: 0.5982303
	 variance:  [1.4071219]
	 speed: 0.0327s/iter; left time: 37783.1136s
	 iters: 3900, epoch: 14 | loss: 0.9476107
	 variance:  [1.1672089]
	 speed: 0.0344s/iter; left time: 39791.5060s
	 iters: 4000, epoch: 14 | loss: 0.2999121
	 variance:  [2.6745229]
	 speed: 0.0363s/iter; left time: 42032.4388s
	 iters: 4100, epoch: 14 | loss: 0.6695437
	 variance:  [0.9131825]
	 speed: 0.0361s/iter; left time: 41777.4443s
	 iters: 4200, epoch: 14 | loss: 0.3568115
	 variance:  [1.0410913]
	 speed: 0.0280s/iter; left time: 32337.0595s
	 iters: 4300, epoch: 14 | loss: 0.5984225
	 variance:  [3.2263288]
	 speed: 0.0326s/iter; left time: 37669.5597s
	 iters: 4400, epoch: 14 | loss: 0.3445565
	 variance:  [2.3267925]
	 speed: 0.0329s/iter; left time: 38067.3283s
	 iters: 4500, epoch: 14 | loss: 0.5317128
	 variance:  [1.1829764]
	 speed: 0.0356s/iter; left time: 41128.0789s
	 iters: 4600, epoch: 14 | loss: 0.3386752
	 variance:  [2.2063303]
	 speed: 0.0337s/iter; left time: 39007.9786s
	 iters: 4700, epoch: 14 | loss: 0.5079562
	 variance:  [1.9436964]
	 speed: 0.0328s/iter; left time: 37884.6812s
	 iters: 4800, epoch: 14 | loss: 0.8563973
	 variance:  [0.782142]
	 speed: 0.0338s/iter; left time: 39085.0535s
	 iters: 4900, epoch: 14 | loss: 0.7549340
	 variance:  [9.317546]
	 speed: 0.0330s/iter; left time: 38089.7359s
	 iters: 5000, epoch: 14 | loss: 0.5968980
	 variance:  [0.9044927]
	 speed: 0.0338s/iter; left time: 39011.2939s
	 iters: 5100, epoch: 14 | loss: 0.6370730
	 variance:  [0.60621053]
	 speed: 0.0363s/iter; left time: 41936.3850s
	 iters: 5200, epoch: 14 | loss: 0.5317348
	 variance:  [0.6995504]
	 speed: 0.0337s/iter; left time: 38970.7411s
	 iters: 5300, epoch: 14 | loss: 0.9924263
	 variance:  [6.8357086]
	 speed: 0.0303s/iter; left time: 34953.8531s
	 iters: 5400, epoch: 14 | loss: 0.8040651
	 variance:  [0.7445129]
	 speed: 0.0290s/iter; left time: 33498.2917s
	 iters: 5500, epoch: 14 | loss: 0.6366796
	 variance:  [0.88222176]
	 speed: 0.0359s/iter; left time: 41509.5540s
	 iters: 5600, epoch: 14 | loss: 0.6408268
	 variance:  [1.9297932]
	 speed: 0.0328s/iter; left time: 37912.4477s
	 iters: 5700, epoch: 14 | loss: 0.4717852
	 variance:  [1.4776024]
	 speed: 0.0298s/iter; left time: 34358.2767s
	 iters: 5800, epoch: 14 | loss: 1.2347916
	 variance:  [1.5288492]
	 speed: 0.0367s/iter; left time: 42367.6025s
	 iters: 5900, epoch: 14 | loss: 0.6338045
	 variance:  [2.2045276]
	 speed: 0.0362s/iter; left time: 41746.5385s
	 iters: 6000, epoch: 14 | loss: 0.4783598
	 variance:  [0.2611812]
	 speed: 0.0334s/iter; left time: 38579.4592s
	 iters: 6100, epoch: 14 | loss: 0.5694855
	 variance:  [0.5747487]
	 speed: 0.0322s/iter; left time: 37198.7129s
	 iters: 6200, epoch: 14 | loss: 0.7058436
	 variance:  [2.6357481]
	 speed: 0.0296s/iter; left time: 34202.4724s
	 iters: 6300, epoch: 14 | loss: 0.5142539
	 variance:  [0.34546942]
	 speed: 0.0281s/iter; left time: 32387.6982s
	 iters: 6400, epoch: 14 | loss: 0.6572255
	 variance:  [1.4675612]
	 speed: 0.0299s/iter; left time: 34478.5003s
	 iters: 6500, epoch: 14 | loss: 0.8471855
	 variance:  [1.3743635]
	 speed: 0.0329s/iter; left time: 37990.9023s
	 iters: 6600, epoch: 14 | loss: 0.9713501
	 variance:  [0.5045418]
	 speed: 0.0335s/iter; left time: 38691.9506s
	 iters: 6700, epoch: 14 | loss: 0.6357445
	 variance:  [0.49352142]
	 speed: 0.0376s/iter; left time: 43404.6858s
	 iters: 6800, epoch: 14 | loss: 0.4882213
	 variance:  [1.7985929]
	 speed: 0.0369s/iter; left time: 42596.0686s
	 iters: 6900, epoch: 14 | loss: 1.0041698
	 variance:  [0.14696777]
	 speed: 0.0363s/iter; left time: 41906.0039s
	 iters: 7000, epoch: 14 | loss: 0.4335115
	 variance:  [1.6079682]
	 speed: 0.0356s/iter; left time: 41009.7968s
	 iters: 7100, epoch: 14 | loss: 0.7558782
	 variance:  [0.8557864]
	 speed: 0.0350s/iter; left time: 40319.2262s
	 iters: 7200, epoch: 14 | loss: 0.6518964
	 variance:  [0.41786167]
	 speed: 0.0357s/iter; left time: 41147.3865s
	 iters: 7300, epoch: 14 | loss: 0.5217935
	 variance:  [1.8111292]
	 speed: 0.0365s/iter; left time: 42145.6274s
	 iters: 7400, epoch: 14 | loss: 0.4865558
	 variance:  [1.077029]
	 speed: 0.0373s/iter; left time: 43013.0465s
	 iters: 7500, epoch: 14 | loss: 0.6088089
	 variance:  [6.5400486]
	 speed: 0.0348s/iter; left time: 40134.5234s
	 iters: 7600, epoch: 14 | loss: 0.6133850
	 variance:  [0.5999593]
	 speed: 0.0361s/iter; left time: 41671.5221s
	 iters: 7700, epoch: 14 | loss: 0.7198817
	 variance:  [0.44629884]
	 speed: 0.0320s/iter; left time: 36892.3353s
	 iters: 7800, epoch: 14 | loss: 0.6473030
	 variance:  [0.25991887]
	 speed: 0.0360s/iter; left time: 41452.5491s
	 iters: 7900, epoch: 14 | loss: 0.5422956
	 variance:  [0.8106874]
	 speed: 0.0367s/iter; left time: 42356.8882s
	 iters: 8000, epoch: 14 | loss: 0.6196423
	 variance:  [0.89686036]
	 speed: 0.0371s/iter; left time: 42716.7170s
	 iters: 8100, epoch: 14 | loss: 0.7071010
	 variance:  [1.3722969]
	 speed: 0.0378s/iter; left time: 43595.4142s
	 iters: 8200, epoch: 14 | loss: 0.4933909
	 variance:  [2.1311567]
	 speed: 0.0371s/iter; left time: 42728.8463s
	 iters: 8300, epoch: 14 | loss: 0.4776625
	 variance:  [2.4749234]
	 speed: 0.0376s/iter; left time: 43303.1940s
	 iters: 8400, epoch: 14 | loss: 0.6380597
	 variance:  [0.8707023]
	 speed: 0.0362s/iter; left time: 41760.2532s
Validation loss did not decrease 1 / 20
Epoch: 14 Time: 300.8287534713745 Steps: 8471
Train Loss: 0.6598539 | Val Loss: 0.6527470 | Test Loss: 0.5447159
Test Loss (15 mins): 0.0478075 | (30 mins): 0.0693786 | (45 mins): 0.0887813 | (60 mins): 0.1061416
	 iters: 100, epoch: 15 | loss: 0.6079904
	 variance:  [4.5158596]
	 speed: 0.0352s/iter; left time: 40569.0508s
	 iters: 200, epoch: 15 | loss: 0.4732563
	 variance:  [2.022818]
	 speed: 0.0325s/iter; left time: 37401.6479s
	 iters: 300, epoch: 15 | loss: 0.3994458
	 variance:  [1.7588986]
	 speed: 0.0378s/iter; left time: 43536.1479s
	 iters: 400, epoch: 15 | loss: 1.0255277
	 variance:  [0.9681721]
	 speed: 0.0368s/iter; left time: 42394.0015s
	 iters: 500, epoch: 15 | loss: 0.9156908
	 variance:  [2.0075078]
	 speed: 0.0373s/iter; left time: 42925.9999s
	 iters: 600, epoch: 15 | loss: 0.4581598
	 variance:  [2.8863971]
	 speed: 0.0321s/iter; left time: 36944.1372s
	 iters: 700, epoch: 15 | loss: 0.3205385
	 variance:  [0.37469214]
	 speed: 0.0332s/iter; left time: 38255.5519s
	 iters: 800, epoch: 15 | loss: 0.3739715
	 variance:  [0.4663236]
	 speed: 0.0303s/iter; left time: 34918.5058s
	 iters: 900, epoch: 15 | loss: 0.6590045
	 variance:  [0.8924428]
	 speed: 0.0356s/iter; left time: 40991.8045s
	 iters: 1000, epoch: 15 | loss: 1.3312495
	 variance:  [0.46558365]
	 speed: 0.0378s/iter; left time: 43453.5280s
	 iters: 1100, epoch: 15 | loss: 0.5924496
	 variance:  [2.397937]
	 speed: 0.0376s/iter; left time: 43285.4255s
	 iters: 1200, epoch: 15 | loss: 0.7424216
	 variance:  [0.8519203]
	 speed: 0.0369s/iter; left time: 42490.2321s
	 iters: 1300, epoch: 15 | loss: 0.5754854
	 variance:  [0.39665118]
	 speed: 0.0376s/iter; left time: 43256.3912s
	 iters: 1400, epoch: 15 | loss: 0.5677766
	 variance:  [2.164317]
	 speed: 0.0377s/iter; left time: 43424.4364s
	 iters: 1500, epoch: 15 | loss: 0.5866450
	 variance:  [3.2181392]
	 speed: 0.0366s/iter; left time: 42056.6573s
	 iters: 1600, epoch: 15 | loss: 0.9176472
	 variance:  [0.76582706]
	 speed: 0.0362s/iter; left time: 41672.8630s
	 iters: 1700, epoch: 15 | loss: 0.8610893
	 variance:  [0.66798365]
	 speed: 0.0341s/iter; left time: 39239.2589s
	 iters: 1800, epoch: 15 | loss: 0.5761445
	 variance:  [0.8711351]
	 speed: 0.0352s/iter; left time: 40527.3222s
	 iters: 1900, epoch: 15 | loss: 0.6194451
	 variance:  [0.7815268]
	 speed: 0.0348s/iter; left time: 40051.3227s
	 iters: 2000, epoch: 15 | loss: 0.9405965
	 variance:  [2.2730184]
	 speed: 0.0374s/iter; left time: 43037.1440s
	 iters: 2100, epoch: 15 | loss: 0.8761973
	 variance:  [0.92749625]
	 speed: 0.0362s/iter; left time: 41583.3327s
	 iters: 2200, epoch: 15 | loss: 0.5820837
	 variance:  [1.2347538]
	 speed: 0.0346s/iter; left time: 39797.6607s
	 iters: 2300, epoch: 15 | loss: 0.9144799
	 variance:  [0.41622642]
	 speed: 0.0354s/iter; left time: 40739.2483s
	 iters: 2400, epoch: 15 | loss: 0.4994561
	 variance:  [2.0446856]
	 speed: 0.0371s/iter; left time: 42679.7180s
	 iters: 2500, epoch: 15 | loss: 0.4338543
	 variance:  [1.156884]
	 speed: 0.0363s/iter; left time: 41705.6623s
	 iters: 2600, epoch: 15 | loss: 0.3622882
	 variance:  [1.3041986]
	 speed: 0.0324s/iter; left time: 37266.3316s
	 iters: 2700, epoch: 15 | loss: 1.5268853
	 variance:  [1.1356561]
	 speed: 0.0346s/iter; left time: 39727.3938s
	 iters: 2800, epoch: 15 | loss: 0.3317046
	 variance:  [2.3118188]
	 speed: 0.0333s/iter; left time: 38227.9373s
	 iters: 2900, epoch: 15 | loss: 0.6832516
	 variance:  [1.6124581]
	 speed: 0.0313s/iter; left time: 36023.2471s
	 iters: 3000, epoch: 15 | loss: 0.5269138
	 variance:  [0.7599768]
	 speed: 0.0352s/iter; left time: 40394.1189s
	 iters: 3100, epoch: 15 | loss: 0.8317055
	 variance:  [0.9646364]
	 speed: 0.0350s/iter; left time: 40265.0574s
	 iters: 3200, epoch: 15 | loss: 0.5297005
	 variance:  [4.880098]
	 speed: 0.0337s/iter; left time: 38672.0927s
	 iters: 3300, epoch: 15 | loss: 0.4924089
	 variance:  [1.6559972]
	 speed: 0.0320s/iter; left time: 36762.6731s
	 iters: 3400, epoch: 15 | loss: 0.7455273
	 variance:  [0.2922811]
	 speed: 0.0341s/iter; left time: 39167.9066s
	 iters: 3500, epoch: 15 | loss: 0.5668383
	 variance:  [1.6811446]
	 speed: 0.0341s/iter; left time: 39220.0336s
	 iters: 3600, epoch: 15 | loss: 0.5304516
	 variance:  [2.2660975]
	 speed: 0.0342s/iter; left time: 39236.2075s
	 iters: 3700, epoch: 15 | loss: 0.7653186
	 variance:  [1.2444371]
	 speed: 0.0370s/iter; left time: 42467.1859s
	 iters: 3800, epoch: 15 | loss: 1.3332853
	 variance:  [0.25947118]
	 speed: 0.0337s/iter; left time: 38733.5492s
	 iters: 3900, epoch: 15 | loss: 0.5151895
	 variance:  [1.0780907]
	 speed: 0.0317s/iter; left time: 36431.3540s
	 iters: 4000, epoch: 15 | loss: 0.2737927
	 variance:  [1.0192353]
	 speed: 0.0328s/iter; left time: 37611.8558s
	 iters: 4100, epoch: 15 | loss: 0.3683479
	 variance:  [3.6553144]
	 speed: 0.0361s/iter; left time: 41389.7838s
	 iters: 4200, epoch: 15 | loss: 0.4057827
	 variance:  [0.9263035]
	 speed: 0.0362s/iter; left time: 41500.4083s
	 iters: 4300, epoch: 15 | loss: 0.6118380
	 variance:  [1.2478726]
	 speed: 0.0343s/iter; left time: 39333.3894s
	 iters: 4400, epoch: 15 | loss: 0.6846110
	 variance:  [0.50192904]
	 speed: 0.0323s/iter; left time: 37018.5205s
	 iters: 4500, epoch: 15 | loss: 0.3031701
	 variance:  [1.4961421]
	 speed: 0.0352s/iter; left time: 40380.9117s
	 iters: 4600, epoch: 15 | loss: 0.3976304
	 variance:  [1.0500897]
	 speed: 0.0362s/iter; left time: 41585.9682s
	 iters: 4700, epoch: 15 | loss: 1.3141196
	 variance:  [0.40755314]
	 speed: 0.0368s/iter; left time: 42258.2590s
	 iters: 4800, epoch: 15 | loss: 0.6389241
	 variance:  [0.06350964]
	 speed: 0.0360s/iter; left time: 41250.3228s
	 iters: 4900, epoch: 15 | loss: 1.1215525
	 variance:  [3.016381]
	 speed: 0.0357s/iter; left time: 40984.2186s
	 iters: 5000, epoch: 15 | loss: 0.9075016
	 variance:  [0.6781563]
	 speed: 0.0370s/iter; left time: 42417.0023s
	 iters: 5100, epoch: 15 | loss: 0.8251941
	 variance:  [0.29977578]
	 speed: 0.0363s/iter; left time: 41585.8817s
	 iters: 5200, epoch: 15 | loss: 0.6851435
	 variance:  [0.49064085]
	 speed: 0.0344s/iter; left time: 39453.3416s
	 iters: 5300, epoch: 15 | loss: 0.4359275
	 variance:  [1.1272687]
	 speed: 0.0362s/iter; left time: 41476.6817s
	 iters: 5400, epoch: 15 | loss: 0.7356979
	 variance:  [0.2613796]
	 speed: 0.0313s/iter; left time: 35836.5388s
	 iters: 5500, epoch: 15 | loss: 0.4655558
	 variance:  [1.4258345]
	 speed: 0.0367s/iter; left time: 42126.2212s
	 iters: 5600, epoch: 15 | loss: 0.6770813
	 variance:  [9.436976]
	 speed: 0.0362s/iter; left time: 41547.6626s
	 iters: 5700, epoch: 15 | loss: 0.7092605
	 variance:  [5.655911]
	 speed: 0.0348s/iter; left time: 39907.9417s
	 iters: 5800, epoch: 15 | loss: 0.9075422
	 variance:  [1.0396861]
	 speed: 0.0373s/iter; left time: 42759.4993s
	 iters: 5900, epoch: 15 | loss: 0.9509816
	 variance:  [1.0678782]
	 speed: 0.0350s/iter; left time: 40124.2012s
	 iters: 6000, epoch: 15 | loss: 0.4921220
	 variance:  [0.5026747]
	 speed: 0.0353s/iter; left time: 40474.6900s
	 iters: 6100, epoch: 15 | loss: 1.0069718
	 variance:  [1.5287217]
	 speed: 0.0365s/iter; left time: 41781.2660s
	 iters: 6200, epoch: 15 | loss: 0.7111179
	 variance:  [1.4416379]
	 speed: 0.0370s/iter; left time: 42425.9522s
	 iters: 6300, epoch: 15 | loss: 0.4233522
	 variance:  [0.8999492]
	 speed: 0.0346s/iter; left time: 39659.6074s
	 iters: 6400, epoch: 15 | loss: 0.4945900
	 variance:  [0.6829992]
	 speed: 0.0364s/iter; left time: 41686.0954s
	 iters: 6500, epoch: 15 | loss: 0.7598216
	 variance:  [0.9205467]
	 speed: 0.0283s/iter; left time: 32424.8203s
	 iters: 6600, epoch: 15 | loss: 0.4126575
	 variance:  [0.18240395]
	 speed: 0.0315s/iter; left time: 36075.3969s
	 iters: 6700, epoch: 15 | loss: 0.5345483
	 variance:  [0.568588]
	 speed: 0.0367s/iter; left time: 42087.6065s
	 iters: 6800, epoch: 15 | loss: 1.1294005
	 variance:  [3.2833922]
	 speed: 0.0354s/iter; left time: 40500.3397s
	 iters: 6900, epoch: 15 | loss: 0.6536751
	 variance:  [0.67732465]
	 speed: 0.0360s/iter; left time: 41249.2923s
	 iters: 7000, epoch: 15 | loss: 0.4226550
	 variance:  [18.134907]
	 speed: 0.0370s/iter; left time: 42421.4426s
	 iters: 7100, epoch: 15 | loss: 0.4199600
	 variance:  [0.33233455]
	 speed: 0.0312s/iter; left time: 35707.4003s
	 iters: 7200, epoch: 15 | loss: 0.3841937
	 variance:  [0.79680777]
	 speed: 0.0351s/iter; left time: 40184.3632s
	 iters: 7300, epoch: 15 | loss: 0.4551327
	 variance:  [0.32930362]
	 speed: 0.0340s/iter; left time: 38912.5249s
	 iters: 7400, epoch: 15 | loss: 0.6800101
	 variance:  [0.7642328]
	 speed: 0.0376s/iter; left time: 43003.1857s
	 iters: 7500, epoch: 15 | loss: 0.4321846
	 variance:  [0.44099104]
	 speed: 0.0337s/iter; left time: 38598.9535s
	 iters: 7600, epoch: 15 | loss: 0.5986448
	 variance:  [0.6914078]
	 speed: 0.0377s/iter; left time: 43092.7910s
	 iters: 7700, epoch: 15 | loss: 0.4083284
	 variance:  [0.52368534]
	 speed: 0.0370s/iter; left time: 42372.0236s
	 iters: 7800, epoch: 15 | loss: 0.7255920
	 variance:  [0.1992101]
	 speed: 0.0376s/iter; left time: 43059.1113s
	 iters: 7900, epoch: 15 | loss: 0.8520245
	 variance:  [9.8868265]
	 speed: 0.0322s/iter; left time: 36837.9058s
	 iters: 8000, epoch: 15 | loss: 0.4018261
	 variance:  [0.7589772]
	 speed: 0.0353s/iter; left time: 40402.9251s
	 iters: 8100, epoch: 15 | loss: 0.4196503
	 variance:  [2.6186702]
	 speed: 0.0378s/iter; left time: 43189.5654s
	 iters: 8200, epoch: 15 | loss: 0.5548760
	 variance:  [0.30843362]
	 speed: 0.0377s/iter; left time: 43104.6240s
	 iters: 8300, epoch: 15 | loss: 1.4948864
	 variance:  [0.7826287]
	 speed: 0.0379s/iter; left time: 43354.9809s
	 iters: 8400, epoch: 15 | loss: 0.6357579
	 variance:  [4.4078183]
	 speed: 0.0367s/iter; left time: 41923.1569s
Validation loss descreased: 0.6402240526849914 -> 0.6380846319310868
Epoch: 15 Time: 308.99856305122375 Steps: 8471
Train Loss: 0.6580682 | Val Loss: 0.6380846 | Test Loss: 0.5422808
Test Loss (15 mins): 0.0437150 | (30 mins): 0.0647607 | (45 mins): 0.0840472 | (60 mins): 0.1005326
	 iters: 100, epoch: 16 | loss: 0.5335783
	 variance:  [2.3342094]
	 speed: 0.0290s/iter; left time: 33109.6828s
	 iters: 200, epoch: 16 | loss: 0.4733873
	 variance:  [1.0422591]
	 speed: 0.0327s/iter; left time: 37395.5017s
	 iters: 300, epoch: 16 | loss: 0.4568957
	 variance:  [0.8085536]
	 speed: 0.0305s/iter; left time: 34873.1064s
	 iters: 400, epoch: 16 | loss: 0.3965360
	 variance:  [0.634389]
	 speed: 0.0356s/iter; left time: 40663.8420s
	 iters: 500, epoch: 16 | loss: 0.4702269
	 variance:  [2.749381]
	 speed: 0.0378s/iter; left time: 43171.0355s
	 iters: 600, epoch: 16 | loss: 0.8127148
	 variance:  [0.46399227]
	 speed: 0.0407s/iter; left time: 46500.4538s
	 iters: 700, epoch: 16 | loss: 0.5443704
	 variance:  [10.016331]
	 speed: 0.0419s/iter; left time: 47863.0571s
	 iters: 800, epoch: 16 | loss: 0.7339457
	 variance:  [1.2898284]
	 speed: 0.0388s/iter; left time: 44325.6386s
	 iters: 900, epoch: 16 | loss: 0.5884606
	 variance:  [1.7450458]
	 speed: 0.0392s/iter; left time: 44775.1096s
	 iters: 1000, epoch: 16 | loss: 0.4674830
	 variance:  [10.850266]
	 speed: 0.0314s/iter; left time: 35847.4023s
	 iters: 1100, epoch: 16 | loss: 0.4513406
	 variance:  [0.85977936]
	 speed: 0.0351s/iter; left time: 40120.6908s
	 iters: 1200, epoch: 16 | loss: 0.7750812
	 variance:  [0.6672029]
	 speed: 0.0359s/iter; left time: 41015.9653s
	 iters: 1300, epoch: 16 | loss: 0.7056893
	 variance:  [2.39263]
	 speed: 0.0382s/iter; left time: 43587.6564s
	 iters: 1400, epoch: 16 | loss: 1.6990936
	 variance:  [0.66041183]
	 speed: 0.0414s/iter; left time: 47276.4993s
	 iters: 1500, epoch: 16 | loss: 0.7716839
	 variance:  [0.8520071]
	 speed: 0.0371s/iter; left time: 42374.5769s
	 iters: 1600, epoch: 16 | loss: 0.5868787
	 variance:  [1.0722742]
	 speed: 0.0341s/iter; left time: 38956.4970s
	 iters: 1700, epoch: 16 | loss: 0.6531927
	 variance:  [1.6352631]
	 speed: 0.0374s/iter; left time: 42658.9859s
	 iters: 1800, epoch: 16 | loss: 0.5329849
	 variance:  [0.57744277]
	 speed: 0.0358s/iter; left time: 40839.0435s
	 iters: 1900, epoch: 16 | loss: 0.7177227
	 variance:  [4.636947]
	 speed: 0.0335s/iter; left time: 38275.8910s
	 iters: 2000, epoch: 16 | loss: 0.3769546
	 variance:  [0.2514935]
	 speed: 0.0299s/iter; left time: 34120.8878s
	 iters: 2100, epoch: 16 | loss: 0.4228608
	 variance:  [1.3802893]
	 speed: 0.0323s/iter; left time: 36921.0645s
	 iters: 2200, epoch: 16 | loss: 0.4748975
	 variance:  [0.7177341]
	 speed: 0.0343s/iter; left time: 39198.6569s
	 iters: 2300, epoch: 16 | loss: 0.6845753
	 variance:  [1.9428288]
	 speed: 0.0349s/iter; left time: 39811.7308s
	 iters: 2400, epoch: 16 | loss: 0.5617406
	 variance:  [3.6719456]
	 speed: 0.0380s/iter; left time: 43409.5852s
	 iters: 2500, epoch: 16 | loss: 0.5029582
	 variance:  [3.2078724]
	 speed: 0.0343s/iter; left time: 39121.4282s
	 iters: 2600, epoch: 16 | loss: 0.8648338
	 variance:  [0.81667984]
	 speed: 0.0371s/iter; left time: 42321.2775s
	 iters: 2700, epoch: 16 | loss: 0.3479634
	 variance:  [0.33083582]
	 speed: 0.0377s/iter; left time: 43061.2040s
	 iters: 2800, epoch: 16 | loss: 1.3579209
	 variance:  [0.66676176]
	 speed: 0.0373s/iter; left time: 42500.3100s
	 iters: 2900, epoch: 16 | loss: 0.4501177
	 variance:  [1.2625465]
	 speed: 0.0374s/iter; left time: 42704.7514s
	 iters: 3000, epoch: 16 | loss: 0.3959655
	 variance:  [0.9411995]
	 speed: 0.0310s/iter; left time: 35336.9702s
	 iters: 3100, epoch: 16 | loss: 0.5632339
	 variance:  [0.6927186]
	 speed: 0.0352s/iter; left time: 40095.9098s
	 iters: 3200, epoch: 16 | loss: 0.8860770
	 variance:  [0.5878089]
	 speed: 0.0364s/iter; left time: 41536.9278s
	 iters: 3300, epoch: 16 | loss: 0.5575634
	 variance:  [0.86399007]
	 speed: 0.0342s/iter; left time: 38950.9424s
	 iters: 3400, epoch: 16 | loss: 0.6827118
	 variance:  [1.869371]
	 speed: 0.0357s/iter; left time: 40702.5490s
	 iters: 3500, epoch: 16 | loss: 0.4686686
	 variance:  [1.2720712]
	 speed: 0.0335s/iter; left time: 38238.2055s
	 iters: 3600, epoch: 16 | loss: 0.6099116
	 variance:  [0.11796689]
	 speed: 0.0367s/iter; left time: 41808.3997s
	 iters: 3700, epoch: 16 | loss: 0.4820895
	 variance:  [6.8002543]
	 speed: 0.0382s/iter; left time: 43497.0658s
	 iters: 3800, epoch: 16 | loss: 0.6538463
	 variance:  [0.9558596]
	 speed: 0.0379s/iter; left time: 43178.3776s
	 iters: 3900, epoch: 16 | loss: 0.5946079
	 variance:  [0.69405526]
	 speed: 0.0378s/iter; left time: 43103.7594s
	 iters: 4000, epoch: 16 | loss: 0.9502631
	 variance:  [2.745857]
	 speed: 0.0333s/iter; left time: 37894.7101s
	 iters: 4100, epoch: 16 | loss: 0.4719386
	 variance:  [1.8947734]
	 speed: 0.0364s/iter; left time: 41479.1471s
	 iters: 4200, epoch: 16 | loss: 0.3721578
	 variance:  [0.47244555]
	 speed: 0.0369s/iter; left time: 41991.1301s
	 iters: 4300, epoch: 16 | loss: 2.0018935
	 variance:  [0.49804914]
	 speed: 0.0371s/iter; left time: 42284.4252s
	 iters: 4400, epoch: 16 | loss: 0.3509513
	 variance:  [0.49410853]
	 speed: 0.0331s/iter; left time: 37672.0925s
	 iters: 4500, epoch: 16 | loss: 0.7079449
	 variance:  [1.7779866]
	 speed: 0.0343s/iter; left time: 39126.7344s
	 iters: 4600, epoch: 16 | loss: 0.6320213
	 variance:  [0.24388444]
	 speed: 0.0374s/iter; left time: 42629.9028s
	 iters: 4700, epoch: 16 | loss: 0.7545964
	 variance:  [2.4040978]
	 speed: 0.0377s/iter; left time: 42936.4853s
	 iters: 4800, epoch: 16 | loss: 0.6787264
	 variance:  [4.7716966]
	 speed: 0.0376s/iter; left time: 42792.7557s
	 iters: 4900, epoch: 16 | loss: 0.8305249
	 variance:  [0.5581871]
	 speed: 0.0379s/iter; left time: 43138.4955s
	 iters: 5000, epoch: 16 | loss: 0.2380083
	 variance:  [2.5674725]
	 speed: 0.0382s/iter; left time: 43483.7585s
	 iters: 5100, epoch: 16 | loss: 0.3500572
	 variance:  [3.967535]
	 speed: 0.0339s/iter; left time: 38606.9211s
	 iters: 5200, epoch: 16 | loss: 0.6948790
	 variance:  [1.1195552]
	 speed: 0.0309s/iter; left time: 35215.8069s
	 iters: 5300, epoch: 16 | loss: 0.8185522
	 variance:  [4.393318]
	 speed: 0.0360s/iter; left time: 40980.0671s
	 iters: 5400, epoch: 16 | loss: 0.6249542
	 variance:  [1.3342385]
	 speed: 0.0371s/iter; left time: 42261.6989s
	 iters: 5500, epoch: 16 | loss: 0.7558176
	 variance:  [0.46461552]
	 speed: 0.0338s/iter; left time: 38502.6313s
	 iters: 5600, epoch: 16 | loss: 0.7605144
	 variance:  [0.83452606]
	 speed: 0.0305s/iter; left time: 34718.4999s
	 iters: 5700, epoch: 16 | loss: 1.0529778
	 variance:  [0.43384886]
	 speed: 0.0364s/iter; left time: 41438.5956s
	 iters: 5800, epoch: 16 | loss: 0.5129671
	 variance:  [5.694278]
	 speed: 0.0375s/iter; left time: 42700.2435s
	 iters: 5900, epoch: 16 | loss: 0.4165755
	 variance:  [0.5947196]
	 speed: 0.0362s/iter; left time: 41228.7487s
	 iters: 6000, epoch: 16 | loss: 0.6924977
	 variance:  [0.47315505]
	 speed: 0.0368s/iter; left time: 41900.0110s
	 iters: 6100, epoch: 16 | loss: 0.6433710
	 variance:  [0.6040149]
	 speed: 0.0316s/iter; left time: 35962.3247s
	 iters: 6200, epoch: 16 | loss: 0.6083232
	 variance:  [2.0399847]
	 speed: 0.0361s/iter; left time: 41025.3191s
	 iters: 6300, epoch: 16 | loss: 0.7073805
	 variance:  [0.39422476]
	 speed: 0.0370s/iter; left time: 42095.7648s
	 iters: 6400, epoch: 16 | loss: 0.6097902
	 variance:  [2.5947292]
	 speed: 0.0362s/iter; left time: 41144.3496s
	 iters: 6500, epoch: 16 | loss: 0.5952766
	 variance:  [0.26003778]
	 speed: 0.0369s/iter; left time: 41933.3401s
	 iters: 6600, epoch: 16 | loss: 0.4430518
	 variance:  [5.319744]
	 speed: 0.0381s/iter; left time: 43347.4205s
	 iters: 6700, epoch: 16 | loss: 0.9194130
	 variance:  [2.505992]
	 speed: 0.0359s/iter; left time: 40825.4931s
	 iters: 6800, epoch: 16 | loss: 0.6868521
	 variance:  [1.253367]
	 speed: 0.0353s/iter; left time: 40076.8653s
	 iters: 6900, epoch: 16 | loss: 1.2188075
	 variance:  [1.9011537]
	 speed: 0.0377s/iter; left time: 42841.5740s
	 iters: 7000, epoch: 16 | loss: 1.1358684
	 variance:  [0.57595843]
	 speed: 0.0368s/iter; left time: 41872.5546s
	 iters: 7100, epoch: 16 | loss: 0.6464883
	 variance:  [0.7890402]
	 speed: 0.0370s/iter; left time: 42024.0653s
	 iters: 7200, epoch: 16 | loss: 0.7366718
	 variance:  [0.7530007]
	 speed: 0.0365s/iter; left time: 41431.6572s
	 iters: 7300, epoch: 16 | loss: 0.6717136
	 variance:  [0.95502037]
	 speed: 0.0343s/iter; left time: 38955.9014s
	 iters: 7400, epoch: 16 | loss: 0.7254907
	 variance:  [1.3907208]
	 speed: 0.0342s/iter; left time: 38802.9050s
	 iters: 7500, epoch: 16 | loss: 1.6387713
	 variance:  [2.2130892]
	 speed: 0.0371s/iter; left time: 42132.3117s
	 iters: 7600, epoch: 16 | loss: 0.7339076
	 variance:  [1.0027299]
	 speed: 0.0367s/iter; left time: 41677.7788s
	 iters: 7700, epoch: 16 | loss: 0.9829127
	 variance:  [1.1785216]
	 speed: 0.0366s/iter; left time: 41594.1135s
	 iters: 7800, epoch: 16 | loss: 0.9599767
	 variance:  [1.241254]
	 speed: 0.0375s/iter; left time: 42560.0702s
	 iters: 7900, epoch: 16 | loss: 0.8013675
	 variance:  [1.002214]
	 speed: 0.0381s/iter; left time: 43215.3252s
	 iters: 8000, epoch: 16 | loss: 0.5524360
	 variance:  [1.0091575]
	 speed: 0.0376s/iter; left time: 42645.1570s
	 iters: 8100, epoch: 16 | loss: 0.4006103
	 variance:  [1.1147788]
	 speed: 0.0358s/iter; left time: 40657.5558s
	 iters: 8200, epoch: 16 | loss: 0.4339313
	 variance:  [2.3401437]
	 speed: 0.0364s/iter; left time: 41357.9988s
	 iters: 8300, epoch: 16 | loss: 0.4510685
	 variance:  [1.3428577]
	 speed: 0.0338s/iter; left time: 38420.6747s
	 iters: 8400, epoch: 16 | loss: 0.8488824
	 variance:  [0.48494425]
	 speed: 0.0324s/iter; left time: 36737.0366s
Validation loss did not decrease 1 / 20
Epoch: 16 Time: 313.53414964675903 Steps: 8471
Train Loss: 0.6576061 | Val Loss: 0.6496115 | Test Loss: 0.5534421
Test Loss (15 mins): 0.0440763 | (30 mins): 0.0636272 | (45 mins): 0.0835623 | (60 mins): 0.1001736
	 iters: 100, epoch: 17 | loss: 0.6363182
	 variance:  [0.4869966]
	 speed: 0.0380s/iter; left time: 43088.5548s
	 iters: 200, epoch: 17 | loss: 0.5723519
	 variance:  [0.6960097]
	 speed: 0.0379s/iter; left time: 43053.0486s
	 iters: 300, epoch: 17 | loss: 0.7664515
	 variance:  [3.0045161]
	 speed: 0.0365s/iter; left time: 41447.7803s
	 iters: 400, epoch: 17 | loss: 0.6783069
	 variance:  [1.4723918]
	 speed: 0.0360s/iter; left time: 40826.9922s
	 iters: 500, epoch: 17 | loss: 1.0379459
	 variance:  [0.9236921]
	 speed: 0.0360s/iter; left time: 40802.5484s
	 iters: 600, epoch: 17 | loss: 0.7279654
	 variance:  [2.4033694]
	 speed: 0.0374s/iter; left time: 42445.0375s
	 iters: 700, epoch: 17 | loss: 0.6801186
	 variance:  [0.97709495]
	 speed: 0.0370s/iter; left time: 41982.2809s
	 iters: 800, epoch: 17 | loss: 1.0375937
	 variance:  [0.6819886]
	 speed: 0.0351s/iter; left time: 39855.2877s
	 iters: 900, epoch: 17 | loss: 0.8871354
	 variance:  [2.7394302]
	 speed: 0.0360s/iter; left time: 40792.4823s
	 iters: 1000, epoch: 17 | loss: 0.7276101
	 variance:  [0.94514143]
	 speed: 0.0367s/iter; left time: 41629.2544s
	 iters: 1100, epoch: 17 | loss: 0.5564694
	 variance:  [0.7449716]
	 speed: 0.0374s/iter; left time: 42419.8640s
	 iters: 1200, epoch: 17 | loss: 0.5570461
	 variance:  [0.89736944]
	 speed: 0.0380s/iter; left time: 43128.0211s
	 iters: 1300, epoch: 17 | loss: 0.4472752
	 variance:  [0.5899393]
	 speed: 0.0365s/iter; left time: 41401.9088s
	 iters: 1400, epoch: 17 | loss: 0.4639859
	 variance:  [0.30459246]
	 speed: 0.0373s/iter; left time: 42270.2274s
	 iters: 1500, epoch: 17 | loss: 0.5869381
	 variance:  [1.633603]
	 speed: 0.0360s/iter; left time: 40862.9804s
	 iters: 1600, epoch: 17 | loss: 0.4016762
	 variance:  [0.47660598]
	 speed: 0.0357s/iter; left time: 40452.6371s
	 iters: 1700, epoch: 17 | loss: 0.9143750
	 variance:  [0.5237713]
	 speed: 0.0329s/iter; left time: 37339.0019s
	 iters: 1800, epoch: 17 | loss: 0.7934434
	 variance:  [3.8084683]
	 speed: 0.0380s/iter; left time: 43085.0296s
	 iters: 1900, epoch: 17 | loss: 0.8211842
	 variance:  [1.4223613]
	 speed: 0.0371s/iter; left time: 42013.7568s
	 iters: 2000, epoch: 17 | loss: 0.6755142
	 variance:  [0.712894]
	 speed: 0.0379s/iter; left time: 42998.7758s
	 iters: 2100, epoch: 17 | loss: 0.5604471
	 variance:  [1.6723577]
	 speed: 0.0378s/iter; left time: 42784.3917s
	 iters: 2200, epoch: 17 | loss: 0.5756400
	 variance:  [0.17169514]
	 speed: 0.0364s/iter; left time: 41185.8683s
	 iters: 2300, epoch: 17 | loss: 0.5730318
	 variance:  [0.66033095]
	 speed: 0.0365s/iter; left time: 41398.8242s
	 iters: 2400, epoch: 17 | loss: 2.3611040
	 variance:  [2.5107458]
	 speed: 0.0324s/iter; left time: 36737.9663s
	 iters: 2500, epoch: 17 | loss: 0.7126543
	 variance:  [2.6705081]
	 speed: 0.0355s/iter; left time: 40218.7306s
	 iters: 2600, epoch: 17 | loss: 0.3918366
	 variance:  [0.53055453]
	 speed: 0.0364s/iter; left time: 41186.5501s
	 iters: 2700, epoch: 17 | loss: 0.4749641
	 variance:  [3.986904]
	 speed: 0.0378s/iter; left time: 42750.4250s
	 iters: 2800, epoch: 17 | loss: 0.7859997
	 variance:  [2.3191872]
	 speed: 0.0373s/iter; left time: 42221.6598s
	 iters: 2900, epoch: 17 | loss: 0.8188000
	 variance:  [2.7940152]
	 speed: 0.0302s/iter; left time: 34166.6113s
	 iters: 3000, epoch: 17 | loss: 0.4426828
	 variance:  [0.57679284]
	 speed: 0.0370s/iter; left time: 41925.1370s
	 iters: 3100, epoch: 17 | loss: 0.6632701
	 variance:  [0.6728733]
	 speed: 0.0381s/iter; left time: 43098.5604s
	 iters: 3200, epoch: 17 | loss: 0.5378085
	 variance:  [0.62478596]
	 speed: 0.0363s/iter; left time: 41110.5452s
	 iters: 3300, epoch: 17 | loss: 0.4756074
	 variance:  [1.5847114]
	 speed: 0.0372s/iter; left time: 42131.3151s
	 iters: 3400, epoch: 17 | loss: 0.4015750
	 variance:  [0.6682673]
	 speed: 0.0350s/iter; left time: 39586.4129s
	 iters: 3500, epoch: 17 | loss: 0.4956158
	 variance:  [1.6171016]
	 speed: 0.0366s/iter; left time: 41367.8961s
	 iters: 3600, epoch: 17 | loss: 0.9925023
	 variance:  [0.5093522]
	 speed: 0.0351s/iter; left time: 39721.6906s
	 iters: 3700, epoch: 17 | loss: 0.6487837
	 variance:  [0.9875523]
	 speed: 0.0359s/iter; left time: 40670.6470s
	 iters: 3800, epoch: 17 | loss: 0.8936088
	 variance:  [1.2824519]
	 speed: 0.0322s/iter; left time: 36406.3660s
	 iters: 3900, epoch: 17 | loss: 0.7755849
	 variance:  [1.5004584]
	 speed: 0.0352s/iter; left time: 39828.0590s
	 iters: 4000, epoch: 17 | loss: 0.4387838
	 variance:  [2.502334]
	 speed: 0.0367s/iter; left time: 41479.8161s
	 iters: 4100, epoch: 17 | loss: 0.6391132
	 variance:  [0.89691645]
	 speed: 0.0373s/iter; left time: 42130.8389s
	 iters: 4200, epoch: 17 | loss: 0.5564198
	 variance:  [0.3795807]
	 speed: 0.0292s/iter; left time: 33071.5706s
	 iters: 4300, epoch: 17 | loss: 0.5628029
	 variance:  [0.44783065]
	 speed: 0.0356s/iter; left time: 40245.1965s
	 iters: 4400, epoch: 17 | loss: 0.6474891
	 variance:  [1.5756978]
	 speed: 0.0360s/iter; left time: 40718.1209s
	 iters: 4500, epoch: 17 | loss: 0.3913345
	 variance:  [1.0881431]
	 speed: 0.0368s/iter; left time: 41599.1336s
	 iters: 4600, epoch: 17 | loss: 0.3954862
	 variance:  [1.0769618]
	 speed: 0.0372s/iter; left time: 42106.1841s
	 iters: 4700, epoch: 17 | loss: 0.7534391
	 variance:  [2.2383347]
	 speed: 0.0322s/iter; left time: 36433.9121s
	 iters: 4800, epoch: 17 | loss: 0.6600178
	 variance:  [1.6003704]
	 speed: 0.0367s/iter; left time: 41484.7092s
	 iters: 4900, epoch: 17 | loss: 0.6937627
	 variance:  [1.4895424]
	 speed: 0.0342s/iter; left time: 38691.2163s
	 iters: 5000, epoch: 17 | loss: 0.7209787
	 variance:  [1.004109]
	 speed: 0.0301s/iter; left time: 34024.6659s
	 iters: 5100, epoch: 17 | loss: 0.6169343
	 variance:  [0.3968086]
	 speed: 0.0308s/iter; left time: 34851.8434s
	 iters: 5200, epoch: 17 | loss: 0.8268731
	 variance:  [1.7997457]
	 speed: 0.0347s/iter; left time: 39168.8353s
	 iters: 5300, epoch: 17 | loss: 0.6277440
	 variance:  [0.55072]
	 speed: 0.0344s/iter; left time: 38818.0365s
	 iters: 5400, epoch: 17 | loss: 0.9255032
	 variance:  [0.74508023]
	 speed: 0.0348s/iter; left time: 39306.4571s
	 iters: 5500, epoch: 17 | loss: 1.0268298
	 variance:  [0.80052155]
	 speed: 0.0314s/iter; left time: 35489.7989s
	 iters: 5600, epoch: 17 | loss: 0.8289473
	 variance:  [1.7819821]
	 speed: 0.0327s/iter; left time: 36965.7001s
	 iters: 5700, epoch: 17 | loss: 0.5371407
	 variance:  [0.32833338]
	 speed: 0.0370s/iter; left time: 41810.0105s
	 iters: 5800, epoch: 17 | loss: 0.7221255
	 variance:  [13.766734]
	 speed: 0.0369s/iter; left time: 41647.1659s
	 iters: 5900, epoch: 17 | loss: 0.7107403
	 variance:  [0.49678192]
	 speed: 0.0368s/iter; left time: 41604.0176s
	 iters: 6000, epoch: 17 | loss: 1.1517361
	 variance:  [3.609212]
	 speed: 0.0345s/iter; left time: 38916.8524s
	 iters: 6100, epoch: 17 | loss: 0.5869557
	 variance:  [0.8251423]
	 speed: 0.0333s/iter; left time: 37624.1178s
	 iters: 6200, epoch: 17 | loss: 0.4977972
	 variance:  [1.4810566]
	 speed: 0.0335s/iter; left time: 37780.9671s
	 iters: 6300, epoch: 17 | loss: 0.3064152
	 variance:  [1.8592379]
	 speed: 0.0366s/iter; left time: 41364.4460s
	 iters: 6400, epoch: 17 | loss: 0.6007316
	 variance:  [0.61920995]
	 speed: 0.0369s/iter; left time: 41682.0465s
	 iters: 6500, epoch: 17 | loss: 1.0283549
	 variance:  [0.75616264]
	 speed: 0.0339s/iter; left time: 38223.5728s
	 iters: 6600, epoch: 17 | loss: 0.6214459
	 variance:  [0.48401847]
	 speed: 0.0280s/iter; left time: 31625.1397s
	 iters: 6700, epoch: 17 | loss: 0.9043418
	 variance:  [0.57991993]
	 speed: 0.0371s/iter; left time: 41869.4431s
	 iters: 6800, epoch: 17 | loss: 0.7276722
	 variance:  [1.2139014]
	 speed: 0.0344s/iter; left time: 38775.0623s
	 iters: 6900, epoch: 17 | loss: 0.7744167
	 variance:  [1.4315757]
	 speed: 0.0324s/iter; left time: 36555.5891s
	 iters: 7000, epoch: 17 | loss: 0.4854219
	 variance:  [1.8136145]
	 speed: 0.0322s/iter; left time: 36290.3434s
	 iters: 7100, epoch: 17 | loss: 0.6966550
	 variance:  [0.54586214]
	 speed: 0.0349s/iter; left time: 39314.7828s
	 iters: 7200, epoch: 17 | loss: 0.7610371
	 variance:  [0.709456]
	 speed: 0.0324s/iter; left time: 36507.9838s
	 iters: 7300, epoch: 17 | loss: 0.6051022
	 variance:  [2.495883]
	 speed: 0.0363s/iter; left time: 40951.8747s
	 iters: 7400, epoch: 17 | loss: 0.5854014
	 variance:  [1.4822066]
	 speed: 0.0365s/iter; left time: 41192.9970s
	 iters: 7500, epoch: 17 | loss: 0.4792771
	 variance:  [0.5109403]
	 speed: 0.0363s/iter; left time: 40898.6105s
	 iters: 7600, epoch: 17 | loss: 0.4387493
	 variance:  [0.60527706]
	 speed: 0.0372s/iter; left time: 41889.7270s
	 iters: 7700, epoch: 17 | loss: 0.8287837
	 variance:  [0.94485694]
	 speed: 0.0311s/iter; left time: 35098.5381s
	 iters: 7800, epoch: 17 | loss: 0.4389538
	 variance:  [0.37302238]
	 speed: 0.0378s/iter; left time: 42663.9498s
	 iters: 7900, epoch: 17 | loss: 0.4275334
	 variance:  [1.5559325]
	 speed: 0.0372s/iter; left time: 41985.2263s
	 iters: 8000, epoch: 17 | loss: 0.5771064
	 variance:  [0.9013532]
	 speed: 0.0325s/iter; left time: 36598.4450s
	 iters: 8100, epoch: 17 | loss: 1.0261652
	 variance:  [1.653066]
	 speed: 0.0380s/iter; left time: 42788.9943s
	 iters: 8200, epoch: 17 | loss: 0.8281342
	 variance:  [2.4390354]
	 speed: 0.0377s/iter; left time: 42528.2694s
	 iters: 8300, epoch: 17 | loss: 0.8333046
	 variance:  [0.73603415]
	 speed: 0.0380s/iter; left time: 42826.0888s
	 iters: 8400, epoch: 17 | loss: 0.5308725
	 variance:  [0.27206716]
	 speed: 0.0357s/iter; left time: 40232.4633s
Validation loss did not decrease 2 / 20
Epoch: 17 Time: 310.36659502983093 Steps: 8471
Train Loss: 0.6554889 | Val Loss: 0.6544812 | Test Loss: 0.5516901
Test Loss (15 mins): 0.0451732 | (30 mins): 0.0650542 | (45 mins): 0.0837026 | (60 mins): 0.1022260
	 iters: 100, epoch: 18 | loss: 0.5196556
	 variance:  [0.2702466]
	 speed: 0.0325s/iter; left time: 36668.0819s
	 iters: 200, epoch: 18 | loss: 0.5616710
	 variance:  [1.0700904]
	 speed: 0.0356s/iter; left time: 40048.3856s
	 iters: 300, epoch: 18 | loss: 0.6130034
	 variance:  [0.7135932]
	 speed: 0.0354s/iter; left time: 39830.9882s
	 iters: 400, epoch: 18 | loss: 0.5424970
	 variance:  [0.6168802]
	 speed: 0.0367s/iter; left time: 41292.1423s
	 iters: 500, epoch: 18 | loss: 0.8247994
	 variance:  [0.8327477]
	 speed: 0.0378s/iter; left time: 42543.3723s
	 iters: 600, epoch: 18 | loss: 0.5359506
	 variance:  [2.2623699]
	 speed: 0.0379s/iter; left time: 42646.4240s
	 iters: 700, epoch: 18 | loss: 1.1842802
	 variance:  [0.39749512]
	 speed: 0.0376s/iter; left time: 42306.5961s
	 iters: 800, epoch: 18 | loss: 0.4147093
	 variance:  [2.4467483]
	 speed: 0.0365s/iter; left time: 41123.5046s
	 iters: 900, epoch: 18 | loss: 0.8879802
	 variance:  [0.5960308]
	 speed: 0.0351s/iter; left time: 39494.5419s
	 iters: 1000, epoch: 18 | loss: 1.5694044
	 variance:  [4.0882697]
	 speed: 0.0363s/iter; left time: 40809.9866s
	 iters: 1100, epoch: 18 | loss: 0.4523674
	 variance:  [0.60490596]
	 speed: 0.0369s/iter; left time: 41504.7892s
	 iters: 1200, epoch: 18 | loss: 0.7259378
	 variance:  [0.77728534]
	 speed: 0.0367s/iter; left time: 41270.7620s
	 iters: 1300, epoch: 18 | loss: 0.8751439
	 variance:  [1.324203]
	 speed: 0.0335s/iter; left time: 37740.9936s
	 iters: 1400, epoch: 18 | loss: 0.5488510
	 variance:  [0.81227225]
	 speed: 0.0366s/iter; left time: 41180.3686s
	 iters: 1500, epoch: 18 | loss: 0.3510032
	 variance:  [0.7885566]
	 speed: 0.0356s/iter; left time: 40039.7896s
	 iters: 1600, epoch: 18 | loss: 0.8096384
	 variance:  [7.384691]
	 speed: 0.0348s/iter; left time: 39167.5958s
	 iters: 1700, epoch: 18 | loss: 1.1459336
	 variance:  [0.5228059]
	 speed: 0.0379s/iter; left time: 42664.5689s
	 iters: 1800, epoch: 18 | loss: 0.5262562
	 variance:  [1.7154129]
	 speed: 0.0340s/iter; left time: 38192.7338s
	 iters: 1900, epoch: 18 | loss: 0.5321696
	 variance:  [0.993432]
	 speed: 0.0363s/iter; left time: 40787.1666s
	 iters: 2000, epoch: 18 | loss: 0.7626734
	 variance:  [1.2036699]
	 speed: 0.0374s/iter; left time: 42105.3007s
	 iters: 2100, epoch: 18 | loss: 0.6483929
	 variance:  [1.3949593]
	 speed: 0.0363s/iter; left time: 40876.6863s
	 iters: 2200, epoch: 18 | loss: 0.4686545
	 variance:  [0.43051717]
	 speed: 0.0345s/iter; left time: 38737.4168s
	 iters: 2300, epoch: 18 | loss: 0.6789753
	 variance:  [1.3856405]
	 speed: 0.0308s/iter; left time: 34657.6972s
	 iters: 2400, epoch: 18 | loss: 1.0249336
	 variance:  [0.80669945]
	 speed: 0.0333s/iter; left time: 37462.3245s
	 iters: 2500, epoch: 18 | loss: 0.4982761
	 variance:  [2.9496734]
	 speed: 0.0327s/iter; left time: 36791.4374s
	 iters: 2600, epoch: 18 | loss: 0.8816193
	 variance:  [0.42621583]
	 speed: 0.0336s/iter; left time: 37713.4773s
	 iters: 2700, epoch: 18 | loss: 0.7968325
	 variance:  [1.6624362]
	 speed: 0.0365s/iter; left time: 41027.6015s
	 iters: 2800, epoch: 18 | loss: 0.9416009
	 variance:  [3.599991]
	 speed: 0.0326s/iter; left time: 36638.9541s
	 iters: 2900, epoch: 18 | loss: 0.7689624
	 variance:  [0.6497139]
	 speed: 0.0380s/iter; left time: 42692.4254s
	 iters: 3000, epoch: 18 | loss: 0.5422630
	 variance:  [0.5540779]
	 speed: 0.0353s/iter; left time: 39697.7611s
	 iters: 3100, epoch: 18 | loss: 0.6396396
	 variance:  [1.9759027]
	 speed: 0.0331s/iter; left time: 37154.6107s
	 iters: 3200, epoch: 18 | loss: 0.6583536
	 variance:  [1.1087728]
	 speed: 0.0373s/iter; left time: 41910.5711s
	 iters: 3300, epoch: 18 | loss: 0.5466886
	 variance:  [0.5319741]
	 speed: 0.0363s/iter; left time: 40805.1138s
	 iters: 3400, epoch: 18 | loss: 0.5406648
	 variance:  [0.94835556]
	 speed: 0.0344s/iter; left time: 38613.0550s
	 iters: 3500, epoch: 18 | loss: 0.7480316
	 variance:  [0.65619385]
	 speed: 0.0349s/iter; left time: 39185.8390s
	 iters: 3600, epoch: 18 | loss: 0.6677721
	 variance:  [3.573153]
	 speed: 0.0378s/iter; left time: 42460.6137s
	 iters: 3700, epoch: 18 | loss: 0.4847304
	 variance:  [0.6934083]
	 speed: 0.0373s/iter; left time: 41896.1726s
	 iters: 3800, epoch: 18 | loss: 0.5449440
	 variance:  [0.60549396]
	 speed: 0.0370s/iter; left time: 41526.2080s
	 iters: 3900, epoch: 18 | loss: 0.6931608
	 variance:  [0.4104076]
	 speed: 0.0362s/iter; left time: 40631.1439s
	 iters: 4000, epoch: 18 | loss: 0.4352767
	 variance:  [2.5079777]
	 speed: 0.0367s/iter; left time: 41204.1512s
	 iters: 4100, epoch: 18 | loss: 0.4763902
	 variance:  [1.3961256]
	 speed: 0.0344s/iter; left time: 38660.9560s
	 iters: 4200, epoch: 18 | loss: 1.1568985
	 variance:  [2.3294609]
	 speed: 0.0368s/iter; left time: 41329.0964s
	 iters: 4300, epoch: 18 | loss: 0.3100697
	 variance:  [2.6410477]
	 speed: 0.0379s/iter; left time: 42516.2998s
	 iters: 4400, epoch: 18 | loss: 0.2901520
	 variance:  [1.6178476]
	 speed: 0.0378s/iter; left time: 42385.6971s
	 iters: 4500, epoch: 18 | loss: 0.6799199
	 variance:  [0.5520897]
	 speed: 0.0375s/iter; left time: 42035.8439s
	 iters: 4600, epoch: 18 | loss: 0.8215486
	 variance:  [0.4129269]
	 speed: 0.0357s/iter; left time: 40090.8777s
	 iters: 4700, epoch: 18 | loss: 0.5810732
	 variance:  [0.6174108]
	 speed: 0.0374s/iter; left time: 41933.5338s
	 iters: 4800, epoch: 18 | loss: 0.6283987
	 variance:  [3.9591937]
	 speed: 0.0364s/iter; left time: 40796.8159s
	 iters: 4900, epoch: 18 | loss: 0.5313809
	 variance:  [1.389241]
	 speed: 0.0367s/iter; left time: 41199.4037s
	 iters: 5000, epoch: 18 | loss: 0.4773959
	 variance:  [0.6561847]
	 speed: 0.0371s/iter; left time: 41587.0102s
	 iters: 5100, epoch: 18 | loss: 0.3174319
	 variance:  [3.3713167]
	 speed: 0.0377s/iter; left time: 42326.0617s
	 iters: 5200, epoch: 18 | loss: 0.6969140
	 variance:  [0.7738575]
	 speed: 0.0350s/iter; left time: 39232.7089s
	 iters: 5300, epoch: 18 | loss: 0.8426644
	 variance:  [1.2800795]
	 speed: 0.0360s/iter; left time: 40388.7068s
	 iters: 5400, epoch: 18 | loss: 0.3991641
	 variance:  [1.5571592]
	 speed: 0.0380s/iter; left time: 42645.6781s
	 iters: 5500, epoch: 18 | loss: 1.1411132
	 variance:  [0.9988991]
	 speed: 0.0377s/iter; left time: 42314.5719s
	 iters: 5600, epoch: 18 | loss: 0.3339869
	 variance:  [1.4129704]
	 speed: 0.0358s/iter; left time: 40086.6889s
	 iters: 5700, epoch: 18 | loss: 0.6593823
	 variance:  [1.4850807]
	 speed: 0.0363s/iter; left time: 40736.1132s
	 iters: 5800, epoch: 18 | loss: 0.6101758
	 variance:  [0.8900645]
	 speed: 0.0371s/iter; left time: 41538.8190s
	 iters: 5900, epoch: 18 | loss: 0.3540148
	 variance:  [0.2637158]
	 speed: 0.0359s/iter; left time: 40284.3743s
	 iters: 6000, epoch: 18 | loss: 0.6388509
	 variance:  [0.22659507]
	 speed: 0.0366s/iter; left time: 41020.8482s
	 iters: 6100, epoch: 18 | loss: 0.6190216
	 variance:  [4.826794]
	 speed: 0.0368s/iter; left time: 41182.9676s
	 iters: 6200, epoch: 18 | loss: 0.4674804
	 variance:  [0.51713896]
	 speed: 0.0364s/iter; left time: 40814.1006s
	 iters: 6300, epoch: 18 | loss: 1.2255907
	 variance:  [1.8453805]
	 speed: 0.0360s/iter; left time: 40376.7848s
	 iters: 6400, epoch: 18 | loss: 0.4818253
	 variance:  [0.4139589]
	 speed: 0.0372s/iter; left time: 41715.9446s
	 iters: 6500, epoch: 18 | loss: 0.4028987
	 variance:  [1.3586042]
	 speed: 0.0370s/iter; left time: 41433.2600s
	 iters: 6600, epoch: 18 | loss: 0.3108825
	 variance:  [2.0671344]
	 speed: 0.0360s/iter; left time: 40293.0498s
	 iters: 6700, epoch: 18 | loss: 0.7327856
	 variance:  [0.59681123]
	 speed: 0.0363s/iter; left time: 40670.1763s
	 iters: 6800, epoch: 18 | loss: 0.6584646
	 variance:  [1.2264475]
	 speed: 0.0359s/iter; left time: 40206.8627s
	 iters: 6900, epoch: 18 | loss: 0.4632376
	 variance:  [0.27091262]
	 speed: 0.0366s/iter; left time: 40936.0108s
	 iters: 7000, epoch: 18 | loss: 0.5731733
	 variance:  [2.1645648]
	 speed: 0.0320s/iter; left time: 35821.8762s
	 iters: 7100, epoch: 18 | loss: 0.3556410
	 variance:  [1.6152563]
	 speed: 0.0361s/iter; left time: 40448.6086s
	 iters: 7200, epoch: 18 | loss: 1.2490249
	 variance:  [0.75208354]
	 speed: 0.0368s/iter; left time: 41149.5564s
	 iters: 7300, epoch: 18 | loss: 0.7949128
	 variance:  [0.4144386]
	 speed: 0.0380s/iter; left time: 42584.7765s
	 iters: 7400, epoch: 18 | loss: 0.9170942
	 variance:  [0.3997607]
	 speed: 0.0381s/iter; left time: 42678.5185s
	 iters: 7500, epoch: 18 | loss: 0.3928594
	 variance:  [4.0819163]
	 speed: 0.0375s/iter; left time: 42023.5730s
	 iters: 7600, epoch: 18 | loss: 0.8648281
	 variance:  [0.8040955]
	 speed: 0.0346s/iter; left time: 38715.5905s
	 iters: 7700, epoch: 18 | loss: 0.5399013
	 variance:  [0.5549418]
	 speed: 0.0329s/iter; left time: 36763.5033s
	 iters: 7800, epoch: 18 | loss: 0.5141456
	 variance:  [1.7609514]
	 speed: 0.0359s/iter; left time: 40202.5717s
	 iters: 7900, epoch: 18 | loss: 0.4531711
	 variance:  [1.4298236]
	 speed: 0.0368s/iter; left time: 41148.7910s
	 iters: 8000, epoch: 18 | loss: 0.5864862
	 variance:  [1.5450131]
	 speed: 0.0349s/iter; left time: 39035.0296s
	 iters: 8100, epoch: 18 | loss: 0.8582238
	 variance:  [3.6260657]
	 speed: 0.0372s/iter; left time: 41569.8882s
	 iters: 8200, epoch: 18 | loss: 1.1074322
	 variance:  [1.0526834]
	 speed: 0.0375s/iter; left time: 41927.2371s
	 iters: 8300, epoch: 18 | loss: 0.3782481
	 variance:  [0.6933902]
	 speed: 0.0363s/iter; left time: 40594.7073s
	 iters: 8400, epoch: 18 | loss: 0.5554315
	 variance:  [1.4441537]
	 speed: 0.0365s/iter; left time: 40866.5070s
Validation loss did not decrease 3 / 20
Epoch: 18 Time: 315.01052236557007 Steps: 8471
Train Loss: 0.6534865 | Val Loss: 0.6642969 | Test Loss: 0.5358118
Test Loss (15 mins): 0.0526981 | (30 mins): 0.0663197 | (45 mins): 0.0838257 | (60 mins): 0.0972023
	 iters: 100, epoch: 19 | loss: 0.4331619
	 variance:  [1.2106183]
	 speed: 0.0363s/iter; left time: 40546.9881s
	 iters: 200, epoch: 19 | loss: 0.7094304
	 variance:  [0.5051354]
	 speed: 0.0371s/iter; left time: 41472.3714s
	 iters: 300, epoch: 19 | loss: 1.0709827
	 variance:  [0.5380105]
	 speed: 0.0378s/iter; left time: 42205.1892s
	 iters: 400, epoch: 19 | loss: 0.4684794
	 variance:  [1.0056667]
	 speed: 0.0357s/iter; left time: 39893.6436s
	 iters: 500, epoch: 19 | loss: 0.5251499
	 variance:  [0.95826244]
	 speed: 0.0368s/iter; left time: 41080.7444s
	 iters: 600, epoch: 19 | loss: 0.6817477
	 variance:  [1.7676492]
	 speed: 0.0355s/iter; left time: 39661.3418s
	 iters: 700, epoch: 19 | loss: 1.1345547
	 variance:  [0.84978247]
	 speed: 0.0335s/iter; left time: 37457.7935s
	 iters: 800, epoch: 19 | loss: 0.2726271
	 variance:  [1.1780306]
	 speed: 0.0347s/iter; left time: 38806.2849s
	 iters: 900, epoch: 19 | loss: 0.3939633
	 variance:  [3.78575]
	 speed: 0.0371s/iter; left time: 41413.6769s
	 iters: 1000, epoch: 19 | loss: 0.6827578
	 variance:  [0.4695133]
	 speed: 0.0373s/iter; left time: 41701.0854s
	 iters: 1100, epoch: 19 | loss: 0.4494049
	 variance:  [0.09583502]
	 speed: 0.0340s/iter; left time: 37935.5877s
	 iters: 1200, epoch: 19 | loss: 0.7547265
	 variance:  [0.5422429]
	 speed: 0.0373s/iter; left time: 41706.3574s
	 iters: 1300, epoch: 19 | loss: 0.5130727
	 variance:  [1.1833061]
	 speed: 0.0373s/iter; left time: 41683.5070s
	 iters: 1400, epoch: 19 | loss: 1.1739225
	 variance:  [1.7125326]
	 speed: 0.0351s/iter; left time: 39211.6378s
	 iters: 1500, epoch: 19 | loss: 0.4104974
	 variance:  [0.22103532]
	 speed: 0.0374s/iter; left time: 41733.0943s
	 iters: 1600, epoch: 19 | loss: 0.5157427
	 variance:  [0.5830095]
	 speed: 0.0356s/iter; left time: 39796.7050s
	 iters: 1700, epoch: 19 | loss: 0.9174945
	 variance:  [0.6405165]
	 speed: 0.0326s/iter; left time: 36407.2546s
	 iters: 1800, epoch: 19 | loss: 0.4689972
	 variance:  [0.35817716]
	 speed: 0.0360s/iter; left time: 40205.3755s
	 iters: 1900, epoch: 19 | loss: 0.2933800
	 variance:  [0.8392557]
	 speed: 0.0319s/iter; left time: 35600.4731s
	 iters: 2000, epoch: 19 | loss: 0.4116645
	 variance:  [1.4726018]
	 speed: 0.0379s/iter; left time: 42265.9235s
	 iters: 2100, epoch: 19 | loss: 0.7436101
	 variance:  [0.9314407]
	 speed: 0.0379s/iter; left time: 42270.1675s
	 iters: 2200, epoch: 19 | loss: 0.3436353
	 variance:  [1.1669762]
	 speed: 0.0363s/iter; left time: 40541.4541s
	 iters: 2300, epoch: 19 | loss: 0.8667501
	 variance:  [5.843487]
	 speed: 0.0356s/iter; left time: 39702.2914s
	 iters: 2400, epoch: 19 | loss: 0.3804748
	 variance:  [1.7429477]
	 speed: 0.0320s/iter; left time: 35713.7440s
	 iters: 2500, epoch: 19 | loss: 0.8698196
	 variance:  [0.6084517]
	 speed: 0.0322s/iter; left time: 35881.4357s
	 iters: 2600, epoch: 19 | loss: 0.8929629
	 variance:  [4.0323186]
	 speed: 0.0348s/iter; left time: 38835.2153s
	 iters: 2700, epoch: 19 | loss: 1.1794531
	 variance:  [0.62634677]
	 speed: 0.0324s/iter; left time: 36125.7088s
	 iters: 2800, epoch: 19 | loss: 0.6023390
	 variance:  [1.0134156]
	 speed: 0.0339s/iter; left time: 37855.7655s
	 iters: 2900, epoch: 19 | loss: 2.2001572
	 variance:  [1.1552691]
	 speed: 0.0370s/iter; left time: 41264.2081s
	 iters: 3000, epoch: 19 | loss: 1.4833875
	 variance:  [0.25243902]
	 speed: 0.0333s/iter; left time: 37105.9071s
	 iters: 3100, epoch: 19 | loss: 0.5503634
	 variance:  [1.1007004]
	 speed: 0.0329s/iter; left time: 36633.2223s
	 iters: 3200, epoch: 19 | loss: 0.3714386
	 variance:  [0.43833447]
	 speed: 0.0363s/iter; left time: 40421.8597s
	 iters: 3300, epoch: 19 | loss: 0.4780561
	 variance:  [1.0694698]
	 speed: 0.0357s/iter; left time: 39838.7630s
	 iters: 3400, epoch: 19 | loss: 0.5862619
	 variance:  [0.7598355]
	 speed: 0.0303s/iter; left time: 33831.8891s
	 iters: 3500, epoch: 19 | loss: 0.9594463
	 variance:  [0.8449245]
	 speed: 0.0334s/iter; left time: 37262.2234s
	 iters: 3600, epoch: 19 | loss: 1.0232563
	 variance:  [1.6890588]
	 speed: 0.0330s/iter; left time: 36771.8044s
	 iters: 3700, epoch: 19 | loss: 0.4527783
	 variance:  [0.8301202]
	 speed: 0.0359s/iter; left time: 39971.7664s
	 iters: 3800, epoch: 19 | loss: 0.7487856
	 variance:  [0.2898531]
	 speed: 0.0302s/iter; left time: 33639.6376s
	 iters: 3900, epoch: 19 | loss: 1.1471272
	 variance:  [0.5910204]
	 speed: 0.0346s/iter; left time: 38587.9813s
	 iters: 4000, epoch: 19 | loss: 0.9159519
	 variance:  [0.5776513]
	 speed: 0.0311s/iter; left time: 34596.0839s
	 iters: 4100, epoch: 19 | loss: 0.6071869
	 variance:  [0.9491945]
	 speed: 0.0337s/iter; left time: 37519.7744s
	 iters: 4200, epoch: 19 | loss: 0.4726095
	 variance:  [0.5112875]
	 speed: 0.0318s/iter; left time: 35394.5613s
	 iters: 4300, epoch: 19 | loss: 0.8671715
	 variance:  [1.266157]
	 speed: 0.0295s/iter; left time: 32888.2434s
	 iters: 4400, epoch: 19 | loss: 1.0661857
	 variance:  [1.5279406]
	 speed: 0.0373s/iter; left time: 41529.5637s
	 iters: 4500, epoch: 19 | loss: 0.5626509
	 variance:  [5.1072826]
	 speed: 0.0374s/iter; left time: 41659.8431s
	 iters: 4600, epoch: 19 | loss: 0.4878943
	 variance:  [1.9462318]
	 speed: 0.0378s/iter; left time: 42112.9979s
	 iters: 4700, epoch: 19 | loss: 0.4738840
	 variance:  [1.3047804]
	 speed: 0.0370s/iter; left time: 41179.4379s
	 iters: 4800, epoch: 19 | loss: 0.5202878
	 variance:  [1.1155877]
	 speed: 0.0345s/iter; left time: 38362.6910s
	 iters: 4900, epoch: 19 | loss: 1.0300407
	 variance:  [2.0963953]
	 speed: 0.0306s/iter; left time: 34088.7435s
	 iters: 5000, epoch: 19 | loss: 0.4973615
	 variance:  [0.65272266]
	 speed: 0.0300s/iter; left time: 33420.9180s
	 iters: 5100, epoch: 19 | loss: 0.4667373
	 variance:  [1.1605914]
	 speed: 0.0275s/iter; left time: 30627.1896s
	 iters: 5200, epoch: 19 | loss: 0.7393625
	 variance:  [1.2950269]
	 speed: 0.0352s/iter; left time: 39157.2919s
	 iters: 5300, epoch: 19 | loss: 0.8440883
	 variance:  [0.4967621]
	 speed: 0.0374s/iter; left time: 41660.6236s
	 iters: 5400, epoch: 19 | loss: 0.5216377
	 variance:  [0.8442951]
	 speed: 0.0370s/iter; left time: 41223.4023s
	 iters: 5500, epoch: 19 | loss: 0.4100650
	 variance:  [2.8416016]
	 speed: 0.0295s/iter; left time: 32836.1923s
	 iters: 5600, epoch: 19 | loss: 0.7495570
	 variance:  [1.1397052]
	 speed: 0.0315s/iter; left time: 35024.0448s
	 iters: 5700, epoch: 19 | loss: 0.3936990
	 variance:  [0.59638697]
	 speed: 0.0319s/iter; left time: 35468.7474s
	 iters: 5800, epoch: 19 | loss: 0.5410661
	 variance:  [3.3058436]
	 speed: 0.0377s/iter; left time: 41973.5966s
	 iters: 5900, epoch: 19 | loss: 0.4038972
	 variance:  [3.3409605]
	 speed: 0.0357s/iter; left time: 39702.3802s
	 iters: 6000, epoch: 19 | loss: 0.5107653
	 variance:  [2.0958614]
	 speed: 0.0361s/iter; left time: 40193.3073s
	 iters: 6100, epoch: 19 | loss: 1.2602502
	 variance:  [0.78667456]
	 speed: 0.0337s/iter; left time: 37439.0421s
	 iters: 6200, epoch: 19 | loss: 0.4490629
	 variance:  [3.1311157]
	 speed: 0.0324s/iter; left time: 35974.5338s
	 iters: 6300, epoch: 19 | loss: 0.5758171
	 variance:  [0.496418]
	 speed: 0.0369s/iter; left time: 41041.7506s
	 iters: 6400, epoch: 19 | loss: 1.4846878
	 variance:  [1.5456634]
	 speed: 0.0341s/iter; left time: 37916.8888s
	 iters: 6500, epoch: 19 | loss: 0.7077920
	 variance:  [1.006517]
	 speed: 0.0371s/iter; left time: 41205.5783s
	 iters: 6600, epoch: 19 | loss: 0.4006766
	 variance:  [0.85623777]
	 speed: 0.0321s/iter; left time: 35630.4615s
	 iters: 6700, epoch: 19 | loss: 0.8380947
	 variance:  [2.4151688]
	 speed: 0.0329s/iter; left time: 36533.5657s
	 iters: 6800, epoch: 19 | loss: 0.6336110
	 variance:  [5.5898924]
	 speed: 0.0364s/iter; left time: 40464.8687s
	 iters: 6900, epoch: 19 | loss: 0.9989430
	 variance:  [9.246167]
	 speed: 0.0370s/iter; left time: 41172.4253s
	 iters: 7000, epoch: 19 | loss: 0.6538370
	 variance:  [0.78993136]
	 speed: 0.0363s/iter; left time: 40314.5250s
	 iters: 7100, epoch: 19 | loss: 0.7576607
	 variance:  [0.4957138]
	 speed: 0.0346s/iter; left time: 38414.6945s
	 iters: 7200, epoch: 19 | loss: 0.3735671
	 variance:  [0.6699122]
	 speed: 0.0346s/iter; left time: 38418.1000s
	 iters: 7300, epoch: 19 | loss: 0.6439739
	 variance:  [0.33721244]
	 speed: 0.0331s/iter; left time: 36772.4409s
	 iters: 7400, epoch: 19 | loss: 0.3933769
	 variance:  [2.487297]
	 speed: 0.0308s/iter; left time: 34182.9862s
	 iters: 7500, epoch: 19 | loss: 0.5030199
	 variance:  [0.56304556]
	 speed: 0.0305s/iter; left time: 33830.4508s
	 iters: 7600, epoch: 19 | loss: 0.4859480
	 variance:  [1.0231144]
	 speed: 0.0326s/iter; left time: 36204.1554s
	 iters: 7700, epoch: 19 | loss: 0.4499516
	 variance:  [0.73115635]
	 speed: 0.0318s/iter; left time: 35328.1518s
	 iters: 7800, epoch: 19 | loss: 0.4634967
	 variance:  [0.5157446]
	 speed: 0.0316s/iter; left time: 35103.9100s
	 iters: 7900, epoch: 19 | loss: 1.1494373
	 variance:  [4.4494286]
	 speed: 0.0340s/iter; left time: 37702.3950s
	 iters: 8000, epoch: 19 | loss: 0.5839307
	 variance:  [0.9473531]
	 speed: 0.0297s/iter; left time: 32934.5848s
	 iters: 8100, epoch: 19 | loss: 0.6017751
	 variance:  [0.38862276]
	 speed: 0.0340s/iter; left time: 37744.7909s
	 iters: 8200, epoch: 19 | loss: 0.4498011
	 variance:  [2.350656]
	 speed: 0.0341s/iter; left time: 37839.1428s
	 iters: 8300, epoch: 19 | loss: 0.5214164
	 variance:  [5.427111]
	 speed: 0.0351s/iter; left time: 38994.9510s
	 iters: 8400, epoch: 19 | loss: 0.2983000
	 variance:  [2.397723]
	 speed: 0.0301s/iter; left time: 33457.5113s
Validation loss did not decrease 4 / 20
Epoch: 19 Time: 299.7243230342865 Steps: 8471
Train Loss: 0.6505441 | Val Loss: 0.6743990 | Test Loss: 0.5512645
Test Loss (15 mins): 0.0432423 | (30 mins): 0.0630381 | (45 mins): 0.0810341 | (60 mins): 0.0976158
	 iters: 100, epoch: 20 | loss: 0.4249898
	 variance:  [0.53277194]
	 speed: 0.0331s/iter; left time: 36678.5638s
	 iters: 200, epoch: 20 | loss: 0.6439822
	 variance:  [1.7289922]
	 speed: 0.0311s/iter; left time: 34557.0142s
	 iters: 300, epoch: 20 | loss: 0.6614908
	 variance:  [2.253796]
	 speed: 0.0286s/iter; left time: 31678.3682s
	 iters: 400, epoch: 20 | loss: 0.5133152
	 variance:  [0.9434921]
	 speed: 0.0340s/iter; left time: 37755.6499s
	 iters: 500, epoch: 20 | loss: 0.6661560
	 variance:  [1.3447212]
	 speed: 0.0333s/iter; left time: 36886.8115s
	 iters: 600, epoch: 20 | loss: 0.5368632
	 variance:  [0.28445998]
	 speed: 0.0356s/iter; left time: 39466.5358s
	 iters: 700, epoch: 20 | loss: 0.6754804
	 variance:  [0.7476715]
	 speed: 0.0304s/iter; left time: 33729.5301s
	 iters: 800, epoch: 20 | loss: 0.4553897
	 variance:  [1.0484318]
	 speed: 0.0312s/iter; left time: 34646.8291s
	 iters: 900, epoch: 20 | loss: 0.4842806
	 variance:  [0.94922835]
	 speed: 0.0294s/iter; left time: 32613.5069s
	 iters: 1000, epoch: 20 | loss: 0.5885696
	 variance:  [2.660852]
	 speed: 0.0324s/iter; left time: 35968.2855s
	 iters: 1100, epoch: 20 | loss: 0.4965649
	 variance:  [0.8942334]
	 speed: 0.0306s/iter; left time: 33930.8988s
	 iters: 1200, epoch: 20 | loss: 1.0069972
	 variance:  [3.9141014]
	 speed: 0.0294s/iter; left time: 32579.4699s
	 iters: 1300, epoch: 20 | loss: 0.7833149
	 variance:  [2.0511389]
	 speed: 0.0317s/iter; left time: 35114.8781s
	 iters: 1400, epoch: 20 | loss: 0.8444471
	 variance:  [2.7152476]
	 speed: 0.0350s/iter; left time: 38767.1187s
	 iters: 1500, epoch: 20 | loss: 0.5475374
	 variance:  [0.9504809]
	 speed: 0.0341s/iter; left time: 37796.4901s
	 iters: 1600, epoch: 20 | loss: 0.6588198
	 variance:  [0.39084867]
	 speed: 0.0344s/iter; left time: 38165.6511s
	 iters: 1700, epoch: 20 | loss: 0.7624328
	 variance:  [4.074773]
	 speed: 0.0307s/iter; left time: 33973.6077s
	 iters: 1800, epoch: 20 | loss: 0.1864256
	 variance:  [4.9388924]
	 speed: 0.0353s/iter; left time: 39112.1998s
	 iters: 1900, epoch: 20 | loss: 0.3317531
	 variance:  [0.85589427]
	 speed: 0.0347s/iter; left time: 38451.6405s
	 iters: 2000, epoch: 20 | loss: 0.5563980
	 variance:  [1.2999502]
	 speed: 0.0377s/iter; left time: 41813.7761s
	 iters: 2100, epoch: 20 | loss: 0.5571475
	 variance:  [1.560974]
	 speed: 0.0339s/iter; left time: 37600.3968s
	 iters: 2200, epoch: 20 | loss: 0.9775920
	 variance:  [1.4474235]
	 speed: 0.0297s/iter; left time: 32839.3952s
	 iters: 2300, epoch: 20 | loss: 0.9499292
	 variance:  [1.9563392]
	 speed: 0.0292s/iter; left time: 32374.1246s
	 iters: 2400, epoch: 20 | loss: 0.5738355
	 variance:  [0.80741847]
	 speed: 0.0297s/iter; left time: 32936.2010s
	 iters: 2500, epoch: 20 | loss: 0.7144486
	 variance:  [0.77097785]
	 speed: 0.0294s/iter; left time: 32506.1400s
	 iters: 2600, epoch: 20 | loss: 1.0131696
	 variance:  [1.9268781]
	 speed: 0.0282s/iter; left time: 31185.1751s
	 iters: 2700, epoch: 20 | loss: 0.7676889
	 variance:  [1.5426158]
	 speed: 0.0335s/iter; left time: 37115.8205s
	 iters: 2800, epoch: 20 | loss: 0.5859064
	 variance:  [0.7078352]
	 speed: 0.0351s/iter; left time: 38847.3963s
	 iters: 2900, epoch: 20 | loss: 0.6580527
	 variance:  [2.1397188]
	 speed: 0.0348s/iter; left time: 38508.4450s
	 iters: 3000, epoch: 20 | loss: 0.8102862
	 variance:  [2.5342007]
	 speed: 0.0371s/iter; left time: 41035.6731s
	 iters: 3100, epoch: 20 | loss: 0.6520647
	 variance:  [1.4786835]
	 speed: 0.0365s/iter; left time: 40399.2136s
	 iters: 3200, epoch: 20 | loss: 0.8366052
	 variance:  [0.14323372]
	 speed: 0.0344s/iter; left time: 38040.6229s
	 iters: 3300, epoch: 20 | loss: 0.3223349
	 variance:  [2.5574248]
	 speed: 0.0368s/iter; left time: 40671.6923s
	 iters: 3400, epoch: 20 | loss: 0.6954038
	 variance:  [2.2288885]
	 speed: 0.0359s/iter; left time: 39708.9293s
	 iters: 3500, epoch: 20 | loss: 0.5396246
	 variance:  [2.1631024]
	 speed: 0.0297s/iter; left time: 32831.3942s
	 iters: 3600, epoch: 20 | loss: 1.0033479
	 variance:  [0.6745796]
	 speed: 0.0300s/iter; left time: 33140.1562s
	 iters: 3700, epoch: 20 | loss: 0.4530002
	 variance:  [0.9528014]
	 speed: 0.0334s/iter; left time: 36930.6855s
	 iters: 3800, epoch: 20 | loss: 0.3841930
	 variance:  [0.80274916]
	 speed: 0.0327s/iter; left time: 36161.3736s
	 iters: 3900, epoch: 20 | loss: 0.4798852
	 variance:  [4.7299657]
	 speed: 0.0312s/iter; left time: 34451.3770s
	 iters: 4000, epoch: 20 | loss: 0.4291971
	 variance:  [0.8660639]
	 speed: 0.0381s/iter; left time: 42082.2957s
	 iters: 4100, epoch: 20 | loss: 0.3521384
	 variance:  [0.5185479]
	 speed: 0.0338s/iter; left time: 37421.2852s
	 iters: 4200, epoch: 20 | loss: 0.4359996
	 variance:  [1.2471936]
	 speed: 0.0325s/iter; left time: 35965.9022s
	 iters: 4300, epoch: 20 | loss: 0.3315727
	 variance:  [0.21835822]
	 speed: 0.0373s/iter; left time: 41198.6883s
	 iters: 4400, epoch: 20 | loss: 0.5416402
	 variance:  [0.7685324]
	 speed: 0.0348s/iter; left time: 38472.8556s
	 iters: 4500, epoch: 20 | loss: 0.6273527
	 variance:  [0.7571099]
	 speed: 0.0375s/iter; left time: 41392.0244s
	 iters: 4600, epoch: 20 | loss: 0.7022654
	 variance:  [0.33286557]
	 speed: 0.0337s/iter; left time: 37186.8563s
	 iters: 4700, epoch: 20 | loss: 0.8645328
	 variance:  [0.9802753]
	 speed: 0.0354s/iter; left time: 39089.5975s
	 iters: 4800, epoch: 20 | loss: 0.8742585
	 variance:  [2.8115618]
	 speed: 0.0337s/iter; left time: 37289.8024s
	 iters: 4900, epoch: 20 | loss: 0.6833234
	 variance:  [0.51466095]
	 speed: 0.0377s/iter; left time: 41677.2941s
	 iters: 5000, epoch: 20 | loss: 0.4299168
	 variance:  [1.3182751]
	 speed: 0.0365s/iter; left time: 40302.9661s
	 iters: 5100, epoch: 20 | loss: 0.3954937
	 variance:  [0.37820196]
	 speed: 0.0362s/iter; left time: 39980.8131s
	 iters: 5200, epoch: 20 | loss: 0.7673833
	 variance:  [0.96422875]
	 speed: 0.0350s/iter; left time: 38644.7562s
	 iters: 5300, epoch: 20 | loss: 0.7105978
	 variance:  [0.58544964]
	 speed: 0.0333s/iter; left time: 36788.3794s
	 iters: 5400, epoch: 20 | loss: 0.6846110
	 variance:  [0.76821697]
	 speed: 0.0351s/iter; left time: 38804.6793s
	 iters: 5500, epoch: 20 | loss: 0.9157356
	 variance:  [0.57788384]
	 speed: 0.0308s/iter; left time: 34058.3559s
	 iters: 5600, epoch: 20 | loss: 0.3114747
	 variance:  [0.7103649]
	 speed: 0.0308s/iter; left time: 34022.3825s
	 iters: 5700, epoch: 20 | loss: 0.7052538
	 variance:  [0.66861093]
	 speed: 0.0352s/iter; left time: 38881.7905s
	 iters: 5800, epoch: 20 | loss: 0.8960721
	 variance:  [0.77651876]
	 speed: 0.0360s/iter; left time: 39701.9635s
	 iters: 5900, epoch: 20 | loss: 0.6480932
	 variance:  [0.583455]
	 speed: 0.0359s/iter; left time: 39667.3791s
	 iters: 6000, epoch: 20 | loss: 0.3856803
	 variance:  [0.76497054]
	 speed: 0.0332s/iter; left time: 36614.1178s
	 iters: 6100, epoch: 20 | loss: 0.5074470
	 variance:  [1.7214667]
	 speed: 0.0360s/iter; left time: 39696.6705s
	 iters: 6200, epoch: 20 | loss: 0.4345372
	 variance:  [1.5223006]
	 speed: 0.0317s/iter; left time: 34934.6068s
	 iters: 6300, epoch: 20 | loss: 0.9120648
	 variance:  [1.0300329]
	 speed: 0.0351s/iter; left time: 38710.1953s
	 iters: 6400, epoch: 20 | loss: 0.8483218
	 variance:  [0.6243507]
	 speed: 0.0333s/iter; left time: 36710.5497s
	 iters: 6500, epoch: 20 | loss: 0.5391998
	 variance:  [1.3782151]
	 speed: 0.0283s/iter; left time: 31209.7897s
	 iters: 6600, epoch: 20 | loss: 0.6381066
	 variance:  [0.67456806]
	 speed: 0.0302s/iter; left time: 33259.3076s
	 iters: 6700, epoch: 20 | loss: 0.4908119
	 variance:  [1.8559259]
	 speed: 0.0363s/iter; left time: 39995.7721s
	 iters: 6800, epoch: 20 | loss: 0.4614882
	 variance:  [0.51529765]
	 speed: 0.0357s/iter; left time: 39365.7594s
	 iters: 6900, epoch: 20 | loss: 0.4660119
	 variance:  [8.325603]
	 speed: 0.0274s/iter; left time: 30267.9013s
	 iters: 7000, epoch: 20 | loss: 0.9328671
	 variance:  [0.57998043]
	 speed: 0.0372s/iter; left time: 40975.4450s
	 iters: 7100, epoch: 20 | loss: 0.5336120
	 variance:  [2.3488417]
	 speed: 0.0360s/iter; left time: 39691.2130s
	 iters: 7200, epoch: 20 | loss: 0.3547971
	 variance:  [0.26111203]
	 speed: 0.0299s/iter; left time: 32945.4715s
	 iters: 7300, epoch: 20 | loss: 0.7474162
	 variance:  [1.0290613]
	 speed: 0.0344s/iter; left time: 37907.0382s
	 iters: 7400, epoch: 20 | loss: 0.4196058
	 variance:  [0.8104872]
	 speed: 0.0372s/iter; left time: 40991.5928s
	 iters: 7500, epoch: 20 | loss: 0.3989234
	 variance:  [0.5024528]
	 speed: 0.0364s/iter; left time: 40171.6336s
	 iters: 7600, epoch: 20 | loss: 0.6913198
	 variance:  [0.18042488]
	 speed: 0.0280s/iter; left time: 30858.8502s
	 iters: 7700, epoch: 20 | loss: 0.8359588
	 variance:  [6.28634]
	 speed: 0.0308s/iter; left time: 33941.5189s
	 iters: 7800, epoch: 20 | loss: 0.5199377
	 variance:  [0.36708242]
	 speed: 0.0320s/iter; left time: 35314.2112s
	 iters: 7900, epoch: 20 | loss: 0.3245541
	 variance:  [0.4257354]
	 speed: 0.0356s/iter; left time: 39213.0519s
	 iters: 8000, epoch: 20 | loss: 1.6424932
	 variance:  [0.1811957]
	 speed: 0.0302s/iter; left time: 33277.3548s
	 iters: 8100, epoch: 20 | loss: 0.4114234
	 variance:  [0.81726813]
	 speed: 0.0290s/iter; left time: 31910.4193s
	 iters: 8200, epoch: 20 | loss: 0.4997663
	 variance:  [1.5580512]
	 speed: 0.0289s/iter; left time: 31880.1340s
	 iters: 8300, epoch: 20 | loss: 0.5101241
	 variance:  [0.87940747]
	 speed: 0.0324s/iter; left time: 35645.5499s
	 iters: 8400, epoch: 20 | loss: 0.8300835
	 variance:  [1.8421263]
	 speed: 0.0368s/iter; left time: 40527.6150s
Validation loss did not decrease 5 / 20
Epoch: 20 Time: 291.8815948963165 Steps: 8471
Train Loss: 0.6493608 | Val Loss: 0.6394270 | Test Loss: 0.5334264
Test Loss (15 mins): 0.0420189 | (30 mins): 0.0619070 | (45 mins): 0.0824203 | (60 mins): 0.1001627
	 iters: 100, epoch: 21 | loss: 0.6037098
	 variance:  [0.70832974]
	 speed: 0.0369s/iter; left time: 40620.6558s
	 iters: 200, epoch: 21 | loss: 0.6446936
	 variance:  [2.4256413]
	 speed: 0.0296s/iter; left time: 32567.2285s
	 iters: 300, epoch: 21 | loss: 0.4850717
	 variance:  [1.2651606]
	 speed: 0.0327s/iter; left time: 36035.6161s
	 iters: 400, epoch: 21 | loss: 0.3694557
	 variance:  [0.7945851]
	 speed: 0.0344s/iter; left time: 37910.3284s
	 iters: 500, epoch: 21 | loss: 0.9087438
	 variance:  [1.9471452]
	 speed: 0.0370s/iter; left time: 40731.4144s
	 iters: 600, epoch: 21 | loss: 0.3354316
	 variance:  [2.6379178]
	 speed: 0.0366s/iter; left time: 40318.4554s
	 iters: 700, epoch: 21 | loss: 0.4420577
	 variance:  [1.1561143]
	 speed: 0.0353s/iter; left time: 38814.4106s
	 iters: 800, epoch: 21 | loss: 0.4448108
	 variance:  [1.5956198]
	 speed: 0.0306s/iter; left time: 33689.8323s
	 iters: 900, epoch: 21 | loss: 0.6142104
	 variance:  [0.81377476]
	 speed: 0.0338s/iter; left time: 37155.8729s
	 iters: 1000, epoch: 21 | loss: 0.3697245
	 variance:  [1.4936132]
	 speed: 0.0335s/iter; left time: 36810.0432s
	 iters: 1100, epoch: 21 | loss: 0.4403415
	 variance:  [4.7629404]
	 speed: 0.0348s/iter; left time: 38335.6456s
	 iters: 1200, epoch: 21 | loss: 0.4723477
	 variance:  [0.67135376]
	 speed: 0.0311s/iter; left time: 34233.9297s
	 iters: 1300, epoch: 21 | loss: 0.7730165
	 variance:  [0.616502]
	 speed: 0.0354s/iter; left time: 38949.3370s
	 iters: 1400, epoch: 21 | loss: 0.4054043
	 variance:  [4.1881375]
	 speed: 0.0372s/iter; left time: 40927.3909s
	 iters: 1500, epoch: 21 | loss: 0.5701146
	 variance:  [0.74254125]
	 speed: 0.0352s/iter; left time: 38761.7406s
	 iters: 1600, epoch: 21 | loss: 0.7301611
	 variance:  [0.67344964]
	 speed: 0.0324s/iter; left time: 35594.5782s
	 iters: 1700, epoch: 21 | loss: 1.2030449
	 variance:  [1.8053222]
	 speed: 0.0355s/iter; left time: 38989.1570s
	 iters: 1800, epoch: 21 | loss: 0.5479524
	 variance:  [3.6275063]
	 speed: 0.0345s/iter; left time: 37961.4161s
	 iters: 1900, epoch: 21 | loss: 0.4715975
	 variance:  [0.975664]
	 speed: 0.0313s/iter; left time: 34393.8781s
	 iters: 2000, epoch: 21 | loss: 0.9564301
	 variance:  [0.5178296]
	 speed: 0.0326s/iter; left time: 35803.3397s
	 iters: 2100, epoch: 21 | loss: 0.4990980
	 variance:  [0.6645974]
	 speed: 0.0362s/iter; left time: 39826.9396s
	 iters: 2200, epoch: 21 | loss: 0.5623801
	 variance:  [3.1852767]
	 speed: 0.0353s/iter; left time: 38807.2918s
	 iters: 2300, epoch: 21 | loss: 1.9559296
	 variance:  [3.0746121]
	 speed: 0.0309s/iter; left time: 33940.7645s
	 iters: 2400, epoch: 21 | loss: 0.6342214
	 variance:  [0.99656427]
	 speed: 0.0311s/iter; left time: 34174.7590s
	 iters: 2500, epoch: 21 | loss: 0.5952871
	 variance:  [0.29396078]
	 speed: 0.0342s/iter; left time: 37532.4061s
	 iters: 2600, epoch: 21 | loss: 0.5854329
	 variance:  [0.9448479]
	 speed: 0.0336s/iter; left time: 36865.1209s
	 iters: 2700, epoch: 21 | loss: 0.9775718
	 variance:  [0.5959406]
	 speed: 0.0299s/iter; left time: 32859.8090s
	 iters: 2800, epoch: 21 | loss: 0.7269214
	 variance:  [1.2115698]
	 speed: 0.0353s/iter; left time: 38732.7934s
	 iters: 2900, epoch: 21 | loss: 0.3414227
	 variance:  [3.6370568]
	 speed: 0.0304s/iter; left time: 33412.5573s
	 iters: 3000, epoch: 21 | loss: 0.5919703
	 variance:  [1.2299982]
	 speed: 0.0325s/iter; left time: 35652.4514s
	 iters: 3100, epoch: 21 | loss: 0.9605449
	 variance:  [0.25330594]
	 speed: 0.0368s/iter; left time: 40443.5373s
	 iters: 3200, epoch: 21 | loss: 0.5088451
	 variance:  [4.3148623]
	 speed: 0.0366s/iter; left time: 40221.0783s
	 iters: 3300, epoch: 21 | loss: 0.5192171
	 variance:  [0.32744065]
	 speed: 0.0331s/iter; left time: 36372.2417s
	 iters: 3400, epoch: 21 | loss: 0.6270516
	 variance:  [1.4841198]
	 speed: 0.0364s/iter; left time: 40002.1956s
	 iters: 3500, epoch: 21 | loss: 0.4048135
	 variance:  [0.7216751]
	 speed: 0.0313s/iter; left time: 34365.6973s
	 iters: 3600, epoch: 21 | loss: 0.7419576
	 variance:  [0.71883255]
	 speed: 0.0373s/iter; left time: 40914.8232s
	 iters: 3700, epoch: 21 | loss: 0.4315161
	 variance:  [0.46290153]
	 speed: 0.0298s/iter; left time: 32749.3277s
	 iters: 3800, epoch: 21 | loss: 0.4725651
	 variance:  [0.75446165]
	 speed: 0.0327s/iter; left time: 35839.4908s
	 iters: 3900, epoch: 21 | loss: 0.7715449
	 variance:  [0.377717]
	 speed: 0.0345s/iter; left time: 37864.6150s
	 iters: 4000, epoch: 21 | loss: 0.2279178
	 variance:  [9.254189]
	 speed: 0.0298s/iter; left time: 32734.6182s
	 iters: 4100, epoch: 21 | loss: 0.5875647
	 variance:  [0.65065145]
	 speed: 0.0356s/iter; left time: 39031.1717s
	 iters: 4200, epoch: 21 | loss: 0.3882436
	 variance:  [1.1319464]
	 speed: 0.0318s/iter; left time: 34924.7566s
	 iters: 4300, epoch: 21 | loss: 0.8071636
	 variance:  [2.972834]
	 speed: 0.0285s/iter; left time: 31288.9965s
	 iters: 4400, epoch: 21 | loss: 1.2595530
	 variance:  [0.48931482]
	 speed: 0.0294s/iter; left time: 32270.6656s
	 iters: 4500, epoch: 21 | loss: 0.6472455
	 variance:  [1.2640908]
	 speed: 0.0339s/iter; left time: 37139.8684s
	 iters: 4600, epoch: 21 | loss: 0.8606889
	 variance:  [0.69375885]
	 speed: 0.0344s/iter; left time: 37691.8563s
	 iters: 4700, epoch: 21 | loss: 0.7010182
	 variance:  [0.78004074]
	 speed: 0.0362s/iter; left time: 39679.1166s
	 iters: 4800, epoch: 21 | loss: 0.5570204
	 variance:  [0.6827429]
	 speed: 0.0331s/iter; left time: 36335.7927s
	 iters: 4900, epoch: 21 | loss: 0.9914141
	 variance:  [3.453136]
	 speed: 0.0277s/iter; left time: 30357.4687s
	 iters: 5000, epoch: 21 | loss: 0.9002610
	 variance:  [1.2635521]
	 speed: 0.0314s/iter; left time: 34388.8275s
	 iters: 5100, epoch: 21 | loss: 0.5596001
	 variance:  [1.3989667]
	 speed: 0.0341s/iter; left time: 37427.3198s
	 iters: 5200, epoch: 21 | loss: 1.0805396
	 variance:  [0.49410853]
	 speed: 0.0326s/iter; left time: 35692.8663s
	 iters: 5300, epoch: 21 | loss: 0.8208465
	 variance:  [2.8744435]
	 speed: 0.0337s/iter; left time: 36942.1257s
	 iters: 5400, epoch: 21 | loss: 0.3687620
	 variance:  [0.57507235]
	 speed: 0.0349s/iter; left time: 38193.9391s
	 iters: 5500, epoch: 21 | loss: 0.8524278
	 variance:  [1.0103267]
	 speed: 0.0310s/iter; left time: 33915.8164s
	 iters: 5600, epoch: 21 | loss: 0.3792957
	 variance:  [1.7583811]
	 speed: 0.0345s/iter; left time: 37828.8217s
	 iters: 5700, epoch: 21 | loss: 0.9386465
	 variance:  [1.4359735]
	 speed: 0.0343s/iter; left time: 37595.1126s
	 iters: 5800, epoch: 21 | loss: 0.8203014
	 variance:  [1.2216488]
	 speed: 0.0318s/iter; left time: 34803.1701s
	 iters: 5900, epoch: 21 | loss: 0.3936332
	 variance:  [0.8049057]
	 speed: 0.0320s/iter; left time: 35026.1544s
	 iters: 6000, epoch: 21 | loss: 0.6911860
	 variance:  [2.2929168]
	 speed: 0.0308s/iter; left time: 33700.8234s
	 iters: 6100, epoch: 21 | loss: 0.6810352
	 variance:  [0.9795805]
	 speed: 0.0362s/iter; left time: 39678.2505s
	 iters: 6200, epoch: 21 | loss: 0.3812039
	 variance:  [2.5838623]
	 speed: 0.0356s/iter; left time: 39018.7972s
	 iters: 6300, epoch: 21 | loss: 0.3830081
	 variance:  [1.2547618]
	 speed: 0.0366s/iter; left time: 40108.0808s
	 iters: 6400, epoch: 21 | loss: 0.4401906
	 variance:  [0.3732553]
	 speed: 0.0322s/iter; left time: 35240.8282s
	 iters: 6500, epoch: 21 | loss: 0.4597093
	 variance:  [0.35055345]
	 speed: 0.0329s/iter; left time: 35981.9229s
	 iters: 6600, epoch: 21 | loss: 0.7536279
	 variance:  [2.1774976]
	 speed: 0.0293s/iter; left time: 32095.2299s
	 iters: 6700, epoch: 21 | loss: 0.2982478
	 variance:  [1.3645339]
	 speed: 0.0315s/iter; left time: 34508.3664s
	 iters: 6800, epoch: 21 | loss: 0.5658056
	 variance:  [0.61264443]
	 speed: 0.0320s/iter; left time: 35056.5461s
	 iters: 6900, epoch: 21 | loss: 0.8156279
	 variance:  [2.2387736]
	 speed: 0.0339s/iter; left time: 37087.7744s
	 iters: 7000, epoch: 21 | loss: 0.9061317
	 variance:  [0.58815455]
	 speed: 0.0340s/iter; left time: 37235.6648s
	 iters: 7100, epoch: 21 | loss: 0.9502039
	 variance:  [0.68339294]
	 speed: 0.0319s/iter; left time: 34874.0978s
	 iters: 7200, epoch: 21 | loss: 0.3947260
	 variance:  [3.0442262]
	 speed: 0.0314s/iter; left time: 34377.8940s
	 iters: 7300, epoch: 21 | loss: 0.6406775
	 variance:  [3.284166]
	 speed: 0.0279s/iter; left time: 30491.9302s
	 iters: 7400, epoch: 21 | loss: 1.0014830
	 variance:  [1.523865]
	 speed: 0.0359s/iter; left time: 39236.4913s
	 iters: 7500, epoch: 21 | loss: 0.4524714
	 variance:  [2.3347778]
	 speed: 0.0333s/iter; left time: 36406.4091s
	 iters: 7600, epoch: 21 | loss: 0.3724545
	 variance:  [0.38336763]
	 speed: 0.0355s/iter; left time: 38791.0778s
	 iters: 7700, epoch: 21 | loss: 0.7431720
	 variance:  [2.3556967]
	 speed: 0.0371s/iter; left time: 40547.9464s
	 iters: 7800, epoch: 21 | loss: 0.5900573
	 variance:  [2.1637304]
	 speed: 0.0326s/iter; left time: 35645.9965s
	 iters: 7900, epoch: 21 | loss: 0.5740828
	 variance:  [1.9368725]
	 speed: 0.0373s/iter; left time: 40830.1874s
	 iters: 8000, epoch: 21 | loss: 0.6332219
	 variance:  [1.7853765]
	 speed: 0.0376s/iter; left time: 41140.9360s
	 iters: 8100, epoch: 21 | loss: 0.5251933
	 variance:  [0.93133855]
	 speed: 0.0351s/iter; left time: 38362.6092s
	 iters: 8200, epoch: 21 | loss: 0.5506522
	 variance:  [1.1224514]
	 speed: 0.0363s/iter; left time: 39694.5935s
	 iters: 8300, epoch: 21 | loss: 0.8597333
	 variance:  [0.6065134]
	 speed: 0.0329s/iter; left time: 35981.4936s
	 iters: 8400, epoch: 21 | loss: 0.7386174
	 variance:  [1.0033029]
	 speed: 0.0358s/iter; left time: 39149.9434s
Validation loss did not decrease 6 / 20
Epoch: 21 Time: 294.2353501319885 Steps: 8471
Train Loss: 0.6477796 | Val Loss: 0.6403588 | Test Loss: 0.5401285
Test Loss (15 mins): 0.0449478 | (30 mins): 0.0669142 | (45 mins): 0.0871959 | (60 mins): 0.1051297
	 iters: 100, epoch: 22 | loss: 0.7929520
	 variance:  [0.80418104]
	 speed: 0.0354s/iter; left time: 38675.6672s
	 iters: 200, epoch: 22 | loss: 0.5172788
	 variance:  [3.7187796]
	 speed: 0.0359s/iter; left time: 39192.9367s
	 iters: 300, epoch: 22 | loss: 0.7930002
	 variance:  [0.49841404]
	 speed: 0.0377s/iter; left time: 41139.8925s
	 iters: 400, epoch: 22 | loss: 0.3220009
	 variance:  [0.5393542]
	 speed: 0.0325s/iter; left time: 35479.1981s
	 iters: 500, epoch: 22 | loss: 0.5412986
	 variance:  [1.1512308]
	 speed: 0.0309s/iter; left time: 33758.5179s
	 iters: 600, epoch: 22 | loss: 0.6673323
	 variance:  [1.013419]
	 speed: 0.0291s/iter; left time: 31781.5419s
	 iters: 700, epoch: 22 | loss: 0.7373907
	 variance:  [3.9922884]
	 speed: 0.0348s/iter; left time: 37973.7642s
	 iters: 800, epoch: 22 | loss: 0.4978453
	 variance:  [2.8300405]
	 speed: 0.0367s/iter; left time: 40100.7823s
	 iters: 900, epoch: 22 | loss: 0.6454183
	 variance:  [0.847135]
	 speed: 0.0351s/iter; left time: 38318.2725s
	 iters: 1000, epoch: 22 | loss: 0.3643932
	 variance:  [2.3365054]
	 speed: 0.0318s/iter; left time: 34679.7599s
	 iters: 1100, epoch: 22 | loss: 0.6156219
	 variance:  [0.7027195]
	 speed: 0.0341s/iter; left time: 37227.2388s
	 iters: 1200, epoch: 22 | loss: 0.4939945
	 variance:  [0.56458926]
	 speed: 0.0344s/iter; left time: 37589.7715s
	 iters: 1300, epoch: 22 | loss: 0.8711433
	 variance:  [0.7408709]
	 speed: 0.0326s/iter; left time: 35634.4214s
	 iters: 1400, epoch: 22 | loss: 0.5883495
	 variance:  [0.8847592]
	 speed: 0.0311s/iter; left time: 33909.2434s
	 iters: 1500, epoch: 22 | loss: 0.5209704
	 variance:  [0.94171804]
	 speed: 0.0373s/iter; left time: 40663.8373s
	 iters: 1600, epoch: 22 | loss: 0.5031236
	 variance:  [3.1470232]
	 speed: 0.0361s/iter; left time: 39336.3650s
	 iters: 1700, epoch: 22 | loss: 0.7128145
	 variance:  [0.59180933]
	 speed: 0.0372s/iter; left time: 40563.3522s
	 iters: 1800, epoch: 22 | loss: 0.3463286
	 variance:  [0.6198299]
	 speed: 0.0372s/iter; left time: 40533.5953s
	 iters: 1900, epoch: 22 | loss: 0.3029498
	 variance:  [0.70800716]
	 speed: 0.0376s/iter; left time: 41008.4814s
	 iters: 2000, epoch: 22 | loss: 0.4510567
	 variance:  [1.3068376]
	 speed: 0.0374s/iter; left time: 40815.2885s
	 iters: 2100, epoch: 22 | loss: 0.6239080
	 variance:  [1.3175069]
	 speed: 0.0343s/iter; left time: 37428.1141s
	 iters: 2200, epoch: 22 | loss: 0.2860569
	 variance:  [0.7284032]
	 speed: 0.0335s/iter; left time: 36533.3741s
	 iters: 2300, epoch: 22 | loss: 0.3389958
	 variance:  [2.3707073]
	 speed: 0.0302s/iter; left time: 32959.0993s
	 iters: 2400, epoch: 22 | loss: 0.4112751
	 variance:  [0.42409775]
	 speed: 0.0335s/iter; left time: 36557.6175s
	 iters: 2500, epoch: 22 | loss: 0.6536875
	 variance:  [0.98514915]
	 speed: 0.0303s/iter; left time: 33019.6349s
	 iters: 2600, epoch: 22 | loss: 0.4115866
	 variance:  [1.043566]
	 speed: 0.0356s/iter; left time: 38862.1019s
	 iters: 2700, epoch: 22 | loss: 0.3785233
	 variance:  [2.9817514]
	 speed: 0.0337s/iter; left time: 36693.2304s
	 iters: 2800, epoch: 22 | loss: 1.0440390
	 variance:  [0.5627116]
	 speed: 0.0361s/iter; left time: 39377.8267s
	 iters: 2900, epoch: 22 | loss: 0.5304557
	 variance:  [1.252469]
	 speed: 0.0356s/iter; left time: 38825.9949s
	 iters: 3000, epoch: 22 | loss: 1.1315204
	 variance:  [1.1782799]
	 speed: 0.0378s/iter; left time: 41138.8230s
	 iters: 3100, epoch: 22 | loss: 0.6454765
	 variance:  [0.8210842]
	 speed: 0.0340s/iter; left time: 37013.8649s
	 iters: 3200, epoch: 22 | loss: 0.8503422
	 variance:  [0.4505908]
	 speed: 0.0355s/iter; left time: 38724.2836s
	 iters: 3300, epoch: 22 | loss: 0.4816271
	 variance:  [0.3953462]
	 speed: 0.0360s/iter; left time: 39215.8290s
	 iters: 3400, epoch: 22 | loss: 0.7257988
	 variance:  [0.3533345]
	 speed: 0.0331s/iter; left time: 36020.2282s
	 iters: 3500, epoch: 22 | loss: 0.2385361
	 variance:  [0.7104387]
	 speed: 0.0359s/iter; left time: 39115.2184s
	 iters: 3600, epoch: 22 | loss: 0.6455702
	 variance:  [3.799854]
	 speed: 0.0324s/iter; left time: 35330.5712s
	 iters: 3700, epoch: 22 | loss: 0.4968065
	 variance:  [0.57417536]
	 speed: 0.0282s/iter; left time: 30660.0360s
	 iters: 3800, epoch: 22 | loss: 0.7759260
	 variance:  [1.0463675]
	 speed: 0.0335s/iter; left time: 36438.1148s
	 iters: 3900, epoch: 22 | loss: 0.8511819
	 variance:  [1.0634637]
	 speed: 0.0321s/iter; left time: 34995.4774s
	 iters: 4000, epoch: 22 | loss: 0.5235166
	 variance:  [0.49530402]
	 speed: 0.0365s/iter; left time: 39771.9810s
	 iters: 4100, epoch: 22 | loss: 0.4229337
	 variance:  [2.484988]
	 speed: 0.0364s/iter; left time: 39579.7782s
	 iters: 4200, epoch: 22 | loss: 0.5465404
	 variance:  [1.3464829]
	 speed: 0.0286s/iter; left time: 31115.3405s
	 iters: 4300, epoch: 22 | loss: 0.5318726
	 variance:  [0.24795693]
	 speed: 0.0334s/iter; left time: 36351.0467s
	 iters: 4400, epoch: 22 | loss: 0.5317652
	 variance:  [0.53992534]
	 speed: 0.0348s/iter; left time: 37881.3712s
	 iters: 4500, epoch: 22 | loss: 0.7276276
	 variance:  [1.585639]
	 speed: 0.0370s/iter; left time: 40285.9441s
	 iters: 4600, epoch: 22 | loss: 0.9132544
	 variance:  [2.3952239]
	 speed: 0.0342s/iter; left time: 37210.5872s
	 iters: 4700, epoch: 22 | loss: 0.4937912
	 variance:  [0.8100285]
	 speed: 0.0375s/iter; left time: 40764.7440s
	 iters: 4800, epoch: 22 | loss: 0.4488949
	 variance:  [1.1635357]
	 speed: 0.0328s/iter; left time: 35642.4362s
	 iters: 4900, epoch: 22 | loss: 0.6593466
	 variance:  [0.46808216]
	 speed: 0.0316s/iter; left time: 34416.2078s
	 iters: 5000, epoch: 22 | loss: 0.8256788
	 variance:  [0.93982923]
	 speed: 0.0356s/iter; left time: 38715.4118s
	 iters: 5100, epoch: 22 | loss: 0.4667045
	 variance:  [1.2206489]
	 speed: 0.0298s/iter; left time: 32415.9116s
	 iters: 5200, epoch: 22 | loss: 0.5871487
	 variance:  [0.66487443]
	 speed: 0.0339s/iter; left time: 36902.4083s
	 iters: 5300, epoch: 22 | loss: 0.7055354
	 variance:  [1.0893707]
	 speed: 0.0321s/iter; left time: 34905.4674s
	 iters: 5400, epoch: 22 | loss: 0.5867989
	 variance:  [1.1267147]
	 speed: 0.0362s/iter; left time: 39317.5629s
	 iters: 5500, epoch: 22 | loss: 0.4417614
	 variance:  [0.3668977]
	 speed: 0.0301s/iter; left time: 32722.5546s
	 iters: 5600, epoch: 22 | loss: 0.7276899
	 variance:  [1.8887224]
	 speed: 0.0308s/iter; left time: 33490.7454s
	 iters: 5700, epoch: 22 | loss: 0.7954816
	 variance:  [2.8484976]
	 speed: 0.0342s/iter; left time: 37131.3170s
	 iters: 5800, epoch: 22 | loss: 1.2622560
	 variance:  [0.6269985]
	 speed: 0.0377s/iter; left time: 40936.3030s
	 iters: 5900, epoch: 22 | loss: 0.7717403
	 variance:  [0.71467954]
	 speed: 0.0343s/iter; left time: 37303.3639s
	 iters: 6000, epoch: 22 | loss: 0.7804248
	 variance:  [1.120703]
	 speed: 0.0295s/iter; left time: 32059.3583s
	 iters: 6100, epoch: 22 | loss: 0.5763329
	 variance:  [0.7646356]
	 speed: 0.0395s/iter; left time: 42888.8564s
	 iters: 6200, epoch: 22 | loss: 0.7087523
	 variance:  [0.5666846]
	 speed: 0.0365s/iter; left time: 39684.3467s
	 iters: 6300, epoch: 22 | loss: 0.7356148
	 variance:  [1.4631515]
	 speed: 0.0423s/iter; left time: 45962.5865s
	 iters: 6400, epoch: 22 | loss: 0.6586995
	 variance:  [1.1617812]
	 speed: 0.0326s/iter; left time: 35374.3426s
	 iters: 6500, epoch: 22 | loss: 0.6138003
	 variance:  [6.366279]
	 speed: 0.0323s/iter; left time: 35037.0248s
	 iters: 6600, epoch: 22 | loss: 0.4855630
	 variance:  [0.8311271]
	 speed: 0.0346s/iter; left time: 37541.7381s
	 iters: 6700, epoch: 22 | loss: 0.7987595
	 variance:  [0.5724328]
	 speed: 0.0365s/iter; left time: 39674.9124s
	 iters: 6800, epoch: 22 | loss: 0.5908662
	 variance:  [1.2698036]
	 speed: 0.0341s/iter; left time: 37075.9486s
	 iters: 6900, epoch: 22 | loss: 0.8604678
	 variance:  [0.71894604]
	 speed: 0.0307s/iter; left time: 33361.3449s
	 iters: 7000, epoch: 22 | loss: 0.8125910
	 variance:  [5.5270967]
	 speed: 0.0309s/iter; left time: 33508.3446s
	 iters: 7100, epoch: 22 | loss: 0.3898950
	 variance:  [1.0999688]
	 speed: 0.0313s/iter; left time: 33957.8687s
	 iters: 7200, epoch: 22 | loss: 0.4620022
	 variance:  [0.57921636]
	 speed: 0.0271s/iter; left time: 29416.6732s
	 iters: 7300, epoch: 22 | loss: 1.1642303
	 variance:  [1.5660715]
	 speed: 0.0293s/iter; left time: 31841.2683s
	 iters: 7400, epoch: 22 | loss: 0.3689144
	 variance:  [1.0017129]
	 speed: 0.0311s/iter; left time: 33799.6976s
	 iters: 7500, epoch: 22 | loss: 0.5474749
	 variance:  [3.1548615]
	 speed: 0.0355s/iter; left time: 38544.8055s
	 iters: 7600, epoch: 22 | loss: 0.8503633
	 variance:  [1.456406]
	 speed: 0.0376s/iter; left time: 40780.6687s
	 iters: 7700, epoch: 22 | loss: 0.4623354
	 variance:  [0.5303506]
	 speed: 0.0348s/iter; left time: 37720.9471s
	 iters: 7800, epoch: 22 | loss: 0.9735641
	 variance:  [2.0343533]
	 speed: 0.0318s/iter; left time: 34459.2854s
	 iters: 7900, epoch: 22 | loss: 0.5922066
	 variance:  [1.0183221]
	 speed: 0.0337s/iter; left time: 36554.7397s
	 iters: 8000, epoch: 22 | loss: 0.7784450
	 variance:  [1.161166]
	 speed: 0.0340s/iter; left time: 36881.0186s
	 iters: 8100, epoch: 22 | loss: 0.3267590
	 variance:  [1.5502309]
	 speed: 0.0341s/iter; left time: 36988.4870s
	 iters: 8200, epoch: 22 | loss: 0.5328277
	 variance:  [0.7060812]
	 speed: 0.0346s/iter; left time: 37521.1556s
	 iters: 8300, epoch: 22 | loss: 0.8654889
	 variance:  [0.61837894]
	 speed: 0.0350s/iter; left time: 38000.9775s
	 iters: 8400, epoch: 22 | loss: 0.5290827
	 variance:  [0.6003665]
	 speed: 0.0334s/iter; left time: 36196.3692s
Validation loss did not decrease 7 / 20
Epoch: 22 Time: 298.39096212387085 Steps: 8471
Train Loss: 0.6461796 | Val Loss: 0.6501407 | Test Loss: 0.5384536
Test Loss (15 mins): 0.0427958 | (30 mins): 0.0633833 | (45 mins): 0.0832912 | (60 mins): 0.0992863
	 iters: 100, epoch: 23 | loss: 0.8436496
	 variance:  [1.012788]
	 speed: 0.0339s/iter; left time: 36745.8709s
	 iters: 200, epoch: 23 | loss: 0.6724626
	 variance:  [1.2924689]
	 speed: 0.0361s/iter; left time: 39091.6284s
	 iters: 300, epoch: 23 | loss: 0.7061639
	 variance:  [1.0249815]
	 speed: 0.0369s/iter; left time: 39980.0648s
	 iters: 400, epoch: 23 | loss: 0.9335890
	 variance:  [2.021578]
	 speed: 0.0355s/iter; left time: 38476.5989s
	 iters: 500, epoch: 23 | loss: 0.9363376
	 variance:  [0.93102455]
	 speed: 0.0373s/iter; left time: 40377.7180s
	 iters: 600, epoch: 23 | loss: 1.0588939
	 variance:  [1.8504462]
	 speed: 0.0368s/iter; left time: 39868.4186s
	 iters: 700, epoch: 23 | loss: 0.5916383
	 variance:  [1.0932895]
	 speed: 0.0359s/iter; left time: 38897.8138s
	 iters: 800, epoch: 23 | loss: 0.6478912
	 variance:  [0.5730064]
	 speed: 0.0343s/iter; left time: 37153.7305s
	 iters: 900, epoch: 23 | loss: 0.7719560
	 variance:  [1.1009879]
	 speed: 0.0374s/iter; left time: 40484.2501s
	 iters: 1000, epoch: 23 | loss: 1.5485896
	 variance:  [0.872627]
	 speed: 0.0296s/iter; left time: 32090.7408s
	 iters: 1100, epoch: 23 | loss: 0.7006628
	 variance:  [0.78413314]
	 speed: 0.0320s/iter; left time: 34696.4606s
	 iters: 1200, epoch: 23 | loss: 0.7364250
	 variance:  [0.5013801]
	 speed: 0.0298s/iter; left time: 32301.7694s
	 iters: 1300, epoch: 23 | loss: 0.5317227
	 variance:  [2.5869484]
	 speed: 0.0372s/iter; left time: 40310.3108s
	 iters: 1400, epoch: 23 | loss: 0.5909641
	 variance:  [0.65147084]
	 speed: 0.0319s/iter; left time: 34531.8781s
	 iters: 1500, epoch: 23 | loss: 0.5351664
	 variance:  [0.5895684]
	 speed: 0.0363s/iter; left time: 39311.1925s
	 iters: 1600, epoch: 23 | loss: 0.5707905
	 variance:  [0.5871947]
	 speed: 0.0354s/iter; left time: 38337.8227s
	 iters: 1700, epoch: 23 | loss: 0.5034493
	 variance:  [1.712311]
	 speed: 0.0357s/iter; left time: 38595.4961s
	 iters: 1800, epoch: 23 | loss: 0.6065825
	 variance:  [0.9906497]
	 speed: 0.0365s/iter; left time: 39563.5299s
	 iters: 1900, epoch: 23 | loss: 0.4991809
	 variance:  [2.1471937]
	 speed: 0.0344s/iter; left time: 37279.7378s
	 iters: 2000, epoch: 23 | loss: 0.5396627
	 variance:  [3.8263984]
	 speed: 0.0364s/iter; left time: 39431.9337s
	 iters: 2100, epoch: 23 | loss: 0.8485228
	 variance:  [0.2772133]
	 speed: 0.0339s/iter; left time: 36699.2147s
	 iters: 2200, epoch: 23 | loss: 0.7545516
	 variance:  [0.5821119]
	 speed: 0.0344s/iter; left time: 37243.0335s
	 iters: 2300, epoch: 23 | loss: 0.8170910
	 variance:  [0.7994439]
	 speed: 0.0358s/iter; left time: 38763.4940s
	 iters: 2400, epoch: 23 | loss: 0.4961611
	 variance:  [0.94727796]
	 speed: 0.0307s/iter; left time: 33223.6438s
	 iters: 2500, epoch: 23 | loss: 0.7553867
	 variance:  [1.0403469]
	 speed: 0.0364s/iter; left time: 39343.8234s
	 iters: 2600, epoch: 23 | loss: 0.5543427
	 variance:  [0.3795686]
	 speed: 0.0368s/iter; left time: 39779.5077s
	 iters: 2700, epoch: 23 | loss: 0.5691460
	 variance:  [0.2440772]
	 speed: 0.0350s/iter; left time: 37851.0971s
	 iters: 2800, epoch: 23 | loss: 0.8105712
	 variance:  [1.2851988]
	 speed: 0.0373s/iter; left time: 40389.5236s
	 iters: 2900, epoch: 23 | loss: 0.6411229
	 variance:  [0.40140024]
	 speed: 0.0348s/iter; left time: 37604.8070s
	 iters: 3000, epoch: 23 | loss: 0.7299919
	 variance:  [0.8732929]
	 speed: 0.0375s/iter; left time: 40516.1977s
	 iters: 3100, epoch: 23 | loss: 0.4536935
	 variance:  [0.4601624]
	 speed: 0.0375s/iter; left time: 40588.6388s
	 iters: 3200, epoch: 23 | loss: 0.5060019
	 variance:  [2.7915797]
	 speed: 0.0331s/iter; left time: 35829.3219s
	 iters: 3300, epoch: 23 | loss: 0.4564215
	 variance:  [1.0374589]
	 speed: 0.0379s/iter; left time: 40946.7588s
	 iters: 3400, epoch: 23 | loss: 0.5979103
	 variance:  [0.61278427]
	 speed: 0.0331s/iter; left time: 35766.0528s
	 iters: 3500, epoch: 23 | loss: 0.7955689
	 variance:  [0.7953174]
	 speed: 0.0361s/iter; left time: 39006.8316s
	 iters: 3600, epoch: 23 | loss: 1.4098184
	 variance:  [1.7612344]
	 speed: 0.0323s/iter; left time: 34907.1593s
	 iters: 3700, epoch: 23 | loss: 0.5060846
	 variance:  [1.2189893]
	 speed: 0.0327s/iter; left time: 35347.1550s
	 iters: 3800, epoch: 23 | loss: 0.5887120
	 variance:  [1.0551445]
	 speed: 0.0314s/iter; left time: 33923.7080s
	 iters: 3900, epoch: 23 | loss: 0.3930130
	 variance:  [1.6828301]
	 speed: 0.0351s/iter; left time: 37928.2892s
	 iters: 4000, epoch: 23 | loss: 0.7895215
	 variance:  [0.8558338]
	 speed: 0.0325s/iter; left time: 35083.3119s
	 iters: 4100, epoch: 23 | loss: 0.5176879
	 variance:  [1.2479974]
	 speed: 0.0363s/iter; left time: 39255.6373s
	 iters: 4200, epoch: 23 | loss: 0.7043966
	 variance:  [0.6811599]
	 speed: 0.0369s/iter; left time: 39876.7124s
	 iters: 4300, epoch: 23 | loss: 1.1307782
	 variance:  [1.3017849]
	 speed: 0.0367s/iter; left time: 39584.5962s
	 iters: 4400, epoch: 23 | loss: 0.7348958
	 variance:  [1.7196214]
	 speed: 0.0352s/iter; left time: 37989.6467s
	 iters: 4500, epoch: 23 | loss: 0.4725634
	 variance:  [1.5346817]
	 speed: 0.0324s/iter; left time: 34971.8462s
	 iters: 4600, epoch: 23 | loss: 0.5939624
	 variance:  [0.7238977]
	 speed: 0.0365s/iter; left time: 39377.3089s
	 iters: 4700, epoch: 23 | loss: 1.2739544
	 variance:  [0.50344324]
	 speed: 0.0349s/iter; left time: 37658.2616s
	 iters: 4800, epoch: 23 | loss: 0.5423980
	 variance:  [2.3195827]
	 speed: 0.0369s/iter; left time: 39804.6101s
	 iters: 4900, epoch: 23 | loss: 0.6915112
	 variance:  [0.4938853]
	 speed: 0.0329s/iter; left time: 35492.8155s
	 iters: 5000, epoch: 23 | loss: 0.3745750
	 variance:  [0.7515813]
	 speed: 0.0288s/iter; left time: 31119.5856s
	 iters: 5100, epoch: 23 | loss: 0.5094602
	 variance:  [0.40017942]
	 speed: 0.0340s/iter; left time: 36741.6483s
	 iters: 5200, epoch: 23 | loss: 0.5482054
	 variance:  [0.63470936]
	 speed: 0.0348s/iter; left time: 37586.0699s
	 iters: 5300, epoch: 23 | loss: 0.5424073
	 variance:  [0.60690165]
	 speed: 0.0344s/iter; left time: 37121.5800s
	 iters: 5400, epoch: 23 | loss: 0.4357104
	 variance:  [0.86252004]
	 speed: 0.0338s/iter; left time: 36418.4843s
	 iters: 5500, epoch: 23 | loss: 0.6111390
	 variance:  [2.6896544]
	 speed: 0.0312s/iter; left time: 33634.1979s
	 iters: 5600, epoch: 23 | loss: 1.2837300
	 variance:  [0.96184313]
	 speed: 0.0346s/iter; left time: 37343.1010s
	 iters: 5700, epoch: 23 | loss: 0.4259309
	 variance:  [0.35716367]
	 speed: 0.0352s/iter; left time: 37974.4459s
	 iters: 5800, epoch: 23 | loss: 0.6284003
	 variance:  [0.5729756]
	 speed: 0.0334s/iter; left time: 36061.4848s
	 iters: 5900, epoch: 23 | loss: 0.4702649
	 variance:  [2.6435106]
	 speed: 0.0284s/iter; left time: 30674.0816s
	 iters: 6000, epoch: 23 | loss: 0.2616274
	 variance:  [2.089346]
	 speed: 0.0361s/iter; left time: 38940.8162s
	 iters: 6100, epoch: 23 | loss: 1.2306676
	 variance:  [0.5122437]
	 speed: 0.0303s/iter; left time: 32623.8349s
	 iters: 6200, epoch: 23 | loss: 0.5298660
	 variance:  [1.0085891]
	 speed: 0.0371s/iter; left time: 40046.8286s
	 iters: 6300, epoch: 23 | loss: 1.1026301
	 variance:  [0.9065028]
	 speed: 0.0363s/iter; left time: 39122.8444s
	 iters: 6400, epoch: 23 | loss: 0.4042135
	 variance:  [0.8943618]
	 speed: 0.0329s/iter; left time: 35470.8998s
	 iters: 6500, epoch: 23 | loss: 0.7274114
	 variance:  [1.2890568]
	 speed: 0.0302s/iter; left time: 32569.7462s
	 iters: 6600, epoch: 23 | loss: 0.4885882
	 variance:  [1.2558116]
	 speed: 0.0356s/iter; left time: 38389.2533s
	 iters: 6700, epoch: 23 | loss: 0.6468679
	 variance:  [3.070983]
	 speed: 0.0306s/iter; left time: 32945.2708s
	 iters: 6800, epoch: 23 | loss: 0.6292428
	 variance:  [1.626196]
	 speed: 0.0314s/iter; left time: 33852.9622s
	 iters: 6900, epoch: 23 | loss: 0.5308069
	 variance:  [1.0357865]
	 speed: 0.0331s/iter; left time: 35705.7825s
	 iters: 7000, epoch: 23 | loss: 0.5531635
	 variance:  [2.6941066]
	 speed: 0.0301s/iter; left time: 32428.1813s
	 iters: 7100, epoch: 23 | loss: 0.4863130
	 variance:  [0.40473267]
	 speed: 0.0358s/iter; left time: 38524.6803s
	 iters: 7200, epoch: 23 | loss: 0.9181170
	 variance:  [0.47525445]
	 speed: 0.0379s/iter; left time: 40826.5313s
	 iters: 7300, epoch: 23 | loss: 1.1926571
	 variance:  [0.11937917]
	 speed: 0.0338s/iter; left time: 36408.0890s
	 iters: 7400, epoch: 23 | loss: 0.5956550
	 variance:  [1.6868409]
	 speed: 0.0374s/iter; left time: 40304.7899s
	 iters: 7500, epoch: 23 | loss: 0.6032826
	 variance:  [1.5690237]
	 speed: 0.0346s/iter; left time: 37221.7591s
	 iters: 7600, epoch: 23 | loss: 0.3685920
	 variance:  [0.80948573]
	 speed: 0.0368s/iter; left time: 39635.6585s
	 iters: 7700, epoch: 23 | loss: 0.8333132
	 variance:  [0.7513748]
	 speed: 0.0346s/iter; left time: 37293.5613s
	 iters: 7800, epoch: 23 | loss: 0.9798015
	 variance:  [1.2043346]
	 speed: 0.0348s/iter; left time: 37506.9322s
	 iters: 7900, epoch: 23 | loss: 0.7901301
	 variance:  [0.61359483]
	 speed: 0.0320s/iter; left time: 34414.4791s
	 iters: 8000, epoch: 23 | loss: 0.3869734
	 variance:  [0.43452087]
	 speed: 0.0326s/iter; left time: 35132.4228s
	 iters: 8100, epoch: 23 | loss: 0.2505741
	 variance:  [1.2251538]
	 speed: 0.0347s/iter; left time: 37361.7605s
	 iters: 8200, epoch: 23 | loss: 0.3902655
	 variance:  [1.263919]
	 speed: 0.0375s/iter; left time: 40367.6638s
	 iters: 8300, epoch: 23 | loss: 1.6430329
	 variance:  [2.2913475]
	 speed: 0.0358s/iter; left time: 38483.8542s
	 iters: 8400, epoch: 23 | loss: 0.4764613
	 variance:  [1.618894]
	 speed: 0.0329s/iter; left time: 35360.2896s
Validation loss did not decrease 8 / 20
Epoch: 23 Time: 302.1002769470215 Steps: 8471
Train Loss: 0.6439829 | Val Loss: 0.6459997 | Test Loss: 0.5355945
Test Loss (15 mins): 0.0421517 | (30 mins): 0.0616046 | (45 mins): 0.0806432 | (60 mins): 0.0966133
	 iters: 100, epoch: 24 | loss: 0.4926957
	 variance:  [1.000273]
	 speed: 0.0352s/iter; left time: 37853.2013s
	 iters: 200, epoch: 24 | loss: 0.5198321
	 variance:  [0.911366]
	 speed: 0.0374s/iter; left time: 40272.0966s
	 iters: 300, epoch: 24 | loss: 0.7764778
	 variance:  [1.3752549]
	 speed: 0.0379s/iter; left time: 40778.5557s
	 iters: 400, epoch: 24 | loss: 0.8491091
	 variance:  [3.4603612]
	 speed: 0.0375s/iter; left time: 40322.1317s
	 iters: 500, epoch: 24 | loss: 0.6941841
	 variance:  [0.20773259]
	 speed: 0.0371s/iter; left time: 39906.3966s
	 iters: 600, epoch: 24 | loss: 0.5513868
	 variance:  [1.2536058]
	 speed: 0.0346s/iter; left time: 37202.6381s
	 iters: 700, epoch: 24 | loss: 0.6203934
	 variance:  [0.57824755]
	 speed: 0.0296s/iter; left time: 31873.0286s
	 iters: 800, epoch: 24 | loss: 0.6203758
	 variance:  [2.7773287]
	 speed: 0.0353s/iter; left time: 37959.4022s
	 iters: 900, epoch: 24 | loss: 0.5397025
	 variance:  [0.74398756]
	 speed: 0.0324s/iter; left time: 34876.5953s
	 iters: 1000, epoch: 24 | loss: 0.4591382
	 variance:  [1.2178571]
	 speed: 0.0295s/iter; left time: 31740.1758s
	 iters: 1100, epoch: 24 | loss: 0.6357511
	 variance:  [0.80680776]
	 speed: 0.0340s/iter; left time: 36585.6689s
	 iters: 1200, epoch: 24 | loss: 0.6631572
	 variance:  [0.55397695]
	 speed: 0.0339s/iter; left time: 36397.4637s
	 iters: 1300, epoch: 24 | loss: 0.3863612
	 variance:  [0.7703852]
	 speed: 0.0325s/iter; left time: 34941.6381s
	 iters: 1400, epoch: 24 | loss: 0.3528939
	 variance:  [1.2271519]
	 speed: 0.0350s/iter; left time: 37591.0765s
	 iters: 1500, epoch: 24 | loss: 0.4841020
	 variance:  [1.0355235]
	 speed: 0.0318s/iter; left time: 34191.8724s
	 iters: 1600, epoch: 24 | loss: 0.4777833
	 variance:  [2.1555955]
	 speed: 0.0340s/iter; left time: 36519.8121s
	 iters: 1700, epoch: 24 | loss: 0.5465834
	 variance:  [1.778761]
	 speed: 0.0351s/iter; left time: 37701.6569s
	 iters: 1800, epoch: 24 | loss: 0.7527563
	 variance:  [0.89761114]
	 speed: 0.0324s/iter; left time: 34832.1376s
	 iters: 1900, epoch: 24 | loss: 0.5640168
	 variance:  [1.3347499]
	 speed: 0.0364s/iter; left time: 39098.7764s
	 iters: 2000, epoch: 24 | loss: 0.3820791
	 variance:  [3.4097364]
	 speed: 0.0363s/iter; left time: 39015.8929s
	 iters: 2100, epoch: 24 | loss: 0.4761003
	 variance:  [0.16717337]
	 speed: 0.0350s/iter; left time: 37599.9209s
	 iters: 2200, epoch: 24 | loss: 0.7445040
	 variance:  [0.7411693]
	 speed: 0.0351s/iter; left time: 37649.3666s
	 iters: 2300, epoch: 24 | loss: 0.4475949
	 variance:  [0.7890586]
	 speed: 0.0323s/iter; left time: 34690.0908s
	 iters: 2400, epoch: 24 | loss: 0.9707807
	 variance:  [0.4965336]
	 speed: 0.0368s/iter; left time: 39452.6434s
	 iters: 2500, epoch: 24 | loss: 0.7279140
	 variance:  [0.3290249]
	 speed: 0.0358s/iter; left time: 38448.0115s
	 iters: 2600, epoch: 24 | loss: 0.5314786
	 variance:  [1.8867453]
	 speed: 0.0296s/iter; left time: 31770.7254s
	 iters: 2700, epoch: 24 | loss: 0.5019194
	 variance:  [0.95849884]
	 speed: 0.0370s/iter; left time: 39680.4517s
	 iters: 2800, epoch: 24 | loss: 0.3790752
	 variance:  [4.332557]
	 speed: 0.0371s/iter; left time: 39808.4412s
	 iters: 2900, epoch: 24 | loss: 0.7211516
	 variance:  [2.2177463]
	 speed: 0.0377s/iter; left time: 40451.9680s
	 iters: 3000, epoch: 24 | loss: 0.3779633
	 variance:  [0.77890974]
	 speed: 0.0374s/iter; left time: 40166.4359s
	 iters: 3100, epoch: 24 | loss: 0.6479388
	 variance:  [1.987488]
	 speed: 0.0379s/iter; left time: 40605.4974s
	 iters: 3200, epoch: 24 | loss: 0.8839836
	 variance:  [0.6821169]
	 speed: 0.0332s/iter; left time: 35660.9227s
	 iters: 3300, epoch: 24 | loss: 0.6511218
	 variance:  [0.49465773]
	 speed: 0.0305s/iter; left time: 32701.8003s
	 iters: 3400, epoch: 24 | loss: 0.6440192
	 variance:  [0.8069798]
	 speed: 0.0328s/iter; left time: 35146.4612s
	 iters: 3500, epoch: 24 | loss: 0.9764423
	 variance:  [1.2458874]
	 speed: 0.0323s/iter; left time: 34680.5815s
	 iters: 3600, epoch: 24 | loss: 0.4281354
	 variance:  [1.4462339]
	 speed: 0.0348s/iter; left time: 37353.3471s
	 iters: 3700, epoch: 24 | loss: 0.5765898
	 variance:  [0.48842552]
	 speed: 0.0334s/iter; left time: 35848.9405s
	 iters: 3800, epoch: 24 | loss: 0.4400628
	 variance:  [0.8048554]
	 speed: 0.0309s/iter; left time: 33080.8726s
	 iters: 3900, epoch: 24 | loss: 0.6610685
	 variance:  [0.45205662]
	 speed: 0.0344s/iter; left time: 36847.7052s
	 iters: 4000, epoch: 24 | loss: 0.8220792
	 variance:  [0.5074734]
	 speed: 0.0344s/iter; left time: 36842.5069s
	 iters: 4100, epoch: 24 | loss: 0.2850370
	 variance:  [0.758007]
	 speed: 0.0287s/iter; left time: 30758.9851s
	 iters: 4200, epoch: 24 | loss: 0.6555747
	 variance:  [1.1687697]
	 speed: 0.0338s/iter; left time: 36221.4101s
	 iters: 4300, epoch: 24 | loss: 0.4396534
	 variance:  [0.9418522]
	 speed: 0.0335s/iter; left time: 35861.5756s
	 iters: 4400, epoch: 24 | loss: 0.7237347
	 variance:  [1.1573117]
	 speed: 0.0342s/iter; left time: 36664.5286s
	 iters: 4500, epoch: 24 | loss: 0.4541924
	 variance:  [2.504494]
	 speed: 0.0331s/iter; left time: 35476.8573s
	 iters: 4600, epoch: 24 | loss: 0.6134903
	 variance:  [0.38827747]
	 speed: 0.0345s/iter; left time: 36921.5288s
	 iters: 4700, epoch: 24 | loss: 1.7039144
	 variance:  [0.4787262]
	 speed: 0.0351s/iter; left time: 37571.8790s
	 iters: 4800, epoch: 24 | loss: 0.5001196
	 variance:  [0.49094057]
	 speed: 0.0326s/iter; left time: 34900.1593s
	 iters: 4900, epoch: 24 | loss: 0.4956776
	 variance:  [0.58154565]
	 speed: 0.0364s/iter; left time: 39026.3819s
	 iters: 5000, epoch: 24 | loss: 0.4297581
	 variance:  [2.0483155]
	 speed: 0.0337s/iter; left time: 36133.1939s
	 iters: 5100, epoch: 24 | loss: 0.8594347
	 variance:  [1.0857465]
	 speed: 0.0326s/iter; left time: 34894.0749s
	 iters: 5200, epoch: 24 | loss: 0.4230513
	 variance:  [1.4975708]
	 speed: 0.0369s/iter; left time: 39510.0982s
	 iters: 5300, epoch: 24 | loss: 0.4673136
	 variance:  [2.339555]
	 speed: 0.0355s/iter; left time: 38044.9351s
	 iters: 5400, epoch: 24 | loss: 0.5724940
	 variance:  [0.8161939]
	 speed: 0.0350s/iter; left time: 37414.6502s
	 iters: 5500, epoch: 24 | loss: 0.9568946
	 variance:  [0.5596854]
	 speed: 0.0318s/iter; left time: 34071.4510s
	 iters: 5600, epoch: 24 | loss: 1.1292611
	 variance:  [0.70142466]
	 speed: 0.0377s/iter; left time: 40305.5355s
	 iters: 5700, epoch: 24 | loss: 0.5430801
	 variance:  [0.36411852]
	 speed: 0.0368s/iter; left time: 39372.1073s
	 iters: 5800, epoch: 24 | loss: 0.8643060
	 variance:  [0.5587214]
	 speed: 0.0296s/iter; left time: 31626.3528s
	 iters: 5900, epoch: 24 | loss: 0.5688041
	 variance:  [1.9472045]
	 speed: 0.0373s/iter; left time: 39952.6560s
	 iters: 6000, epoch: 24 | loss: 0.5813558
	 variance:  [3.4561024]
	 speed: 0.0326s/iter; left time: 34847.1194s
	 iters: 6100, epoch: 24 | loss: 0.7457525
	 variance:  [0.82950324]
	 speed: 0.0326s/iter; left time: 34902.3863s
	 iters: 6200, epoch: 24 | loss: 1.0645388
	 variance:  [2.744186]
	 speed: 0.0316s/iter; left time: 33789.3440s
	 iters: 6300, epoch: 24 | loss: 0.3899548
	 variance:  [0.6335988]
	 speed: 0.0290s/iter; left time: 30993.6627s
	 iters: 6400, epoch: 24 | loss: 0.6115952
	 variance:  [2.2276652]
	 speed: 0.0263s/iter; left time: 28165.6126s
	 iters: 6500, epoch: 24 | loss: 0.8981515
	 variance:  [1.4335117]
	 speed: 0.0282s/iter; left time: 30198.3447s
	 iters: 6600, epoch: 24 | loss: 0.4007175
	 variance:  [0.72015506]
	 speed: 0.0295s/iter; left time: 31544.2335s
	 iters: 6700, epoch: 24 | loss: 0.7234739
	 variance:  [1.3244551]
	 speed: 0.0340s/iter; left time: 36310.4529s
	 iters: 6800, epoch: 24 | loss: 0.5743212
	 variance:  [0.46983683]
	 speed: 0.0375s/iter; left time: 40047.2346s
	 iters: 6900, epoch: 24 | loss: 0.5427958
	 variance:  [0.38225096]
	 speed: 0.0377s/iter; left time: 40287.5098s
	 iters: 7000, epoch: 24 | loss: 0.6118500
	 variance:  [0.79923105]
	 speed: 0.0373s/iter; left time: 39838.6081s
	 iters: 7100, epoch: 24 | loss: 0.6040736
	 variance:  [1.6000612]
	 speed: 0.0378s/iter; left time: 40372.9695s
	 iters: 7200, epoch: 24 | loss: 0.4612621
	 variance:  [0.9979159]
	 speed: 0.0320s/iter; left time: 34240.9334s
	 iters: 7300, epoch: 24 | loss: 0.3935028
	 variance:  [1.0403972]
	 speed: 0.0362s/iter; left time: 38648.0169s
	 iters: 7400, epoch: 24 | loss: 0.5594145
	 variance:  [1.2662325]
	 speed: 0.0337s/iter; left time: 35991.5122s
	 iters: 7500, epoch: 24 | loss: 0.6715078
	 variance:  [0.6403977]
	 speed: 0.0352s/iter; left time: 37609.4087s
	 iters: 7600, epoch: 24 | loss: 0.8490269
	 variance:  [2.279521]
	 speed: 0.0365s/iter; left time: 39012.2428s
	 iters: 7700, epoch: 24 | loss: 0.4262080
	 variance:  [1.1760485]
	 speed: 0.0375s/iter; left time: 40083.7184s
	 iters: 7800, epoch: 24 | loss: 0.5384117
	 variance:  [1.3695421]
	 speed: 0.0319s/iter; left time: 34111.4281s
	 iters: 7900, epoch: 24 | loss: 0.6316774
	 variance:  [0.49126816]
	 speed: 0.0349s/iter; left time: 37229.0174s
	 iters: 8000, epoch: 24 | loss: 0.5147840
	 variance:  [0.53656274]
	 speed: 0.0343s/iter; left time: 36579.9810s
	 iters: 8100, epoch: 24 | loss: 0.4515924
	 variance:  [0.680203]
	 speed: 0.0338s/iter; left time: 36057.5634s
	 iters: 8200, epoch: 24 | loss: 0.6370782
	 variance:  [1.3267221]
	 speed: 0.0366s/iter; left time: 39066.8272s
	 iters: 8300, epoch: 24 | loss: 0.5994138
	 variance:  [2.1701725]
	 speed: 0.0338s/iter; left time: 36040.1323s
	 iters: 8400, epoch: 24 | loss: 0.5076584
	 variance:  [0.4524046]
	 speed: 0.0365s/iter; left time: 38945.6183s
Validation loss did not decrease 9 / 20
Epoch: 24 Time: 299.6309769153595 Steps: 8471
Train Loss: 0.6429431 | Val Loss: 0.6649476 | Test Loss: 0.5427337
Test Loss (15 mins): 0.0489064 | (30 mins): 0.0642241 | (45 mins): 0.0811461 | (60 mins): 0.0970657
	 iters: 100, epoch: 25 | loss: 0.5392849
	 variance:  [0.7097796]
	 speed: 0.0352s/iter; left time: 37514.6314s
	 iters: 200, epoch: 25 | loss: 0.3745672
	 variance:  [0.8817734]
	 speed: 0.0373s/iter; left time: 39855.9192s
	 iters: 300, epoch: 25 | loss: 0.5766573
	 variance:  [0.6177381]
	 speed: 0.0319s/iter; left time: 34029.0817s
	 iters: 400, epoch: 25 | loss: 0.3940328
	 variance:  [0.41381943]
	 speed: 0.0332s/iter; left time: 35443.3895s
	 iters: 500, epoch: 25 | loss: 0.3580966
	 variance:  [1.0468348]
	 speed: 0.0343s/iter; left time: 36577.2659s
	 iters: 600, epoch: 25 | loss: 0.5599415
	 variance:  [4.8781905]
	 speed: 0.0350s/iter; left time: 37385.0556s
	 iters: 700, epoch: 25 | loss: 0.3330536
	 variance:  [0.4582062]
	 speed: 0.0354s/iter; left time: 37794.6675s
	 iters: 800, epoch: 25 | loss: 0.6131459
	 variance:  [0.9113353]
	 speed: 0.0337s/iter; left time: 35936.4027s
	 iters: 900, epoch: 25 | loss: 1.1378201
	 variance:  [0.4280312]
	 speed: 0.0344s/iter; left time: 36686.5910s
	 iters: 1000, epoch: 25 | loss: 0.6944198
	 variance:  [0.5170806]
	 speed: 0.0363s/iter; left time: 38736.8058s
	 iters: 1100, epoch: 25 | loss: 0.4839158
	 variance:  [4.947426]
	 speed: 0.0324s/iter; left time: 34529.3884s
	 iters: 1200, epoch: 25 | loss: 0.6158621
	 variance:  [0.97192615]
	 speed: 0.0342s/iter; left time: 36462.2053s
	 iters: 1300, epoch: 25 | loss: 0.3017071
	 variance:  [0.5693567]
	 speed: 0.0341s/iter; left time: 36376.5095s
	 iters: 1400, epoch: 25 | loss: 0.5546764
	 variance:  [0.4432665]
	 speed: 0.0365s/iter; left time: 38855.9434s
	 iters: 1500, epoch: 25 | loss: 0.3480223
	 variance:  [8.338275]
	 speed: 0.0365s/iter; left time: 38869.3114s
	 iters: 1600, epoch: 25 | loss: 0.9989912
	 variance:  [1.8216761]
	 speed: 0.0329s/iter; left time: 35025.8130s
	 iters: 1700, epoch: 25 | loss: 0.6901494
	 variance:  [0.5567518]
	 speed: 0.0359s/iter; left time: 38215.8491s
	 iters: 1800, epoch: 25 | loss: 0.4426949
	 variance:  [0.46581444]
	 speed: 0.0282s/iter; left time: 30095.8907s
	 iters: 1900, epoch: 25 | loss: 0.4719324
	 variance:  [0.43629804]
	 speed: 0.0341s/iter; left time: 36316.9519s
	 iters: 2000, epoch: 25 | loss: 0.6100337
	 variance:  [1.5216209]
	 speed: 0.0321s/iter; left time: 34151.0685s
	 iters: 2100, epoch: 25 | loss: 0.6502032
	 variance:  [0.7801734]
	 speed: 0.0363s/iter; left time: 38624.9945s
	 iters: 2200, epoch: 25 | loss: 0.4186003
	 variance:  [1.4831527]
	 speed: 0.0368s/iter; left time: 39215.1894s
	 iters: 2300, epoch: 25 | loss: 0.6318280
	 variance:  [2.4791718]
	 speed: 0.0369s/iter; left time: 39336.4728s
	 iters: 2400, epoch: 25 | loss: 0.3488490
	 variance:  [1.2528789]
	 speed: 0.0286s/iter; left time: 30440.3929s
	 iters: 2500, epoch: 25 | loss: 0.4278713
	 variance:  [6.2993326]
	 speed: 0.0323s/iter; left time: 34392.5298s
	 iters: 2600, epoch: 25 | loss: 0.9444603
	 variance:  [0.5208794]
	 speed: 0.0350s/iter; left time: 37271.4074s
	 iters: 2700, epoch: 25 | loss: 0.5305562
	 variance:  [0.6462777]
	 speed: 0.0307s/iter; left time: 32714.8275s
	 iters: 2800, epoch: 25 | loss: 0.9268692
	 variance:  [2.7673075]
	 speed: 0.0365s/iter; left time: 38892.8118s
	 iters: 2900, epoch: 25 | loss: 0.8799388
	 variance:  [1.6617584]
	 speed: 0.0352s/iter; left time: 37468.8616s
	 iters: 3000, epoch: 25 | loss: 0.5883431
	 variance:  [0.7448149]
	 speed: 0.0359s/iter; left time: 38224.5791s
	 iters: 3100, epoch: 25 | loss: 0.5235479
	 variance:  [0.28290263]
	 speed: 0.0325s/iter; left time: 34572.0878s
	 iters: 3200, epoch: 25 | loss: 0.6244085
	 variance:  [0.49135923]
	 speed: 0.0364s/iter; left time: 38755.4899s
	 iters: 3300, epoch: 25 | loss: 1.0823141
	 variance:  [0.4412372]
	 speed: 0.0348s/iter; left time: 36983.7832s
	 iters: 3400, epoch: 25 | loss: 0.5554081
	 variance:  [0.5829886]
	 speed: 0.0321s/iter; left time: 34196.4360s
	 iters: 3500, epoch: 25 | loss: 0.5481094
	 variance:  [0.95054966]
	 speed: 0.0343s/iter; left time: 36514.3734s
	 iters: 3600, epoch: 25 | loss: 0.3887940
	 variance:  [0.39575967]
	 speed: 0.0361s/iter; left time: 38421.1897s
	 iters: 3700, epoch: 25 | loss: 0.6635834
	 variance:  [0.54569]
	 speed: 0.0338s/iter; left time: 35923.2731s
	 iters: 3800, epoch: 25 | loss: 0.5487860
	 variance:  [2.4578357]
	 speed: 0.0336s/iter; left time: 35740.7617s
	 iters: 3900, epoch: 25 | loss: 0.3205671
	 variance:  [1.9822843]
	 speed: 0.0288s/iter; left time: 30609.4075s
	 iters: 4000, epoch: 25 | loss: 0.6591979
	 variance:  [1.2136848]
	 speed: 0.0337s/iter; left time: 35885.1725s
	 iters: 4100, epoch: 25 | loss: 0.9326839
	 variance:  [0.87532413]
	 speed: 0.0354s/iter; left time: 37621.3253s
	 iters: 4200, epoch: 25 | loss: 0.5011885
	 variance:  [0.8411019]
	 speed: 0.0312s/iter; left time: 33149.1570s
	 iters: 4300, epoch: 25 | loss: 0.4388328
	 variance:  [0.5087781]
	 speed: 0.0346s/iter; left time: 36782.5418s
	 iters: 4400, epoch: 25 | loss: 0.7162806
	 variance:  [0.95831084]
	 speed: 0.0347s/iter; left time: 36915.5137s
	 iters: 4500, epoch: 25 | loss: 0.4163843
	 variance:  [1.1722552]
	 speed: 0.0327s/iter; left time: 34718.6042s
	 iters: 4600, epoch: 25 | loss: 0.3556611
	 variance:  [0.95790714]
	 speed: 0.0379s/iter; left time: 40253.1962s
	 iters: 4700, epoch: 25 | loss: 0.3728211
	 variance:  [1.9905536]
	 speed: 0.0362s/iter; left time: 38507.1459s
	 iters: 4800, epoch: 25 | loss: 0.6472905
	 variance:  [1.2876197]
	 speed: 0.0355s/iter; left time: 37765.3133s
	 iters: 4900, epoch: 25 | loss: 0.8540500
	 variance:  [0.40054843]
	 speed: 0.0325s/iter; left time: 34509.6961s
	 iters: 5000, epoch: 25 | loss: 0.5793542
	 variance:  [2.6329312]
	 speed: 0.0349s/iter; left time: 37085.8619s
	 iters: 5100, epoch: 25 | loss: 0.6909713
	 variance:  [2.096616]
	 speed: 0.0341s/iter; left time: 36171.0144s
	 iters: 5200, epoch: 25 | loss: 0.3434758
	 variance:  [0.8647184]
	 speed: 0.0321s/iter; left time: 34125.5631s
	 iters: 5300, epoch: 25 | loss: 0.6339387
	 variance:  [0.6160909]
	 speed: 0.0352s/iter; left time: 37340.1599s
	 iters: 5400, epoch: 25 | loss: 0.6578836
	 variance:  [0.47379854]
	 speed: 0.0306s/iter; left time: 32478.5634s
	 iters: 5500, epoch: 25 | loss: 0.8828117
	 variance:  [0.8062065]
	 speed: 0.0344s/iter; left time: 36523.5070s
	 iters: 5600, epoch: 25 | loss: 0.6737646
	 variance:  [0.64385426]
	 speed: 0.0276s/iter; left time: 29297.2051s
	 iters: 5700, epoch: 25 | loss: 0.6232857
	 variance:  [0.89468503]
	 speed: 0.0342s/iter; left time: 36315.5547s
	 iters: 5800, epoch: 25 | loss: 0.5240436
	 variance:  [2.7525191]
	 speed: 0.0349s/iter; left time: 37090.1581s
	 iters: 5900, epoch: 25 | loss: 0.3456664
	 variance:  [0.2762661]
	 speed: 0.0348s/iter; left time: 36935.1545s
	 iters: 6000, epoch: 25 | loss: 0.5065422
	 variance:  [0.8770739]
	 speed: 0.0333s/iter; left time: 35310.8138s
	 iters: 6100, epoch: 25 | loss: 0.6968872
	 variance:  [4.1085315]
	 speed: 0.0346s/iter; left time: 36690.3376s
	 iters: 6200, epoch: 25 | loss: 0.5977694
	 variance:  [0.32886252]
	 speed: 0.0347s/iter; left time: 36775.0777s
	 iters: 6300, epoch: 25 | loss: 0.7060537
	 variance:  [1.0110021]
	 speed: 0.0334s/iter; left time: 35461.1066s
	 iters: 6400, epoch: 25 | loss: 0.9097018
	 variance:  [2.6954818]
	 speed: 0.0314s/iter; left time: 33312.6568s
	 iters: 6500, epoch: 25 | loss: 0.4171759
	 variance:  [0.91320795]
	 speed: 0.0316s/iter; left time: 33518.6460s
	 iters: 6600, epoch: 25 | loss: 0.4649219
	 variance:  [0.8456862]
	 speed: 0.0324s/iter; left time: 34378.0812s
	 iters: 6700, epoch: 25 | loss: 0.6057655
	 variance:  [1.7386341]
	 speed: 0.0343s/iter; left time: 36405.5742s
	 iters: 6800, epoch: 25 | loss: 0.6874999
	 variance:  [0.49772885]
	 speed: 0.0313s/iter; left time: 33179.0155s
	 iters: 6900, epoch: 25 | loss: 0.3382789
	 variance:  [0.91521424]
	 speed: 0.0306s/iter; left time: 32417.6895s
	 iters: 7000, epoch: 25 | loss: 0.9310855
	 variance:  [0.33185637]
	 speed: 0.0357s/iter; left time: 37904.7311s
	 iters: 7100, epoch: 25 | loss: 0.3419660
	 variance:  [0.4661906]
	 speed: 0.0346s/iter; left time: 36689.1220s
	 iters: 7200, epoch: 25 | loss: 0.6219310
	 variance:  [0.26618868]
	 speed: 0.0349s/iter; left time: 36966.7015s
	 iters: 7300, epoch: 25 | loss: 1.4352875
	 variance:  [1.9344109]
	 speed: 0.0340s/iter; left time: 36069.6955s
	 iters: 7400, epoch: 25 | loss: 0.3851593
	 variance:  [1.2482089]
	 speed: 0.0325s/iter; left time: 34409.8679s
	 iters: 7500, epoch: 25 | loss: 0.6282421
	 variance:  [0.4166982]
	 speed: 0.0358s/iter; left time: 37905.6345s
	 iters: 7600, epoch: 25 | loss: 0.4616941
	 variance:  [0.53915185]
	 speed: 0.0312s/iter; left time: 33062.5917s
	 iters: 7700, epoch: 25 | loss: 1.3265650
	 variance:  [0.43927902]
	 speed: 0.0346s/iter; left time: 36634.3288s
	 iters: 7800, epoch: 25 | loss: 0.7242954
	 variance:  [2.0962088]
	 speed: 0.0319s/iter; left time: 33832.0514s
	 iters: 7900, epoch: 25 | loss: 1.6457189
	 variance:  [0.38742512]
	 speed: 0.0289s/iter; left time: 30616.4988s
	 iters: 8000, epoch: 25 | loss: 0.6540778
	 variance:  [0.68400246]
	 speed: 0.0328s/iter; left time: 34762.0940s
	 iters: 8100, epoch: 25 | loss: 0.4898195
	 variance:  [3.388714]
	 speed: 0.0309s/iter; left time: 32769.8833s
	 iters: 8200, epoch: 25 | loss: 0.4926543
	 variance:  [2.603658]
	 speed: 0.0328s/iter; left time: 34699.2342s
	 iters: 8300, epoch: 25 | loss: 1.3067658
	 variance:  [1.2611074]
	 speed: 0.0364s/iter; left time: 38516.8813s
	 iters: 8400, epoch: 25 | loss: 0.5224207
	 variance:  [2.3633635]
	 speed: 0.0370s/iter; left time: 39202.3128s
Validation loss did not decrease 10 / 20
Epoch: 25 Time: 296.84311294555664 Steps: 8471
Train Loss: 0.6409037 | Val Loss: 0.6642363 | Test Loss: 0.5543347
Test Loss (15 mins): 0.0427812 | (30 mins): 0.0638697 | (45 mins): 0.0824624 | (60 mins): 0.1001129
	 iters: 100, epoch: 26 | loss: 0.9158839
	 variance:  [1.0821266]
	 speed: 0.0343s/iter; left time: 36342.4951s
	 iters: 200, epoch: 26 | loss: 0.4528519
	 variance:  [0.6844181]
	 speed: 0.0366s/iter; left time: 38747.0301s
	 iters: 300, epoch: 26 | loss: 0.7120643
	 variance:  [0.5989629]
	 speed: 0.0333s/iter; left time: 35290.7772s
	 iters: 400, epoch: 26 | loss: 0.5367193
	 variance:  [0.8253425]
	 speed: 0.0307s/iter; left time: 32519.4366s
	 iters: 500, epoch: 26 | loss: 0.5446042
	 variance:  [2.273627]
	 speed: 0.0362s/iter; left time: 38325.6577s
	 iters: 600, epoch: 26 | loss: 0.6057456
	 variance:  [1.3409195]
	 speed: 0.0348s/iter; left time: 36866.2278s
	 iters: 700, epoch: 26 | loss: 0.7283709
	 variance:  [0.5258946]
	 speed: 0.0332s/iter; left time: 35155.9978s
	 iters: 800, epoch: 26 | loss: 0.8610083
	 variance:  [0.32552415]
	 speed: 0.0397s/iter; left time: 42006.7603s
	 iters: 900, epoch: 26 | loss: 1.6272249
	 variance:  [0.78815925]
	 speed: 0.0305s/iter; left time: 32265.7501s
	 iters: 1000, epoch: 26 | loss: 0.6914091
	 variance:  [0.48024225]
	 speed: 0.0322s/iter; left time: 34024.6071s
	 iters: 1100, epoch: 26 | loss: 0.7236480
	 variance:  [5.9657736]
	 speed: 0.0311s/iter; left time: 32937.9400s
	 iters: 1200, epoch: 26 | loss: 0.5000672
	 variance:  [0.5727564]
	 speed: 0.0355s/iter; left time: 37539.3045s
	 iters: 1300, epoch: 26 | loss: 1.1087108
	 variance:  [1.3654501]
	 speed: 0.0320s/iter; left time: 33887.4506s
	 iters: 1400, epoch: 26 | loss: 0.3943444
	 variance:  [0.7236417]
	 speed: 0.0318s/iter; left time: 33605.5432s
	 iters: 1500, epoch: 26 | loss: 0.4704446
	 variance:  [0.6343029]
	 speed: 0.0334s/iter; left time: 35294.4930s
	 iters: 1600, epoch: 26 | loss: 0.6732439
	 variance:  [0.5755]
	 speed: 0.0370s/iter; left time: 39145.4988s
	 iters: 1700, epoch: 26 | loss: 0.7944218
	 variance:  [1.13939]
	 speed: 0.0363s/iter; left time: 38336.3920s
	 iters: 1800, epoch: 26 | loss: 0.8228825
	 variance:  [0.6008408]
	 speed: 0.0336s/iter; left time: 35543.9355s
	 iters: 1900, epoch: 26 | loss: 0.6442747
	 variance:  [1.5848857]
	 speed: 0.0283s/iter; left time: 29873.5813s
	 iters: 2000, epoch: 26 | loss: 0.4622149
	 variance:  [3.738263]
	 speed: 0.0312s/iter; left time: 32984.0573s
	 iters: 2100, epoch: 26 | loss: 0.3110654
	 variance:  [0.46996954]
	 speed: 0.0363s/iter; left time: 38389.5064s
	 iters: 2200, epoch: 26 | loss: 0.6626515
	 variance:  [3.0493894]
	 speed: 0.0362s/iter; left time: 38255.3885s
	 iters: 2300, epoch: 26 | loss: 0.3385467
	 variance:  [1.5151978]
	 speed: 0.0357s/iter; left time: 37706.9883s
	 iters: 2400, epoch: 26 | loss: 0.4771171
	 variance:  [0.6737917]
	 speed: 0.0301s/iter; left time: 31756.1073s
	 iters: 2500, epoch: 26 | loss: 0.5454318
	 variance:  [2.9691014]
	 speed: 0.0296s/iter; left time: 31299.6458s
	 iters: 2600, epoch: 26 | loss: 0.7685763
	 variance:  [0.78537095]
	 speed: 0.0309s/iter; left time: 32623.1097s
	 iters: 2700, epoch: 26 | loss: 0.5634719
	 variance:  [0.668376]
	 speed: 0.0352s/iter; left time: 37209.6748s
	 iters: 2800, epoch: 26 | loss: 0.6896169
	 variance:  [1.2934811]
	 speed: 0.0352s/iter; left time: 37130.4919s
	 iters: 2900, epoch: 26 | loss: 0.4295574
	 variance:  [1.6689667]
	 speed: 0.0370s/iter; left time: 39069.0380s
	 iters: 3000, epoch: 26 | loss: 0.3733076
	 variance:  [2.6579096]
	 speed: 0.0361s/iter; left time: 38099.0123s
	 iters: 3100, epoch: 26 | loss: 0.4945633
	 variance:  [2.3704576]
	 speed: 0.0335s/iter; left time: 35377.6021s
	 iters: 3200, epoch: 26 | loss: 0.5244260
	 variance:  [1.0629119]
	 speed: 0.0364s/iter; left time: 38438.2911s
	 iters: 3300, epoch: 26 | loss: 0.4336241
	 variance:  [2.798778]
	 speed: 0.0351s/iter; left time: 37094.5758s
	 iters: 3400, epoch: 26 | loss: 0.4282566
	 variance:  [1.6859338]
	 speed: 0.0350s/iter; left time: 36971.4648s
	 iters: 3500, epoch: 26 | loss: 0.3927322
	 variance:  [3.047362]
	 speed: 0.0305s/iter; left time: 32139.5768s
	 iters: 3600, epoch: 26 | loss: 0.4584378
	 variance:  [0.6047269]
	 speed: 0.0328s/iter; left time: 34568.9777s
	 iters: 3700, epoch: 26 | loss: 0.4423171
	 variance:  [0.96861917]
	 speed: 0.0280s/iter; left time: 29579.8736s
	 iters: 3800, epoch: 26 | loss: 0.5389373
	 variance:  [2.7347002]
	 speed: 0.0332s/iter; left time: 35076.6037s
	 iters: 3900, epoch: 26 | loss: 0.4558887
	 variance:  [1.2321749]
	 speed: 0.0287s/iter; left time: 30318.5396s
	 iters: 4000, epoch: 26 | loss: 0.5953912
	 variance:  [0.4227933]
	 speed: 0.0331s/iter; left time: 34943.0970s
	 iters: 4100, epoch: 26 | loss: 0.6162426
	 variance:  [2.0989664]
	 speed: 0.0341s/iter; left time: 35949.9925s
	 iters: 4200, epoch: 26 | loss: 0.6640352
	 variance:  [3.0903153]
	 speed: 0.0313s/iter; left time: 33044.7632s
	 iters: 4300, epoch: 26 | loss: 1.2979102
	 variance:  [1.3507276]
	 speed: 0.0310s/iter; left time: 32698.3570s
	 iters: 4400, epoch: 26 | loss: 0.3911196
	 variance:  [0.35240272]
	 speed: 0.0311s/iter; left time: 32804.1456s
	 iters: 4500, epoch: 26 | loss: 0.5562521
	 variance:  [0.6113239]
	 speed: 0.0332s/iter; left time: 35042.0120s
	 iters: 4600, epoch: 26 | loss: 0.7762030
	 variance:  [1.2298015]
	 speed: 0.0353s/iter; left time: 37207.2731s
	 iters: 4700, epoch: 26 | loss: 0.6437005
	 variance:  [1.3882587]
	 speed: 0.0309s/iter; left time: 32599.9703s
	 iters: 4800, epoch: 26 | loss: 0.9638438
	 variance:  [0.8058507]
	 speed: 0.0285s/iter; left time: 30075.4413s
	 iters: 4900, epoch: 26 | loss: 0.7309976
	 variance:  [2.3795388]
	 speed: 0.0329s/iter; left time: 34696.1040s
	 iters: 5000, epoch: 26 | loss: 1.1560893
	 variance:  [0.68351966]
	 speed: 0.0341s/iter; left time: 35948.7960s
	 iters: 5100, epoch: 26 | loss: 0.3750125
	 variance:  [1.2578954]
	 speed: 0.0357s/iter; left time: 37633.3619s
	 iters: 5200, epoch: 26 | loss: 0.5414796
	 variance:  [1.1070392]
	 speed: 0.0342s/iter; left time: 36085.4381s
	 iters: 5300, epoch: 26 | loss: 0.8169319
	 variance:  [0.5340844]
	 speed: 0.0374s/iter; left time: 39362.2707s
	 iters: 5400, epoch: 26 | loss: 0.5518174
	 variance:  [0.5167589]
	 speed: 0.0351s/iter; left time: 36961.0659s
	 iters: 5500, epoch: 26 | loss: 0.6719403
	 variance:  [0.6494513]
	 speed: 0.0353s/iter; left time: 37207.6746s
	 iters: 5600, epoch: 26 | loss: 0.6394279
	 variance:  [1.3914598]
	 speed: 0.0374s/iter; left time: 39393.2533s
	 iters: 5700, epoch: 26 | loss: 0.8469178
	 variance:  [1.1656916]
	 speed: 0.0345s/iter; left time: 36325.3020s
	 iters: 5800, epoch: 26 | loss: 0.7906767
	 variance:  [1.4942174]
	 speed: 0.0336s/iter; left time: 35371.7981s
	 iters: 5900, epoch: 26 | loss: 0.7004995
	 variance:  [0.8204565]
	 speed: 0.0341s/iter; left time: 35875.8972s
	 iters: 6000, epoch: 26 | loss: 0.4361374
	 variance:  [0.8430174]
	 speed: 0.0310s/iter; left time: 32682.3338s
	 iters: 6100, epoch: 26 | loss: 0.6869859
	 variance:  [0.76240015]
	 speed: 0.0366s/iter; left time: 38566.6649s
	 iters: 6200, epoch: 26 | loss: 0.5201868
	 variance:  [0.31607938]
	 speed: 0.0346s/iter; left time: 36418.5191s
	 iters: 6300, epoch: 26 | loss: 0.3213678
	 variance:  [0.22420341]
	 speed: 0.0376s/iter; left time: 39626.5162s
	 iters: 6400, epoch: 26 | loss: 0.3164327
	 variance:  [0.3938962]
	 speed: 0.0278s/iter; left time: 29310.3584s
	 iters: 6500, epoch: 26 | loss: 0.5005594
	 variance:  [0.96209145]
	 speed: 0.0337s/iter; left time: 35447.3309s
	 iters: 6600, epoch: 26 | loss: 1.1152781
	 variance:  [0.5409181]
	 speed: 0.0309s/iter; left time: 32466.7141s
	 iters: 6700, epoch: 26 | loss: 0.5288483
	 variance:  [1.2223749]
	 speed: 0.0339s/iter; left time: 35713.9295s
	 iters: 6800, epoch: 26 | loss: 0.6288773
	 variance:  [4.022041]
	 speed: 0.0366s/iter; left time: 38555.5624s
	 iters: 6900, epoch: 26 | loss: 0.3996783
	 variance:  [2.10532]
	 speed: 0.0323s/iter; left time: 34020.1536s
	 iters: 7000, epoch: 26 | loss: 0.4962254
	 variance:  [1.4250498]
	 speed: 0.0338s/iter; left time: 35527.6166s
	 iters: 7100, epoch: 26 | loss: 0.4654650
	 variance:  [0.8142562]
	 speed: 0.0313s/iter; left time: 32953.2469s
	 iters: 7200, epoch: 26 | loss: 0.6157970
	 variance:  [4.8905234]
	 speed: 0.0357s/iter; left time: 37522.1456s
	 iters: 7300, epoch: 26 | loss: 0.4073464
	 variance:  [1.5573052]
	 speed: 0.0365s/iter; left time: 38357.0348s
	 iters: 7400, epoch: 26 | loss: 0.3596245
	 variance:  [0.78630966]
	 speed: 0.0363s/iter; left time: 38203.7244s
	 iters: 7500, epoch: 26 | loss: 0.4025547
	 variance:  [1.3907616]
	 speed: 0.0348s/iter; left time: 36536.0770s
	 iters: 7600, epoch: 26 | loss: 0.6095301
	 variance:  [1.0035332]
	 speed: 0.0292s/iter; left time: 30651.4097s
	 iters: 7700, epoch: 26 | loss: 0.4685753
	 variance:  [0.84587073]
	 speed: 0.0335s/iter; left time: 35174.9800s
	 iters: 7800, epoch: 26 | loss: 0.6594834
	 variance:  [5.0856223]
	 speed: 0.0318s/iter; left time: 33439.8196s
	 iters: 7900, epoch: 26 | loss: 1.0859092
	 variance:  [2.6507215]
	 speed: 0.0306s/iter; left time: 32112.9153s
	 iters: 8000, epoch: 26 | loss: 0.6039240
	 variance:  [1.0621967]
	 speed: 0.0304s/iter; left time: 31983.6460s
	 iters: 8100, epoch: 26 | loss: 0.9742923
	 variance:  [0.6764916]
	 speed: 0.0299s/iter; left time: 31459.3211s
	 iters: 8200, epoch: 26 | loss: 0.8095068
	 variance:  [1.42903]
	 speed: 0.0336s/iter; left time: 35272.0462s
	 iters: 8300, epoch: 26 | loss: 0.6223684
	 variance:  [1.2923943]
	 speed: 0.0305s/iter; left time: 32013.3970s
	 iters: 8400, epoch: 26 | loss: 0.5488722
	 variance:  [1.8838795]
	 speed: 0.0376s/iter; left time: 39464.8527s
Validation loss did not decrease 11 / 20
Epoch: 26 Time: 293.7888810634613 Steps: 8471
Train Loss: 0.6387652 | Val Loss: 0.6494684 | Test Loss: 0.5392768
Test Loss (15 mins): 0.0428514 | (30 mins): 0.0627363 | (45 mins): 0.0820133 | (60 mins): 0.0986719
	 iters: 100, epoch: 27 | loss: 0.7916775
	 variance:  [0.23649165]
	 speed: 0.0322s/iter; left time: 33806.7798s
	 iters: 200, epoch: 27 | loss: 1.2264276
	 variance:  [1.0854577]
	 speed: 0.0350s/iter; left time: 36767.2081s
	 iters: 300, epoch: 27 | loss: 0.6809029
	 variance:  [4.505223]
	 speed: 0.0340s/iter; left time: 35712.3713s
	 iters: 400, epoch: 27 | loss: 0.6367013
	 variance:  [0.97250384]
	 speed: 0.0379s/iter; left time: 39770.2401s
	 iters: 500, epoch: 27 | loss: 0.8586417
	 variance:  [1.3636413]
	 speed: 0.0359s/iter; left time: 37656.8496s
	 iters: 600, epoch: 27 | loss: 0.4011630
	 variance:  [4.7674065]
	 speed: 0.0378s/iter; left time: 39729.8640s
	 iters: 700, epoch: 27 | loss: 0.3164364
	 variance:  [0.5538946]
	 speed: 0.0335s/iter; left time: 35186.0465s
	 iters: 800, epoch: 27 | loss: 0.7957267
	 variance:  [0.4875291]
	 speed: 0.0319s/iter; left time: 33447.0805s
	 iters: 900, epoch: 27 | loss: 0.5314915
	 variance:  [0.9713978]
	 speed: 0.0373s/iter; left time: 39180.0964s
	 iters: 1000, epoch: 27 | loss: 0.4751600
	 variance:  [0.58770126]
	 speed: 0.0308s/iter; left time: 32360.2287s
	 iters: 1100, epoch: 27 | loss: 0.5969849
	 variance:  [1.3047843]
	 speed: 0.0366s/iter; left time: 38428.7507s
	 iters: 1200, epoch: 27 | loss: 0.6098415
	 variance:  [0.93817264]
	 speed: 0.0284s/iter; left time: 29810.7216s
	 iters: 1300, epoch: 27 | loss: 0.4697983
	 variance:  [2.6848722]
	 speed: 0.0333s/iter; left time: 34887.3491s
	 iters: 1400, epoch: 27 | loss: 0.6797456
	 variance:  [0.5106894]
	 speed: 0.0351s/iter; left time: 36788.8726s
	 iters: 1500, epoch: 27 | loss: 0.8123242
	 variance:  [0.39766964]
	 speed: 0.0361s/iter; left time: 37901.6007s
	 iters: 1600, epoch: 27 | loss: 0.8099999
	 variance:  [0.44595385]
	 speed: 0.0349s/iter; left time: 36605.4651s
	 iters: 1700, epoch: 27 | loss: 0.5373968
	 variance:  [1.1331142]
	 speed: 0.0287s/iter; left time: 30078.2049s
	 iters: 1800, epoch: 27 | loss: 0.7640163
	 variance:  [0.32480946]
	 speed: 0.0322s/iter; left time: 33745.1782s
	 iters: 1900, epoch: 27 | loss: 0.8046913
	 variance:  [0.87684315]
	 speed: 0.0299s/iter; left time: 31351.0620s
	 iters: 2000, epoch: 27 | loss: 0.6749599
	 variance:  [0.70822316]
	 speed: 0.0345s/iter; left time: 36190.9546s
	 iters: 2100, epoch: 27 | loss: 0.6297854
	 variance:  [0.88684607]
	 speed: 0.0349s/iter; left time: 36579.1613s
	 iters: 2200, epoch: 27 | loss: 0.7992954
	 variance:  [2.1845565]
	 speed: 0.0367s/iter; left time: 38505.4639s
	 iters: 2300, epoch: 27 | loss: 1.3417981
	 variance:  [1.6794132]
	 speed: 0.0378s/iter; left time: 39569.7730s
	 iters: 2400, epoch: 27 | loss: 0.5190072
	 variance:  [0.4591506]
	 speed: 0.0350s/iter; left time: 36647.4403s
	 iters: 2500, epoch: 27 | loss: 0.8732461
	 variance:  [1.9674848]
	 speed: 0.0371s/iter; left time: 38917.3652s
	 iters: 2600, epoch: 27 | loss: 0.7866423
	 variance:  [1.9213575]
	 speed: 0.0368s/iter; left time: 38522.0421s
	 iters: 2700, epoch: 27 | loss: 0.6530285
	 variance:  [0.57471174]
	 speed: 0.0330s/iter; left time: 34555.1504s
	 iters: 2800, epoch: 27 | loss: 0.4963818
	 variance:  [0.90708405]
	 speed: 0.0338s/iter; left time: 35440.8158s
	 iters: 2900, epoch: 27 | loss: 0.6714887
	 variance:  [0.80126095]
	 speed: 0.0349s/iter; left time: 36567.6946s
	 iters: 3000, epoch: 27 | loss: 0.6194851
	 variance:  [1.0893826]
	 speed: 0.0308s/iter; left time: 32231.0182s
	 iters: 3100, epoch: 27 | loss: 0.9363555
	 variance:  [0.42381042]
	 speed: 0.0300s/iter; left time: 31413.8464s
	 iters: 3200, epoch: 27 | loss: 0.7084264
	 variance:  [1.8365463]
	 speed: 0.0308s/iter; left time: 32226.8386s
	 iters: 3300, epoch: 27 | loss: 0.3248860
	 variance:  [0.59720105]
	 speed: 0.0336s/iter; left time: 35203.9471s
	 iters: 3400, epoch: 27 | loss: 0.6609288
	 variance:  [0.819096]
	 speed: 0.0358s/iter; left time: 37501.0358s
	 iters: 3500, epoch: 27 | loss: 0.6749379
	 variance:  [2.185336]
	 speed: 0.0322s/iter; left time: 33742.6997s
	 iters: 3600, epoch: 27 | loss: 0.4247375
	 variance:  [0.27687728]
	 speed: 0.0356s/iter; left time: 37259.3141s
	 iters: 3700, epoch: 27 | loss: 0.7637422
	 variance:  [0.51798123]
	 speed: 0.0359s/iter; left time: 37619.5121s
	 iters: 3800, epoch: 27 | loss: 0.6107433
	 variance:  [0.662101]
	 speed: 0.0335s/iter; left time: 35064.8323s
	 iters: 3900, epoch: 27 | loss: 0.5306687
	 variance:  [0.8640351]
	 speed: 0.0362s/iter; left time: 37930.1674s
	 iters: 4000, epoch: 27 | loss: 0.4080169
	 variance:  [0.5956637]
	 speed: 0.0296s/iter; left time: 30952.4123s
	 iters: 4100, epoch: 27 | loss: 0.5655398
	 variance:  [1.1355441]
	 speed: 0.0289s/iter; left time: 30250.5563s
	 iters: 4200, epoch: 27 | loss: 0.8292462
	 variance:  [0.53390867]
	 speed: 0.0342s/iter; left time: 35756.9844s
	 iters: 4300, epoch: 27 | loss: 1.3456008
	 variance:  [0.59797543]
	 speed: 0.0316s/iter; left time: 33098.7351s
	 iters: 4400, epoch: 27 | loss: 0.3883549
	 variance:  [0.7745736]
	 speed: 0.0312s/iter; left time: 32663.4782s
	 iters: 4500, epoch: 27 | loss: 0.4025104
	 variance:  [1.0679274]
	 speed: 0.0303s/iter; left time: 31723.5080s
	 iters: 4600, epoch: 27 | loss: 0.5270383
	 variance:  [2.5947466]
	 speed: 0.0365s/iter; left time: 38138.0432s
	 iters: 4700, epoch: 27 | loss: 0.4196696
	 variance:  [0.8945045]
	 speed: 0.0378s/iter; left time: 39553.9365s
	 iters: 4800, epoch: 27 | loss: 0.6332164
	 variance:  [1.4732548]
	 speed: 0.0378s/iter; left time: 39499.1440s
	 iters: 4900, epoch: 27 | loss: 0.4051529
	 variance:  [0.60624313]
	 speed: 0.0375s/iter; left time: 39229.2081s
	 iters: 5000, epoch: 27 | loss: 0.5415871
	 variance:  [4.0008917]
	 speed: 0.0369s/iter; left time: 38559.0548s
	 iters: 5100, epoch: 27 | loss: 0.6092182
	 variance:  [1.1540982]
	 speed: 0.0370s/iter; left time: 38712.9931s
	 iters: 5200, epoch: 27 | loss: 0.4417950
	 variance:  [2.0545213]
	 speed: 0.0340s/iter; left time: 35531.4712s
	 iters: 5300, epoch: 27 | loss: 0.5575733
	 variance:  [0.8535329]
	 speed: 0.0355s/iter; left time: 37102.4579s
	 iters: 5400, epoch: 27 | loss: 1.1693721
	 variance:  [3.8535845]
	 speed: 0.0376s/iter; left time: 39251.6963s
	 iters: 5500, epoch: 27 | loss: 0.4157924
	 variance:  [0.7602722]
	 speed: 0.0351s/iter; left time: 36701.3270s
	 iters: 5600, epoch: 27 | loss: 0.6234125
	 variance:  [1.2066053]
	 speed: 0.0351s/iter; left time: 36699.6729s
	 iters: 5700, epoch: 27 | loss: 0.5168506
	 variance:  [1.1561245]
	 speed: 0.0310s/iter; left time: 32393.3014s
	 iters: 5800, epoch: 27 | loss: 0.6161703
	 variance:  [0.1318521]
	 speed: 0.0336s/iter; left time: 35095.2825s
	 iters: 5900, epoch: 27 | loss: 0.4689031
	 variance:  [0.89219594]
	 speed: 0.0351s/iter; left time: 36645.8713s
	 iters: 6000, epoch: 27 | loss: 0.5321050
	 variance:  [0.33231562]
	 speed: 0.0323s/iter; left time: 33719.4335s
	 iters: 6100, epoch: 27 | loss: 0.5092198
	 variance:  [1.4902779]
	 speed: 0.0340s/iter; left time: 35510.8726s
	 iters: 6200, epoch: 27 | loss: 0.7195853
	 variance:  [0.7194883]
	 speed: 0.0330s/iter; left time: 34453.6758s
	 iters: 6300, epoch: 27 | loss: 0.5395266
	 variance:  [0.49127933]
	 speed: 0.0295s/iter; left time: 30834.9007s
	 iters: 6400, epoch: 27 | loss: 1.0890819
	 variance:  [1.7788312]
	 speed: 0.0334s/iter; left time: 34874.8887s
	 iters: 6500, epoch: 27 | loss: 0.7945663
	 variance:  [1.0156482]
	 speed: 0.0327s/iter; left time: 34115.5733s
	 iters: 6600, epoch: 27 | loss: 0.6427042
	 variance:  [1.3285844]
	 speed: 0.0334s/iter; left time: 34825.6323s
	 iters: 6700, epoch: 27 | loss: 0.7595245
	 variance:  [0.6557261]
	 speed: 0.0322s/iter; left time: 33564.2248s
	 iters: 6800, epoch: 27 | loss: 0.9386348
	 variance:  [2.4951708]
	 speed: 0.0296s/iter; left time: 30906.2892s
	 iters: 6900, epoch: 27 | loss: 1.3864788
	 variance:  [0.49410853]
	 speed: 0.0290s/iter; left time: 30295.0138s
	 iters: 7000, epoch: 27 | loss: 0.8987192
	 variance:  [1.2589511]
	 speed: 0.0311s/iter; left time: 32499.8742s
	 iters: 7100, epoch: 27 | loss: 0.5365711
	 variance:  [0.4383337]
	 speed: 0.0280s/iter; left time: 29183.3296s
	 iters: 7200, epoch: 27 | loss: 0.8711824
	 variance:  [1.2738916]
	 speed: 0.0325s/iter; left time: 33869.1304s
	 iters: 7300, epoch: 27 | loss: 0.8292111
	 variance:  [0.3266239]
	 speed: 0.0303s/iter; left time: 31618.7373s
	 iters: 7400, epoch: 27 | loss: 0.6020937
	 variance:  [1.603333]
	 speed: 0.0368s/iter; left time: 38366.8711s
	 iters: 7500, epoch: 27 | loss: 0.5985637
	 variance:  [2.4286423]
	 speed: 0.0324s/iter; left time: 33796.4974s
	 iters: 7600, epoch: 27 | loss: 0.5472641
	 variance:  [1.0058877]
	 speed: 0.0296s/iter; left time: 30889.6631s
	 iters: 7700, epoch: 27 | loss: 0.4463784
	 variance:  [1.470493]
	 speed: 0.0350s/iter; left time: 36529.6506s
	 iters: 7800, epoch: 27 | loss: 0.6130203
	 variance:  [0.47213727]
	 speed: 0.0352s/iter; left time: 36651.6584s
	 iters: 7900, epoch: 27 | loss: 0.4416405
	 variance:  [0.9004146]
	 speed: 0.0330s/iter; left time: 34435.5579s
	 iters: 8000, epoch: 27 | loss: 0.6621684
	 variance:  [0.6637582]
	 speed: 0.0338s/iter; left time: 35213.6738s
	 iters: 8100, epoch: 27 | loss: 0.8937599
	 variance:  [2.1421556]
	 speed: 0.0349s/iter; left time: 36410.2264s
	 iters: 8200, epoch: 27 | loss: 0.6303689
	 variance:  [0.4120792]
	 speed: 0.0365s/iter; left time: 38022.6947s
	 iters: 8300, epoch: 27 | loss: 0.6389306
	 variance:  [1.2724311]
	 speed: 0.0369s/iter; left time: 38486.0590s
	 iters: 8400, epoch: 27 | loss: 0.4289098
	 variance:  [0.76388806]
	 speed: 0.0357s/iter; left time: 37233.3796s
Validation loss did not decrease 12 / 20
Epoch: 27 Time: 296.1852192878723 Steps: 8471
Train Loss: 0.6363039 | Val Loss: 0.6559565 | Test Loss: 0.5361915
Test Loss (15 mins): 0.0427236 | (30 mins): 0.0617542 | (45 mins): 0.0802138 | (60 mins): 0.0965182
	 iters: 100, epoch: 28 | loss: 0.3223618
	 variance:  [0.8617298]
	 speed: 0.0343s/iter; left time: 35698.1423s
	 iters: 200, epoch: 28 | loss: 0.6167721
	 variance:  [0.9907962]
	 speed: 0.0373s/iter; left time: 38830.6270s
	 iters: 300, epoch: 28 | loss: 0.6164250
	 variance:  [0.609663]
	 speed: 0.0368s/iter; left time: 38313.9630s
	 iters: 400, epoch: 28 | loss: 0.3900631
	 variance:  [3.6650152]
	 speed: 0.0339s/iter; left time: 35288.9848s
	 iters: 500, epoch: 28 | loss: 0.5820031
	 variance:  [2.0732248]
	 speed: 0.0320s/iter; left time: 33358.5247s
	 iters: 600, epoch: 28 | loss: 0.4947297
	 variance:  [1.5580939]
	 speed: 0.0355s/iter; left time: 36982.4168s
	 iters: 700, epoch: 28 | loss: 0.5815982
	 variance:  [0.89790833]
	 speed: 0.0356s/iter; left time: 37028.3415s
	 iters: 800, epoch: 28 | loss: 1.1153830
	 variance:  [7.7367644]
	 speed: 0.0294s/iter; left time: 30562.8798s
	 iters: 900, epoch: 28 | loss: 0.6110402
	 variance:  [0.9021235]
	 speed: 0.0332s/iter; left time: 34571.9732s
	 iters: 1000, epoch: 28 | loss: 0.3846381
	 variance:  [1.7238975]
	 speed: 0.0371s/iter; left time: 38644.9860s
	 iters: 1100, epoch: 28 | loss: 0.4402078
	 variance:  [0.30835053]
	 speed: 0.0316s/iter; left time: 32901.6662s
	 iters: 1200, epoch: 28 | loss: 0.6197702
	 variance:  [3.1008446]
	 speed: 0.0350s/iter; left time: 36434.5383s
	 iters: 1300, epoch: 28 | loss: 0.5801047
	 variance:  [1.8521758]
	 speed: 0.0362s/iter; left time: 37662.8390s
	 iters: 1400, epoch: 28 | loss: 0.6383421
	 variance:  [1.7888672]
	 speed: 0.0313s/iter; left time: 32568.0133s
	 iters: 1500, epoch: 28 | loss: 0.2549331
	 variance:  [0.5700898]
	 speed: 0.0329s/iter; left time: 34221.5341s
	 iters: 1600, epoch: 28 | loss: 0.3899915
	 variance:  [0.7360356]
	 speed: 0.0362s/iter; left time: 37679.7563s
	 iters: 1700, epoch: 28 | loss: 0.5320253
	 variance:  [0.5372502]
	 speed: 0.0359s/iter; left time: 37345.0371s
	 iters: 1800, epoch: 28 | loss: 0.7279770
	 variance:  [0.32425126]
	 speed: 0.0351s/iter; left time: 36503.0938s
	 iters: 1900, epoch: 28 | loss: 0.6872311
	 variance:  [2.0559337]
	 speed: 0.0364s/iter; left time: 37858.5182s
	 iters: 2000, epoch: 28 | loss: 0.3707618
	 variance:  [0.6229474]
	 speed: 0.0362s/iter; left time: 37691.1288s
	 iters: 2100, epoch: 28 | loss: 1.1363367
	 variance:  [0.50254667]
	 speed: 0.0285s/iter; left time: 29655.9417s
	 iters: 2200, epoch: 28 | loss: 0.8112925
	 variance:  [1.6243905]
	 speed: 0.0335s/iter; left time: 34827.1317s
	 iters: 2300, epoch: 28 | loss: 0.8019165
	 variance:  [0.91663444]
	 speed: 0.0353s/iter; left time: 36738.4017s
	 iters: 2400, epoch: 28 | loss: 0.8796424
	 variance:  [1.3584119]
	 speed: 0.0307s/iter; left time: 31906.3148s
	 iters: 2500, epoch: 28 | loss: 0.2760908
	 variance:  [2.731806]
	 speed: 0.0325s/iter; left time: 33731.2578s
	 iters: 2600, epoch: 28 | loss: 0.4189781
	 variance:  [1.9132266]
	 speed: 0.0349s/iter; left time: 36228.4606s
	 iters: 2700, epoch: 28 | loss: 0.5380055
	 variance:  [0.7470746]
	 speed: 0.0363s/iter; left time: 37675.5279s
	 iters: 2800, epoch: 28 | loss: 0.7791141
	 variance:  [1.4502382]
	 speed: 0.0359s/iter; left time: 37342.3495s
	 iters: 2900, epoch: 28 | loss: 1.1367242
	 variance:  [0.57474023]
	 speed: 0.0358s/iter; left time: 37203.5327s
	 iters: 3000, epoch: 28 | loss: 0.4047430
	 variance:  [1.3992583]
	 speed: 0.0362s/iter; left time: 37613.6503s
	 iters: 3100, epoch: 28 | loss: 0.5501353
	 variance:  [0.71807104]
	 speed: 0.0373s/iter; left time: 38791.1758s
	 iters: 3200, epoch: 28 | loss: 0.8268015
	 variance:  [1.2451403]
	 speed: 0.0371s/iter; left time: 38517.5935s
	 iters: 3300, epoch: 28 | loss: 0.4886233
	 variance:  [1.8555564]
	 speed: 0.0378s/iter; left time: 39257.0368s
	 iters: 3400, epoch: 28 | loss: 0.8307514
	 variance:  [0.6078444]
	 speed: 0.0338s/iter; left time: 35154.0490s
	 iters: 3500, epoch: 28 | loss: 0.9466782
	 variance:  [13.251663]
	 speed: 0.0376s/iter; left time: 39017.1242s
	 iters: 3600, epoch: 28 | loss: 0.3797510
	 variance:  [1.9814308]
	 speed: 0.0309s/iter; left time: 32093.8353s
	 iters: 3700, epoch: 28 | loss: 0.7473625
	 variance:  [0.7679078]
	 speed: 0.0341s/iter; left time: 35439.3683s
	 iters: 3800, epoch: 28 | loss: 0.7485160
	 variance:  [0.8486755]
	 speed: 0.0358s/iter; left time: 37174.1810s
	 iters: 3900, epoch: 28 | loss: 0.4816841
	 variance:  [0.7218174]
	 speed: 0.0367s/iter; left time: 38139.9557s
	 iters: 4000, epoch: 28 | loss: 0.5855222
	 variance:  [0.4536933]
	 speed: 0.0346s/iter; left time: 35903.0019s
	 iters: 4100, epoch: 28 | loss: 0.5729448
	 variance:  [0.58676785]
	 speed: 0.0366s/iter; left time: 37989.8918s
	 iters: 4200, epoch: 28 | loss: 0.4554247
	 variance:  [1.2497436]
	 speed: 0.0375s/iter; left time: 38954.6955s
	 iters: 4300, epoch: 28 | loss: 0.4640182
	 variance:  [0.43750793]
	 speed: 0.0348s/iter; left time: 36135.5999s
	 iters: 4400, epoch: 28 | loss: 0.6755614
	 variance:  [1.3157933]
	 speed: 0.0318s/iter; left time: 32993.1614s
	 iters: 4500, epoch: 28 | loss: 0.6600643
	 variance:  [1.0765598]
	 speed: 0.0278s/iter; left time: 28867.2494s
	 iters: 4600, epoch: 28 | loss: 0.3931454
	 variance:  [0.61285025]
	 speed: 0.0318s/iter; left time: 33030.6636s
	 iters: 4700, epoch: 28 | loss: 0.4369726
	 variance:  [1.0789462]
	 speed: 0.0368s/iter; left time: 38160.1173s
	 iters: 4800, epoch: 28 | loss: 0.7815961
	 variance:  [1.7020762]
	 speed: 0.0357s/iter; left time: 37012.2043s
	 iters: 4900, epoch: 28 | loss: 0.6862227
	 variance:  [1.8345568]
	 speed: 0.0355s/iter; left time: 36783.0736s
	 iters: 5000, epoch: 28 | loss: 0.6712524
	 variance:  [2.3192408]
	 speed: 0.0354s/iter; left time: 36707.1319s
	 iters: 5100, epoch: 28 | loss: 0.5559757
	 variance:  [1.3174049]
	 speed: 0.0326s/iter; left time: 33813.6328s
	 iters: 5200, epoch: 28 | loss: 0.9711105
	 variance:  [0.6944801]
	 speed: 0.0318s/iter; left time: 32935.7321s
	 iters: 5300, epoch: 28 | loss: 0.7993185
	 variance:  [0.9083562]
	 speed: 0.0374s/iter; left time: 38748.4290s
	 iters: 5400, epoch: 28 | loss: 0.6387511
	 variance:  [1.1487734]
	 speed: 0.0352s/iter; left time: 36496.5935s
	 iters: 5500, epoch: 28 | loss: 0.6339076
	 variance:  [2.6812065]
	 speed: 0.0332s/iter; left time: 34403.5244s
	 iters: 5600, epoch: 28 | loss: 0.5726888
	 variance:  [0.8194188]
	 speed: 0.0351s/iter; left time: 36416.7465s
	 iters: 5700, epoch: 28 | loss: 0.6924292
	 variance:  [0.7979683]
	 speed: 0.0338s/iter; left time: 35050.8046s
	 iters: 5800, epoch: 28 | loss: 0.4916078
	 variance:  [0.78596205]
	 speed: 0.0292s/iter; left time: 30257.7816s
	 iters: 5900, epoch: 28 | loss: 0.5755845
	 variance:  [0.47808486]
	 speed: 0.0315s/iter; left time: 32585.6256s
	 iters: 6000, epoch: 28 | loss: 0.3544534
	 variance:  [1.4521114]
	 speed: 0.0270s/iter; left time: 27997.9155s
	 iters: 6100, epoch: 28 | loss: 0.6094669
	 variance:  [0.44287923]
	 speed: 0.0307s/iter; left time: 31851.0045s
	 iters: 6200, epoch: 28 | loss: 0.6543851
	 variance:  [0.5730195]
	 speed: 0.0334s/iter; left time: 34558.4026s
	 iters: 6300, epoch: 28 | loss: 0.8915682
	 variance:  [1.5061234]
	 speed: 0.0305s/iter; left time: 31583.9772s
	 iters: 6400, epoch: 28 | loss: 0.8309259
	 variance:  [2.6169808]
	 speed: 0.0347s/iter; left time: 35918.6833s
	 iters: 6500, epoch: 28 | loss: 0.5769880
	 variance:  [1.4348334]
	 speed: 0.0338s/iter; left time: 34967.0688s
	 iters: 6600, epoch: 28 | loss: 0.4228866
	 variance:  [0.463955]
	 speed: 0.0272s/iter; left time: 28109.5739s
	 iters: 6700, epoch: 28 | loss: 0.6738080
	 variance:  [1.0523103]
	 speed: 0.0300s/iter; left time: 31013.8711s
	 iters: 6800, epoch: 28 | loss: 0.8919082
	 variance:  [0.93724555]
	 speed: 0.0280s/iter; left time: 29026.0571s
	 iters: 6900, epoch: 28 | loss: 0.7717392
	 variance:  [2.7900066]
	 speed: 0.0361s/iter; left time: 37397.1447s
	 iters: 7000, epoch: 28 | loss: 0.5596383
	 variance:  [0.4000145]
	 speed: 0.0350s/iter; left time: 36207.9172s
	 iters: 7100, epoch: 28 | loss: 0.5460385
	 variance:  [0.8050317]
	 speed: 0.0329s/iter; left time: 34085.1612s
	 iters: 7200, epoch: 28 | loss: 0.4084006
	 variance:  [1.4898953]
	 speed: 0.0303s/iter; left time: 31335.3165s
	 iters: 7300, epoch: 28 | loss: 0.7490338
	 variance:  [0.96999055]
	 speed: 0.0364s/iter; left time: 37686.0148s
	 iters: 7400, epoch: 28 | loss: 0.5584040
	 variance:  [1.1608802]
	 speed: 0.0345s/iter; left time: 35668.6230s
	 iters: 7500, epoch: 28 | loss: 0.4686328
	 variance:  [1.5557123]
	 speed: 0.0339s/iter; left time: 35069.5407s
	 iters: 7600, epoch: 28 | loss: 0.4901884
	 variance:  [0.6401288]
	 speed: 0.0326s/iter; left time: 33677.9993s
	 iters: 7700, epoch: 28 | loss: 0.7744288
	 variance:  [0.68239015]
	 speed: 0.0328s/iter; left time: 33882.3740s
	 iters: 7800, epoch: 28 | loss: 0.5953139
	 variance:  [5.794077]
	 speed: 0.0284s/iter; left time: 29363.7684s
	 iters: 7900, epoch: 28 | loss: 0.4944177
	 variance:  [1.1347061]
	 speed: 0.0343s/iter; left time: 35471.4741s
	 iters: 8000, epoch: 28 | loss: 0.4723275
	 variance:  [0.75514597]
	 speed: 0.0378s/iter; left time: 39059.3827s
	 iters: 8100, epoch: 28 | loss: 0.8377056
	 variance:  [1.1559402]
	 speed: 0.0372s/iter; left time: 38457.5677s
	 iters: 8200, epoch: 28 | loss: 0.6393032
	 variance:  [0.24774863]
	 speed: 0.0358s/iter; left time: 37049.6907s
	 iters: 8300, epoch: 28 | loss: 0.3944841
	 variance:  [0.40859452]
	 speed: 0.0371s/iter; left time: 38379.3855s
	 iters: 8400, epoch: 28 | loss: 0.5290224
	 variance:  [1.4402913]
	 speed: 0.0375s/iter; left time: 38778.8422s
Validation loss did not decrease 13 / 20
Epoch: 28 Time: 298.5774483680725 Steps: 8471
Train Loss: 0.6331979 | Val Loss: 0.6497944 | Test Loss: 0.5382988
Test Loss (15 mins): 0.0456116 | (30 mins): 0.0658961 | (45 mins): 0.0849129 | (60 mins): 0.1034204
	 iters: 100, epoch: 29 | loss: 0.9901708
	 variance:  [3.1308405]
	 speed: 0.0362s/iter; left time: 37455.4766s
	 iters: 200, epoch: 29 | loss: 0.4204135
	 variance:  [5.463501]
	 speed: 0.0275s/iter; left time: 28366.4456s
	 iters: 300, epoch: 29 | loss: 0.4989513
	 variance:  [0.7077791]
	 speed: 0.0271s/iter; left time: 27993.8946s
	 iters: 400, epoch: 29 | loss: 0.4124365
	 variance:  [0.6439317]
	 speed: 0.0351s/iter; left time: 36308.5375s
	 iters: 500, epoch: 29 | loss: 0.8359345
	 variance:  [1.862337]
	 speed: 0.0375s/iter; left time: 38768.5226s
	 iters: 600, epoch: 29 | loss: 0.4101849
	 variance:  [0.8012245]
	 speed: 0.0342s/iter; left time: 35354.7562s
	 iters: 700, epoch: 29 | loss: 0.6211486
	 variance:  [8.049536]
	 speed: 0.0344s/iter; left time: 35551.3211s
	 iters: 800, epoch: 29 | loss: 0.4014557
	 variance:  [3.267533]
	 speed: 0.0352s/iter; left time: 36305.4769s
	 iters: 900, epoch: 29 | loss: 1.8911718
	 variance:  [2.7132332]
	 speed: 0.0320s/iter; left time: 33031.1082s
	 iters: 1000, epoch: 29 | loss: 0.6381267
	 variance:  [0.56908494]
	 speed: 0.0363s/iter; left time: 37480.1435s
	 iters: 1100, epoch: 29 | loss: 0.4984155
	 variance:  [1.9914513]
	 speed: 0.0337s/iter; left time: 34779.0931s
	 iters: 1200, epoch: 29 | loss: 0.5162177
	 variance:  [1.3224382]
	 speed: 0.0356s/iter; left time: 36736.0819s
	 iters: 1300, epoch: 29 | loss: 0.5603012
	 variance:  [2.5155833]
	 speed: 0.0375s/iter; left time: 38723.2352s
	 iters: 1400, epoch: 29 | loss: 0.3005120
	 variance:  [0.4334479]
	 speed: 0.0376s/iter; left time: 38812.7242s
	 iters: 1500, epoch: 29 | loss: 0.4071350
	 variance:  [0.4763877]
	 speed: 0.0343s/iter; left time: 35406.5594s
	 iters: 1600, epoch: 29 | loss: 0.3210385
	 variance:  [0.3554232]
	 speed: 0.0269s/iter; left time: 27807.0170s
	 iters: 1700, epoch: 29 | loss: 1.0654614
	 variance:  [0.73993945]
	 speed: 0.0331s/iter; left time: 34193.7538s
	 iters: 1800, epoch: 29 | loss: 1.0606098
	 variance:  [1.4448867]
	 speed: 0.0357s/iter; left time: 36845.1019s
	 iters: 1900, epoch: 29 | loss: 0.4992668
	 variance:  [1.044205]
	 speed: 0.0310s/iter; left time: 31943.0533s
	 iters: 2000, epoch: 29 | loss: 0.8388566
	 variance:  [1.1517777]
	 speed: 0.0337s/iter; left time: 34775.6277s
	 iters: 2100, epoch: 29 | loss: 0.4507104
	 variance:  [0.92118216]
	 speed: 0.0330s/iter; left time: 34080.8086s
	 iters: 2200, epoch: 29 | loss: 0.3584221
	 variance:  [0.49461123]
	 speed: 0.0342s/iter; left time: 35267.9931s
	 iters: 2300, epoch: 29 | loss: 0.5101288
	 variance:  [1.0182861]
	 speed: 0.0355s/iter; left time: 36574.0430s
	 iters: 2400, epoch: 29 | loss: 0.3533264
	 variance:  [0.7504233]
	 speed: 0.0332s/iter; left time: 34219.8822s
	 iters: 2500, epoch: 29 | loss: 0.5192520
	 variance:  [1.0731498]
	 speed: 0.0372s/iter; left time: 38379.5846s
	 iters: 2600, epoch: 29 | loss: 0.6348407
	 variance:  [0.46401575]
	 speed: 0.0354s/iter; left time: 36448.5754s
	 iters: 2700, epoch: 29 | loss: 0.3923801
	 variance:  [0.7247163]
	 speed: 0.0362s/iter; left time: 37275.3139s
	 iters: 2800, epoch: 29 | loss: 0.5871699
	 variance:  [0.8467337]
	 speed: 0.0325s/iter; left time: 33528.0524s
	 iters: 2900, epoch: 29 | loss: 0.3374474
	 variance:  [0.84053886]
	 speed: 0.0351s/iter; left time: 36215.0717s
	 iters: 3000, epoch: 29 | loss: 0.5453801
	 variance:  [0.90078205]
	 speed: 0.0328s/iter; left time: 33839.5540s
	 iters: 3100, epoch: 29 | loss: 0.8442245
	 variance:  [1.2534174]
	 speed: 0.0342s/iter; left time: 35262.2909s
	 iters: 3200, epoch: 29 | loss: 0.7909551
	 variance:  [1.0880376]
	 speed: 0.0368s/iter; left time: 37905.8065s
	 iters: 3300, epoch: 29 | loss: 0.6438791
	 variance:  [2.8704767]
	 speed: 0.0332s/iter; left time: 34187.6469s
	 iters: 3400, epoch: 29 | loss: 0.9047755
	 variance:  [9.921417]
	 speed: 0.0343s/iter; left time: 35362.0318s
	 iters: 3500, epoch: 29 | loss: 0.3646687
	 variance:  [0.5247363]
	 speed: 0.0344s/iter; left time: 35383.8180s
	 iters: 3600, epoch: 29 | loss: 0.6972750
	 variance:  [2.2287655]
	 speed: 0.0358s/iter; left time: 36879.7068s
	 iters: 3700, epoch: 29 | loss: 0.6287571
	 variance:  [0.68712515]
	 speed: 0.0349s/iter; left time: 35962.4578s
	 iters: 3800, epoch: 29 | loss: 0.5840741
	 variance:  [10.594928]
	 speed: 0.0352s/iter; left time: 36254.8187s
	 iters: 3900, epoch: 29 | loss: 0.6739659
	 variance:  [1.5584948]
	 speed: 0.0384s/iter; left time: 39569.6991s
	 iters: 4000, epoch: 29 | loss: 0.7896780
	 variance:  [0.81204414]
	 speed: 0.0328s/iter; left time: 33804.2359s
	 iters: 4100, epoch: 29 | loss: 0.2955294
	 variance:  [1.0001285]
	 speed: 0.0356s/iter; left time: 36635.7288s
	 iters: 4200, epoch: 29 | loss: 0.6698701
	 variance:  [0.4635544]
	 speed: 0.0334s/iter; left time: 34407.7878s
	 iters: 4300, epoch: 29 | loss: 0.5610049
	 variance:  [1.1245524]
	 speed: 0.0347s/iter; left time: 35665.1420s
	 iters: 4400, epoch: 29 | loss: 0.4869339
	 variance:  [0.59191346]
	 speed: 0.0327s/iter; left time: 33610.4099s
	 iters: 4500, epoch: 29 | loss: 0.6712603
	 variance:  [1.7584865]
	 speed: 0.0297s/iter; left time: 30511.1906s
	 iters: 4600, epoch: 29 | loss: 0.3637625
	 variance:  [0.8084678]
	 speed: 0.0320s/iter; left time: 32974.7174s
	 iters: 4700, epoch: 29 | loss: 0.9630803
	 variance:  [3.2110262]
	 speed: 0.0358s/iter; left time: 36805.8713s
	 iters: 4800, epoch: 29 | loss: 0.6081411
	 variance:  [0.8378537]
	 speed: 0.0377s/iter; left time: 38812.6935s
	 iters: 4900, epoch: 29 | loss: 0.6924502
	 variance:  [7.3097854]
	 speed: 0.0369s/iter; left time: 37987.9811s
	 iters: 5000, epoch: 29 | loss: 0.3391905
	 variance:  [1.6935606]
	 speed: 0.0358s/iter; left time: 36801.7024s
	 iters: 5100, epoch: 29 | loss: 0.5132074
	 variance:  [0.71659106]
	 speed: 0.0379s/iter; left time: 38997.0309s
	 iters: 5200, epoch: 29 | loss: 0.6403023
	 variance:  [1.3616511]
	 speed: 0.0365s/iter; left time: 37519.4064s
	 iters: 5300, epoch: 29 | loss: 0.4788827
	 variance:  [3.7648063]
	 speed: 0.0314s/iter; left time: 32242.4211s
	 iters: 5400, epoch: 29 | loss: 0.6567653
	 variance:  [1.366691]
	 speed: 0.0364s/iter; left time: 37384.2205s
	 iters: 5500, epoch: 29 | loss: 0.4608094
	 variance:  [0.26810202]
	 speed: 0.0373s/iter; left time: 38359.0217s
	 iters: 5600, epoch: 29 | loss: 0.3691586
	 variance:  [5.2515373]
	 speed: 0.0377s/iter; left time: 38739.2772s
	 iters: 5700, epoch: 29 | loss: 0.2237527
	 variance:  [0.96225476]
	 speed: 0.0361s/iter; left time: 37088.1511s
	 iters: 5800, epoch: 29 | loss: 0.7705040
	 variance:  [1.1943723]
	 speed: 0.0348s/iter; left time: 35771.3069s
	 iters: 5900, epoch: 29 | loss: 0.7059611
	 variance:  [0.6874773]
	 speed: 0.0355s/iter; left time: 36489.6306s
	 iters: 6000, epoch: 29 | loss: 0.6291012
	 variance:  [0.9701495]
	 speed: 0.0369s/iter; left time: 37941.0077s
	 iters: 6100, epoch: 29 | loss: 0.6189224
	 variance:  [1.6636063]
	 speed: 0.0343s/iter; left time: 35225.3957s
	 iters: 6200, epoch: 29 | loss: 0.5244730
	 variance:  [0.46732104]
	 speed: 0.0357s/iter; left time: 36684.2951s
	 iters: 6300, epoch: 29 | loss: 0.4729844
	 variance:  [1.1855899]
	 speed: 0.0295s/iter; left time: 30308.2909s
	 iters: 6400, epoch: 29 | loss: 0.7830836
	 variance:  [0.76905584]
	 speed: 0.0314s/iter; left time: 32216.4377s
	 iters: 6500, epoch: 29 | loss: 0.6245111
	 variance:  [0.81895596]
	 speed: 0.0360s/iter; left time: 36935.4311s
	 iters: 6600, epoch: 29 | loss: 0.4547446
	 variance:  [0.8137497]
	 speed: 0.0354s/iter; left time: 36348.0903s
	 iters: 6700, epoch: 29 | loss: 1.0832447
	 variance:  [3.368436]
	 speed: 0.0326s/iter; left time: 33456.2215s
	 iters: 6800, epoch: 29 | loss: 0.9836425
	 variance:  [0.6486295]
	 speed: 0.0321s/iter; left time: 32913.2379s
	 iters: 6900, epoch: 29 | loss: 1.0672892
	 variance:  [0.65020186]
	 speed: 0.0336s/iter; left time: 34497.5796s
	 iters: 7000, epoch: 29 | loss: 0.4157553
	 variance:  [1.072897]
	 speed: 0.0310s/iter; left time: 31780.9141s
	 iters: 7100, epoch: 29 | loss: 0.4903245
	 variance:  [0.52989596]
	 speed: 0.0372s/iter; left time: 38219.1738s
	 iters: 7200, epoch: 29 | loss: 0.6387720
	 variance:  [1.9745461]
	 speed: 0.0374s/iter; left time: 38402.3563s
	 iters: 7300, epoch: 29 | loss: 0.5987443
	 variance:  [3.737904]
	 speed: 0.0364s/iter; left time: 37366.4607s
	 iters: 7400, epoch: 29 | loss: 0.4690443
	 variance:  [0.39212412]
	 speed: 0.0344s/iter; left time: 35256.9031s
	 iters: 7500, epoch: 29 | loss: 0.3376691
	 variance:  [0.4515313]
	 speed: 0.0320s/iter; left time: 32868.9436s
	 iters: 7600, epoch: 29 | loss: 0.6270274
	 variance:  [0.5119867]
	 speed: 0.0331s/iter; left time: 33911.9441s
	 iters: 7700, epoch: 29 | loss: 0.9659768
	 variance:  [5.445025]
	 speed: 0.0309s/iter; left time: 31717.6094s
	 iters: 7800, epoch: 29 | loss: 0.4190430
	 variance:  [4.2487926]
	 speed: 0.0297s/iter; left time: 30452.2974s
	 iters: 7900, epoch: 29 | loss: 0.3794899
	 variance:  [0.48684916]
	 speed: 0.0302s/iter; left time: 31022.6167s
	 iters: 8000, epoch: 29 | loss: 1.1310475
	 variance:  [0.5745636]
	 speed: 0.0351s/iter; left time: 36016.3469s
	 iters: 8100, epoch: 29 | loss: 0.7585699
	 variance:  [3.775902]
	 speed: 0.0358s/iter; left time: 36684.5870s
	 iters: 8200, epoch: 29 | loss: 0.4032223
	 variance:  [3.872683]
	 speed: 0.0335s/iter; left time: 34354.6279s
	 iters: 8300, epoch: 29 | loss: 0.4878423
	 variance:  [0.54744756]
	 speed: 0.0311s/iter; left time: 31908.0855s
	 iters: 8400, epoch: 29 | loss: 0.8465444
	 variance:  [5.849426]
	 speed: 0.0302s/iter; left time: 30936.6886s
Validation loss did not decrease 14 / 20
Epoch: 29 Time: 299.65157651901245 Steps: 8471
Train Loss: 0.6298798 | Val Loss: 0.6711196 | Test Loss: 0.5688073
Test Loss (15 mins): 0.0485272 | (30 mins): 0.0675530 | (45 mins): 0.0837737 | (60 mins): 0.1009899
	 iters: 100, epoch: 30 | loss: 0.4458687
	 variance:  [2.0228548]
	 speed: 0.0347s/iter; left time: 35530.0564s
	 iters: 200, epoch: 30 | loss: 0.8387401
	 variance:  [1.2169747]
	 speed: 0.0354s/iter; left time: 36295.8634s
	 iters: 300, epoch: 30 | loss: 0.4270396
	 variance:  [0.837029]
	 speed: 0.0311s/iter; left time: 31876.9863s
	 iters: 400, epoch: 30 | loss: 0.3848972
	 variance:  [0.90373665]
	 speed: 0.0347s/iter; left time: 35546.5761s
	 iters: 500, epoch: 30 | loss: 0.6382464
	 variance:  [0.83553123]
	 speed: 0.0366s/iter; left time: 37520.0522s
	 iters: 600, epoch: 30 | loss: 0.5661451
	 variance:  [0.5597174]
	 speed: 0.0350s/iter; left time: 35825.9872s
	 iters: 700, epoch: 30 | loss: 0.4001212
	 variance:  [0.3079204]
	 speed: 0.0341s/iter; left time: 34922.5215s
	 iters: 800, epoch: 30 | loss: 0.3835312
	 variance:  [0.33913302]
	 speed: 0.0297s/iter; left time: 30429.3470s
	 iters: 900, epoch: 30 | loss: 0.5346946
	 variance:  [1.0699362]
	 speed: 0.0326s/iter; left time: 33396.7844s
	 iters: 1000, epoch: 30 | loss: 0.2639506
	 variance:  [1.733128]
	 speed: 0.0319s/iter; left time: 32658.2458s
	 iters: 1100, epoch: 30 | loss: 0.7443861
	 variance:  [0.60424274]
	 speed: 0.0285s/iter; left time: 29132.5643s
	 iters: 1200, epoch: 30 | loss: 0.3877092
	 variance:  [3.2745702]
	 speed: 0.0338s/iter; left time: 34618.8748s
	 iters: 1300, epoch: 30 | loss: 0.8839462
	 variance:  [0.7275823]
	 speed: 0.0376s/iter; left time: 38450.8726s
	 iters: 1400, epoch: 30 | loss: 0.5203063
	 variance:  [1.0593472]
	 speed: 0.0340s/iter; left time: 34790.2709s
	 iters: 1500, epoch: 30 | loss: 0.6819875
	 variance:  [1.7821196]
	 speed: 0.0329s/iter; left time: 33672.1177s
	 iters: 1600, epoch: 30 | loss: 0.2940608
	 variance:  [4.531228]
	 speed: 0.0370s/iter; left time: 37886.8297s
	 iters: 1700, epoch: 30 | loss: 0.5653003
	 variance:  [0.36245143]
	 speed: 0.0290s/iter; left time: 29706.8291s
	 iters: 1800, epoch: 30 | loss: 0.4286312
	 variance:  [1.1702944]
	 speed: 0.0375s/iter; left time: 38378.0308s
	 iters: 1900, epoch: 30 | loss: 0.3964346
	 variance:  [0.24879415]
	 speed: 0.0357s/iter; left time: 36517.5685s
	 iters: 2000, epoch: 30 | loss: 0.6531801
	 variance:  [1.0983269]
	 speed: 0.0307s/iter; left time: 31453.8923s
	 iters: 2100, epoch: 30 | loss: 0.9952499
	 variance:  [2.3078845]
	 speed: 0.0367s/iter; left time: 37534.3280s
	 iters: 2200, epoch: 30 | loss: 0.5306463
	 variance:  [2.2919738]
	 speed: 0.0370s/iter; left time: 37861.9982s
	 iters: 2300, epoch: 30 | loss: 0.9388511
	 variance:  [0.409881]
	 speed: 0.0345s/iter; left time: 35232.1362s
	 iters: 2400, epoch: 30 | loss: 0.5069196
	 variance:  [0.45347828]
	 speed: 0.0319s/iter; left time: 32660.0014s
	 iters: 2500, epoch: 30 | loss: 0.3781754
	 variance:  [1.8504279]
	 speed: 0.0324s/iter; left time: 33113.0877s
	 iters: 2600, epoch: 30 | loss: 0.5726036
	 variance:  [2.8352509]
	 speed: 0.0369s/iter; left time: 37699.1084s
	 iters: 2700, epoch: 30 | loss: 0.4727815
	 variance:  [0.6916171]
	 speed: 0.0336s/iter; left time: 34355.4934s
	 iters: 2800, epoch: 30 | loss: 0.4284577
	 variance:  [0.5027135]
	 speed: 0.0280s/iter; left time: 28658.2268s
	 iters: 2900, epoch: 30 | loss: 0.5144069
	 variance:  [0.2773955]
	 speed: 0.0357s/iter; left time: 36535.6858s
	 iters: 3000, epoch: 30 | loss: 0.4580891
	 variance:  [0.635495]
	 speed: 0.0363s/iter; left time: 37147.5719s
	 iters: 3100, epoch: 30 | loss: 0.5859579
	 variance:  [1.1634064]
	 speed: 0.0289s/iter; left time: 29488.8128s
	 iters: 3200, epoch: 30 | loss: 0.6772994
	 variance:  [0.46850145]
	 speed: 0.0356s/iter; left time: 36350.1713s
	 iters: 3300, epoch: 30 | loss: 0.6649032
	 variance:  [1.0997316]
	 speed: 0.0374s/iter; left time: 38200.1074s
	 iters: 3400, epoch: 30 | loss: 0.5415643
	 variance:  [0.75528324]
	 speed: 0.0378s/iter; left time: 38577.8278s
	 iters: 3500, epoch: 30 | loss: 0.6454142
	 variance:  [0.5437949]
	 speed: 0.0375s/iter; left time: 38269.6694s
	 iters: 3600, epoch: 30 | loss: 0.5931975
	 variance:  [0.8848093]
	 speed: 0.0358s/iter; left time: 36520.7234s
	 iters: 3700, epoch: 30 | loss: 0.4578066
	 variance:  [2.7651856]
	 speed: 0.0335s/iter; left time: 34217.4034s
	 iters: 3800, epoch: 30 | loss: 0.6157395
	 variance:  [1.6450211]
	 speed: 0.0285s/iter; left time: 29057.7699s
	 iters: 3900, epoch: 30 | loss: 1.1502576
	 variance:  [3.5282583]
	 speed: 0.0292s/iter; left time: 29840.6117s
	 iters: 4000, epoch: 30 | loss: 0.5540824
	 variance:  [0.65627915]
	 speed: 0.0311s/iter; left time: 31723.7537s
	 iters: 4100, epoch: 30 | loss: 0.8639793
	 variance:  [2.5077698]
	 speed: 0.0271s/iter; left time: 27619.7086s
	 iters: 4200, epoch: 30 | loss: 0.7077847
	 variance:  [1.3537356]
	 speed: 0.0328s/iter; left time: 33482.7026s
	 iters: 4300, epoch: 30 | loss: 0.4441563
	 variance:  [1.0941502]
	 speed: 0.0351s/iter; left time: 35825.8438s
	 iters: 4400, epoch: 30 | loss: 0.4722853
	 variance:  [0.9213945]
	 speed: 0.0370s/iter; left time: 37785.1229s
	 iters: 4500, epoch: 30 | loss: 0.5823960
	 variance:  [0.8220427]
	 speed: 0.0294s/iter; left time: 30013.2803s
	 iters: 4600, epoch: 30 | loss: 0.5518740
	 variance:  [0.96156347]
	 speed: 0.0305s/iter; left time: 31131.2269s
	 iters: 4700, epoch: 30 | loss: 0.6742740
	 variance:  [0.9165478]
	 speed: 0.0307s/iter; left time: 31318.3783s
	 iters: 4800, epoch: 30 | loss: 0.2913931
	 variance:  [0.6488017]
	 speed: 0.0298s/iter; left time: 30427.3634s
	 iters: 4900, epoch: 30 | loss: 0.3942826
	 variance:  [0.43114424]
	 speed: 0.0345s/iter; left time: 35158.6096s
	 iters: 5000, epoch: 30 | loss: 0.2704437
	 variance:  [1.912672]
	 speed: 0.0320s/iter; left time: 32659.2017s
	 iters: 5100, epoch: 30 | loss: 0.6781017
	 variance:  [1.9268602]
	 speed: 0.0306s/iter; left time: 31183.6223s
	 iters: 5200, epoch: 30 | loss: 0.7842571
	 variance:  [7.0801034]
	 speed: 0.0299s/iter; left time: 30469.7016s
	 iters: 5300, epoch: 30 | loss: 0.6134607
	 variance:  [1.7569703]
	 speed: 0.0351s/iter; left time: 35823.9730s
	 iters: 5400, epoch: 30 | loss: 0.6801102
	 variance:  [1.550643]
	 speed: 0.0305s/iter; left time: 31062.2151s
	 iters: 5500, epoch: 30 | loss: 0.6338465
	 variance:  [1.1001813]
	 speed: 0.0301s/iter; left time: 30678.7997s
	 iters: 5600, epoch: 30 | loss: 0.8378211
	 variance:  [3.0655227]
	 speed: 0.0270s/iter; left time: 27500.0191s
	 iters: 5700, epoch: 30 | loss: 0.8130057
	 variance:  [0.9795566]
	 speed: 0.0280s/iter; left time: 28586.6868s
	 iters: 5800, epoch: 30 | loss: 0.4703197
	 variance:  [1.9679009]
	 speed: 0.0315s/iter; left time: 32115.6149s
	 iters: 5900, epoch: 30 | loss: 0.4706074
	 variance:  [0.29504484]
	 speed: 0.0335s/iter; left time: 34146.0440s
	 iters: 6000, epoch: 30 | loss: 0.5583546
	 variance:  [1.5351584]
	 speed: 0.0294s/iter; left time: 29981.8243s
	 iters: 6100, epoch: 30 | loss: 0.6984422
	 variance:  [0.37110975]
	 speed: 0.0278s/iter; left time: 28295.3810s
	 iters: 6200, epoch: 30 | loss: 0.3753351
	 variance:  [1.3284204]
	 speed: 0.0323s/iter; left time: 32879.5075s
	 iters: 6300, epoch: 30 | loss: 0.5264758
	 variance:  [1.5041077]
	 speed: 0.0284s/iter; left time: 28924.1024s
	 iters: 6400, epoch: 30 | loss: 0.4971340
	 variance:  [1.2019758]
	 speed: 0.0350s/iter; left time: 35689.2605s
	 iters: 6500, epoch: 30 | loss: 0.7330371
	 variance:  [1.3471849]
	 speed: 0.0349s/iter; left time: 35511.8680s
	 iters: 6600, epoch: 30 | loss: 0.5983174
	 variance:  [1.0467527]
	 speed: 0.0365s/iter; left time: 37150.3696s
	 iters: 6700, epoch: 30 | loss: 0.5427362
	 variance:  [1.3123885]
	 speed: 0.0342s/iter; left time: 34810.7558s
	 iters: 6800, epoch: 30 | loss: 0.5981948
	 variance:  [4.1525936]
	 speed: 0.0345s/iter; left time: 35092.9978s
	 iters: 6900, epoch: 30 | loss: 0.3304231
	 variance:  [2.0348334]
	 speed: 0.0341s/iter; left time: 34713.2291s
	 iters: 7000, epoch: 30 | loss: 0.3807527
	 variance:  [0.91884696]
	 speed: 0.0374s/iter; left time: 38094.2689s
	 iters: 7100, epoch: 30 | loss: 0.7102782
	 variance:  [0.6123287]
	 speed: 0.0308s/iter; left time: 31324.7974s
	 iters: 7200, epoch: 30 | loss: 0.4652253
	 variance:  [0.62971824]
	 speed: 0.0338s/iter; left time: 34409.9998s
	 iters: 7300, epoch: 30 | loss: 0.5025021
	 variance:  [6.2323756]
	 speed: 0.0343s/iter; left time: 34953.8204s
	 iters: 7400, epoch: 30 | loss: 0.7104198
	 variance:  [1.1475635]
	 speed: 0.0347s/iter; left time: 35279.2985s
	 iters: 7500, epoch: 30 | loss: 0.5235763
	 variance:  [0.7560798]
	 speed: 0.0297s/iter; left time: 30214.1005s
	 iters: 7600, epoch: 30 | loss: 0.3939433
	 variance:  [0.54075867]
	 speed: 0.0317s/iter; left time: 32244.1570s
	 iters: 7700, epoch: 30 | loss: 0.7351601
	 variance:  [0.53774744]
	 speed: 0.0350s/iter; left time: 35562.0622s
	 iters: 7800, epoch: 30 | loss: 0.3849932
	 variance:  [1.434379]
	 speed: 0.0356s/iter; left time: 36166.3298s
	 iters: 7900, epoch: 30 | loss: 0.5857278
	 variance:  [2.7490523]
	 speed: 0.0369s/iter; left time: 37480.1088s
	 iters: 8000, epoch: 30 | loss: 0.4889659
	 variance:  [1.1613814]
	 speed: 0.0331s/iter; left time: 33653.0074s
	 iters: 8100, epoch: 30 | loss: 0.4951859
	 variance:  [1.1534555]
	 speed: 0.0369s/iter; left time: 37497.9264s
	 iters: 8200, epoch: 30 | loss: 0.5010381
	 variance:  [0.3395905]
	 speed: 0.0375s/iter; left time: 38142.6405s
	 iters: 8300, epoch: 30 | loss: 0.6904482
	 variance:  [0.71306705]
	 speed: 0.0365s/iter; left time: 37094.4509s
	 iters: 8400, epoch: 30 | loss: 0.4627553
	 variance:  [2.5701935]
	 speed: 0.0350s/iter; left time: 35539.6909s
Validation loss did not decrease 15 / 20
Epoch: 30 Time: 292.1134808063507 Steps: 8471
Train Loss: 0.6288884 | Val Loss: 0.6595711 | Test Loss: 0.5461279
Test Loss (15 mins): 0.0423654 | (30 mins): 0.0636705 | (45 mins): 0.0838784 | (60 mins): 0.0989735
	 iters: 100, epoch: 31 | loss: 0.3797777
	 variance:  [1.4787695]
	 speed: 0.0362s/iter; left time: 36838.5898s
	 iters: 200, epoch: 31 | loss: 1.1070511
	 variance:  [1.5938736]
	 speed: 0.0366s/iter; left time: 37149.7429s
	 iters: 300, epoch: 31 | loss: 0.3770157
	 variance:  [1.2647438]
	 speed: 0.0356s/iter; left time: 36143.6415s
	 iters: 400, epoch: 31 | loss: 0.8551142
	 variance:  [0.96865165]
	 speed: 0.0358s/iter; left time: 36365.3450s
	 iters: 500, epoch: 31 | loss: 0.3709163
	 variance:  [1.28483]
	 speed: 0.0360s/iter; left time: 36539.8743s
	 iters: 600, epoch: 31 | loss: 0.5045483
	 variance:  [1.1962404]
	 speed: 0.0374s/iter; left time: 37958.2292s
	 iters: 700, epoch: 31 | loss: 0.4717363
	 variance:  [1.4272832]
	 speed: 0.0351s/iter; left time: 35692.1639s
	 iters: 800, epoch: 31 | loss: 0.8372595
	 variance:  [0.70314425]
	 speed: 0.0349s/iter; left time: 35455.8602s
	 iters: 900, epoch: 31 | loss: 0.4850977
	 variance:  [1.9786029]
	 speed: 0.0359s/iter; left time: 36469.7862s
	 iters: 1000, epoch: 31 | loss: 0.6240873
	 variance:  [4.0398006]
	 speed: 0.0347s/iter; left time: 35220.6428s
	 iters: 1100, epoch: 31 | loss: 0.4988330
	 variance:  [0.28632692]
	 speed: 0.0307s/iter; left time: 31148.6214s
	 iters: 1200, epoch: 31 | loss: 1.4294434
	 variance:  [3.0495095]
	 speed: 0.0346s/iter; left time: 35153.9825s
	 iters: 1300, epoch: 31 | loss: 1.0332274
	 variance:  [1.226721]
	 speed: 0.0354s/iter; left time: 35989.5126s
	 iters: 1400, epoch: 31 | loss: 0.4251610
	 variance:  [2.894646]
	 speed: 0.0371s/iter; left time: 37635.7585s
	 iters: 1500, epoch: 31 | loss: 1.0562342
	 variance:  [0.49865952]
	 speed: 0.0368s/iter; left time: 37335.4656s
	 iters: 1600, epoch: 31 | loss: 0.9531319
	 variance:  [0.7020297]
	 speed: 0.0366s/iter; left time: 37120.4745s
	 iters: 1700, epoch: 31 | loss: 0.5573997
	 variance:  [1.9644945]
	 speed: 0.0348s/iter; left time: 35333.3803s
	 iters: 1800, epoch: 31 | loss: 0.5658944
	 variance:  [0.4973199]
	 speed: 0.0333s/iter; left time: 33840.0119s
	 iters: 1900, epoch: 31 | loss: 0.4959103
	 variance:  [0.39797065]
	 speed: 0.0360s/iter; left time: 36475.9300s
	 iters: 2000, epoch: 31 | loss: 0.4677833
	 variance:  [0.4474941]
	 speed: 0.0314s/iter; left time: 31875.3883s
	 iters: 2100, epoch: 31 | loss: 0.4299107
	 variance:  [0.65982705]
	 speed: 0.0318s/iter; left time: 32213.1049s
	 iters: 2200, epoch: 31 | loss: 0.6253812
	 variance:  [1.0209898]
	 speed: 0.0328s/iter; left time: 33283.3485s
	 iters: 2300, epoch: 31 | loss: 0.3133279
	 variance:  [0.66725266]
	 speed: 0.0334s/iter; left time: 33887.6803s
	 iters: 2400, epoch: 31 | loss: 0.6346878
	 variance:  [2.1832216]
	 speed: 0.0320s/iter; left time: 32404.1997s
	 iters: 2500, epoch: 31 | loss: 0.9309032
	 variance:  [0.6982365]
	 speed: 0.0376s/iter; left time: 38109.7754s
	 iters: 2600, epoch: 31 | loss: 0.5045263
	 variance:  [0.20774968]
	 speed: 0.0367s/iter; left time: 37160.4726s
	 iters: 2700, epoch: 31 | loss: 0.7190024
	 variance:  [0.89264625]
	 speed: 0.0356s/iter; left time: 36125.1394s
	 iters: 2800, epoch: 31 | loss: 0.3646024
	 variance:  [0.7862435]
	 speed: 0.0318s/iter; left time: 32243.0112s
	 iters: 2900, epoch: 31 | loss: 1.2582810
	 variance:  [0.5632413]
	 speed: 0.0367s/iter; left time: 37208.9129s
	 iters: 3000, epoch: 31 | loss: 1.2483859
	 variance:  [2.7807279]
	 speed: 0.0339s/iter; left time: 34336.3953s
	 iters: 3100, epoch: 31 | loss: 0.7159715
	 variance:  [0.7137199]
	 speed: 0.0281s/iter; left time: 28527.5698s
	 iters: 3200, epoch: 31 | loss: 0.8215382
	 variance:  [0.65649074]
	 speed: 0.0329s/iter; left time: 33372.3326s
	 iters: 3300, epoch: 31 | loss: 0.4326252
	 variance:  [2.8651166]
	 speed: 0.0360s/iter; left time: 36488.2268s
	 iters: 3400, epoch: 31 | loss: 0.3281358
	 variance:  [0.42924258]
	 speed: 0.0360s/iter; left time: 36469.8961s
	 iters: 3500, epoch: 31 | loss: 0.5296285
	 variance:  [2.0076644]
	 speed: 0.0350s/iter; left time: 35446.6561s
	 iters: 3600, epoch: 31 | loss: 0.5227937
	 variance:  [1.3937626]
	 speed: 0.0326s/iter; left time: 33000.2334s
	 iters: 3700, epoch: 31 | loss: 0.6426395
	 variance:  [3.7606266]
	 speed: 0.0314s/iter; left time: 31837.1139s
	 iters: 3800, epoch: 31 | loss: 0.5513923
	 variance:  [2.032344]
	 speed: 0.0342s/iter; left time: 34670.9870s
	 iters: 3900, epoch: 31 | loss: 0.5321459
	 variance:  [0.63727397]
	 speed: 0.0368s/iter; left time: 37230.0500s
	 iters: 4000, epoch: 31 | loss: 0.8515221
	 variance:  [1.4953175]
	 speed: 0.0366s/iter; left time: 37092.0950s
	 iters: 4100, epoch: 31 | loss: 0.8863596
	 variance:  [0.26721084]
	 speed: 0.0351s/iter; left time: 35512.3362s
	 iters: 4200, epoch: 31 | loss: 0.5234220
	 variance:  [0.9155891]
	 speed: 0.0331s/iter; left time: 33526.1121s
	 iters: 4300, epoch: 31 | loss: 0.3120144
	 variance:  [17.342823]
	 speed: 0.0303s/iter; left time: 30703.9474s
	 iters: 4400, epoch: 31 | loss: 1.0428475
	 variance:  [0.1626754]
	 speed: 0.0346s/iter; left time: 34993.8493s
	 iters: 4500, epoch: 31 | loss: 1.1999769
	 variance:  [11.865773]
	 speed: 0.0377s/iter; left time: 38184.1314s
	 iters: 4600, epoch: 31 | loss: 0.5646589
	 variance:  [1.2036338]
	 speed: 0.0371s/iter; left time: 37576.5647s
	 iters: 4700, epoch: 31 | loss: 0.4530095
	 variance:  [1.7606727]
	 speed: 0.0304s/iter; left time: 30772.1894s
	 iters: 4800, epoch: 31 | loss: 0.5691753
	 variance:  [2.181896]
	 speed: 0.0284s/iter; left time: 28725.3762s
	 iters: 4900, epoch: 31 | loss: 0.5381750
	 variance:  [0.96455115]
	 speed: 0.0339s/iter; left time: 34310.9713s
	 iters: 5000, epoch: 31 | loss: 0.5067669
	 variance:  [0.66605854]
	 speed: 0.0318s/iter; left time: 32213.6707s
	 iters: 5100, epoch: 31 | loss: 0.3122879
	 variance:  [2.430714]
	 speed: 0.0270s/iter; left time: 27270.9544s
	 iters: 5200, epoch: 31 | loss: 0.4613866
	 variance:  [0.6760395]
	 speed: 0.0332s/iter; left time: 33587.7292s
	 iters: 5300, epoch: 31 | loss: 0.4656165
	 variance:  [1.2243615]
	 speed: 0.0371s/iter; left time: 37483.4914s
	 iters: 5400, epoch: 31 | loss: 0.3409562
	 variance:  [0.958879]
	 speed: 0.0374s/iter; left time: 37787.9059s
	 iters: 5500, epoch: 31 | loss: 0.6488308
	 variance:  [1.1572703]
	 speed: 0.0365s/iter; left time: 36885.3508s
	 iters: 5600, epoch: 31 | loss: 1.1596429
	 variance:  [0.46181732]
	 speed: 0.0351s/iter; left time: 35519.9094s
	 iters: 5700, epoch: 31 | loss: 0.8457006
	 variance:  [3.4897668]
	 speed: 0.0359s/iter; left time: 36323.9022s
	 iters: 5800, epoch: 31 | loss: 0.3489867
	 variance:  [0.6475545]
	 speed: 0.0364s/iter; left time: 36740.4673s
	 iters: 5900, epoch: 31 | loss: 0.8126050
	 variance:  [0.57769686]
	 speed: 0.0329s/iter; left time: 33273.6750s
	 iters: 6000, epoch: 31 | loss: 0.4160389
	 variance:  [3.867964]
	 speed: 0.0349s/iter; left time: 35290.2012s
	 iters: 6100, epoch: 31 | loss: 0.5399255
	 variance:  [1.8981384]
	 speed: 0.0356s/iter; left time: 35943.6180s
	 iters: 6200, epoch: 31 | loss: 0.8452483
	 variance:  [0.21879253]
	 speed: 0.0361s/iter; left time: 36423.0767s
	 iters: 6300, epoch: 31 | loss: 0.4738164
	 variance:  [1.298961]
	 speed: 0.0330s/iter; left time: 33373.2884s
	 iters: 6400, epoch: 31 | loss: 0.6371588
	 variance:  [1.1891918]
	 speed: 0.0358s/iter; left time: 36205.4278s
	 iters: 6500, epoch: 31 | loss: 0.7171130
	 variance:  [1.172699]
	 speed: 0.0338s/iter; left time: 34110.1391s
	 iters: 6600, epoch: 31 | loss: 0.5509181
	 variance:  [4.939981]
	 speed: 0.0343s/iter; left time: 34687.3137s
	 iters: 6700, epoch: 31 | loss: 0.5466694
	 variance:  [2.2060635]
	 speed: 0.0350s/iter; left time: 35379.1291s
	 iters: 6800, epoch: 31 | loss: 0.4183241
	 variance:  [0.72122186]
	 speed: 0.0345s/iter; left time: 34798.8866s
	 iters: 6900, epoch: 31 | loss: 0.7587387
	 variance:  [0.76094496]
	 speed: 0.0378s/iter; left time: 38183.1375s
	 iters: 7000, epoch: 31 | loss: 0.4587575
	 variance:  [0.42455631]
	 speed: 0.0343s/iter; left time: 34609.3906s
	 iters: 7100, epoch: 31 | loss: 0.4293294
	 variance:  [1.2791537]
	 speed: 0.0364s/iter; left time: 36772.1518s
	 iters: 7200, epoch: 31 | loss: 0.5396335
	 variance:  [0.689094]
	 speed: 0.0363s/iter; left time: 36601.2611s
	 iters: 7300, epoch: 31 | loss: 0.3213135
	 variance:  [1.1216917]
	 speed: 0.0327s/iter; left time: 32963.1120s
	 iters: 7400, epoch: 31 | loss: 0.2984579
	 variance:  [0.47312883]
	 speed: 0.0308s/iter; left time: 31107.7257s
	 iters: 7500, epoch: 31 | loss: 0.4715045
	 variance:  [0.5145379]
	 speed: 0.0375s/iter; left time: 37821.2456s
	 iters: 7600, epoch: 31 | loss: 0.5585054
	 variance:  [0.61746913]
	 speed: 0.0357s/iter; left time: 36044.1164s
	 iters: 7700, epoch: 31 | loss: 0.6453218
	 variance:  [2.2057788]
	 speed: 0.0300s/iter; left time: 30244.8519s
	 iters: 7800, epoch: 31 | loss: 0.7291697
	 variance:  [0.5555829]
	 speed: 0.0321s/iter; left time: 32418.4506s
	 iters: 7900, epoch: 31 | loss: 0.7197268
	 variance:  [0.6378227]
	 speed: 0.0368s/iter; left time: 37068.1607s
	 iters: 8000, epoch: 31 | loss: 0.8283831
	 variance:  [4.2606993]
	 speed: 0.0326s/iter; left time: 32856.2426s
	 iters: 8100, epoch: 31 | loss: 0.6529254
	 variance:  [0.98422784]
	 speed: 0.0280s/iter; left time: 28279.0787s
	 iters: 8200, epoch: 31 | loss: 0.5181892
	 variance:  [2.029663]
	 speed: 0.0340s/iter; left time: 34287.2903s
	 iters: 8300, epoch: 31 | loss: 0.4284736
	 variance:  [1.3001106]
	 speed: 0.0339s/iter; left time: 34180.7145s
	 iters: 8400, epoch: 31 | loss: 2.1689205
	 variance:  [3.5228035]
	 speed: 0.0327s/iter; left time: 32937.2668s
Validation loss did not decrease 16 / 20
Epoch: 31 Time: 300.6360037326813 Steps: 8471
Train Loss: 0.6259572 | Val Loss: 0.6661790 | Test Loss: 0.5489988
Test Loss (15 mins): 0.0437057 | (30 mins): 0.0633430 | (45 mins): 0.0810199 | (60 mins): 0.0965794
	 iters: 100, epoch: 32 | loss: 0.8428308
	 variance:  [0.4558967]
	 speed: 0.0329s/iter; left time: 33165.9644s
	 iters: 200, epoch: 32 | loss: 0.6218292
	 variance:  [1.8893007]
	 speed: 0.0311s/iter; left time: 31359.3371s
	 iters: 300, epoch: 32 | loss: 0.5431282
	 variance:  [2.1657658]
	 speed: 0.0346s/iter; left time: 34854.3639s
	 iters: 400, epoch: 32 | loss: 0.6633940
	 variance:  [2.238887]
	 speed: 0.0313s/iter; left time: 31561.7575s
	 iters: 500, epoch: 32 | loss: 0.8790568
	 variance:  [0.4461067]
	 speed: 0.0356s/iter; left time: 35907.6468s
	 iters: 600, epoch: 32 | loss: 0.3897844
	 variance:  [0.61237705]
	 speed: 0.0358s/iter; left time: 36066.2697s
	 iters: 700, epoch: 32 | loss: 0.5579646
	 variance:  [3.391208]
	 speed: 0.0350s/iter; left time: 35271.5498s
	 iters: 800, epoch: 32 | loss: 0.6346754
	 variance:  [1.8256291]
	 speed: 0.0329s/iter; left time: 33171.3599s
	 iters: 900, epoch: 32 | loss: 0.5326780
	 variance:  [0.8705594]
	 speed: 0.0348s/iter; left time: 35067.7515s
	 iters: 1000, epoch: 32 | loss: 0.5970945
	 variance:  [0.40681744]
	 speed: 0.0365s/iter; left time: 36764.8123s
	 iters: 1100, epoch: 32 | loss: 0.3999340
	 variance:  [1.3292016]
	 speed: 0.0347s/iter; left time: 34945.5131s
	 iters: 1200, epoch: 32 | loss: 0.5814173
	 variance:  [1.1670272]
	 speed: 0.0335s/iter; left time: 33730.5591s
	 iters: 1300, epoch: 32 | loss: 0.4133521
	 variance:  [0.5703745]
	 speed: 0.0360s/iter; left time: 36258.8025s
	 iters: 1400, epoch: 32 | loss: 0.7855961
	 variance:  [0.9436502]
	 speed: 0.0307s/iter; left time: 30893.8390s
	 iters: 1500, epoch: 32 | loss: 0.2337320
	 variance:  [0.8304888]
	 speed: 0.0343s/iter; left time: 34508.2558s
	 iters: 1600, epoch: 32 | loss: 0.8786290
	 variance:  [0.8666058]
	 speed: 0.0362s/iter; left time: 36441.9833s
	 iters: 1700, epoch: 32 | loss: 0.6924341
	 variance:  [0.5491171]
	 speed: 0.0324s/iter; left time: 32558.4374s
	 iters: 1800, epoch: 32 | loss: 0.8192868
	 variance:  [1.016892]
	 speed: 0.0366s/iter; left time: 36842.9295s
	 iters: 1900, epoch: 32 | loss: 0.3461094
	 variance:  [1.8632894]
	 speed: 0.0317s/iter; left time: 31898.1750s
	 iters: 2000, epoch: 32 | loss: 0.6444008
	 variance:  [0.4508878]
	 speed: 0.0306s/iter; left time: 30810.0294s
	 iters: 2100, epoch: 32 | loss: 0.8787038
	 variance:  [1.7398957]
	 speed: 0.0278s/iter; left time: 27960.5602s
	 iters: 2200, epoch: 32 | loss: 0.4204697
	 variance:  [0.8420063]
	 speed: 0.0333s/iter; left time: 33539.1961s
	 iters: 2300, epoch: 32 | loss: 0.5503577
	 variance:  [1.2753139]
	 speed: 0.0359s/iter; left time: 36118.7997s
	 iters: 2400, epoch: 32 | loss: 0.5910834
	 variance:  [8.080227]
	 speed: 0.0317s/iter; left time: 31834.6388s
	 iters: 2500, epoch: 32 | loss: 0.4718335
	 variance:  [0.7967448]
	 speed: 0.0350s/iter; left time: 35231.2877s
	 iters: 2600, epoch: 32 | loss: 0.5167160
	 variance:  [0.50291836]
	 speed: 0.0340s/iter; left time: 34185.8955s
	 iters: 2700, epoch: 32 | loss: 0.5692044
	 variance:  [0.7395096]
	 speed: 0.0303s/iter; left time: 30421.5197s
	 iters: 2800, epoch: 32 | loss: 1.5529101
	 variance:  [0.7158981]
	 speed: 0.0289s/iter; left time: 29094.4976s
	 iters: 2900, epoch: 32 | loss: 0.9168640
	 variance:  [0.41041443]
	 speed: 0.0356s/iter; left time: 35756.6716s
	 iters: 3000, epoch: 32 | loss: 0.4103656
	 variance:  [0.49110687]
	 speed: 0.0373s/iter; left time: 37466.2816s
	 iters: 3100, epoch: 32 | loss: 0.6633281
	 variance:  [0.9853045]
	 speed: 0.0334s/iter; left time: 33577.8146s
	 iters: 3200, epoch: 32 | loss: 0.7463689
	 variance:  [2.9790542]
	 speed: 0.0364s/iter; left time: 36532.4066s
	 iters: 3300, epoch: 32 | loss: 0.9509236
	 variance:  [1.523411]
	 speed: 0.0346s/iter; left time: 34789.2948s
	 iters: 3400, epoch: 32 | loss: 0.4203219
	 variance:  [1.1749225]
	 speed: 0.0341s/iter; left time: 34292.4278s
	 iters: 3500, epoch: 32 | loss: 0.6926165
	 variance:  [0.41087663]
	 speed: 0.0371s/iter; left time: 37230.9183s
	 iters: 3600, epoch: 32 | loss: 0.2818086
	 variance:  [2.3880324]
	 speed: 0.0334s/iter; left time: 33595.0211s
	 iters: 3700, epoch: 32 | loss: 0.6170319
	 variance:  [1.9739288]
	 speed: 0.0341s/iter; left time: 34208.6652s
	 iters: 3800, epoch: 32 | loss: 0.4404493
	 variance:  [1.159583]
	 speed: 0.0370s/iter; left time: 37120.1002s
	 iters: 3900, epoch: 32 | loss: 0.4908375
	 variance:  [1.7291694]
	 speed: 0.0353s/iter; left time: 35485.0274s
	 iters: 4000, epoch: 32 | loss: 1.1516614
	 variance:  [6.566613]
	 speed: 0.0352s/iter; left time: 35380.4136s
	 iters: 4100, epoch: 32 | loss: 0.4797736
	 variance:  [0.66006404]
	 speed: 0.0323s/iter; left time: 32385.1155s
	 iters: 4200, epoch: 32 | loss: 0.8421288
	 variance:  [1.1458855]
	 speed: 0.0279s/iter; left time: 27960.2581s
	 iters: 4300, epoch: 32 | loss: 0.5718557
	 variance:  [3.6061935]
	 speed: 0.0324s/iter; left time: 32556.1621s
	 iters: 4400, epoch: 32 | loss: 0.6004373
	 variance:  [1.2154143]
	 speed: 0.0306s/iter; left time: 30719.9640s
	 iters: 4500, epoch: 32 | loss: 0.4873520
	 variance:  [5.9694815]
	 speed: 0.0334s/iter; left time: 33563.4241s
	 iters: 4600, epoch: 32 | loss: 0.5110886
	 variance:  [0.5276738]
	 speed: 0.0323s/iter; left time: 32421.9403s
	 iters: 4700, epoch: 32 | loss: 0.6794083
	 variance:  [0.7287276]
	 speed: 0.0360s/iter; left time: 36142.3606s
	 iters: 4800, epoch: 32 | loss: 0.9118434
	 variance:  [0.88224727]
	 speed: 0.0317s/iter; left time: 31823.5462s
	 iters: 4900, epoch: 32 | loss: 0.6064366
	 variance:  [2.7917936]
	 speed: 0.0365s/iter; left time: 36604.3425s
	 iters: 5000, epoch: 32 | loss: 0.8376983
	 variance:  [0.25535053]
	 speed: 0.0340s/iter; left time: 34150.9968s
	 iters: 5100, epoch: 32 | loss: 0.4877459
	 variance:  [1.2198337]
	 speed: 0.0271s/iter; left time: 27167.4537s
	 iters: 5200, epoch: 32 | loss: 0.5562481
	 variance:  [1.3405852]
	 speed: 0.0307s/iter; left time: 30742.8954s
	 iters: 5300, epoch: 32 | loss: 0.4375715
	 variance:  [0.7174652]
	 speed: 0.0298s/iter; left time: 29875.2274s
	 iters: 5400, epoch: 32 | loss: 0.4202763
	 variance:  [0.785484]
	 speed: 0.0333s/iter; left time: 33387.2689s
	 iters: 5500, epoch: 32 | loss: 0.5262229
	 variance:  [0.8671318]
	 speed: 0.0315s/iter; left time: 31549.0780s
	 iters: 5600, epoch: 32 | loss: 0.5777756
	 variance:  [0.582668]
	 speed: 0.0319s/iter; left time: 32009.4554s
	 iters: 5700, epoch: 32 | loss: 0.4416188
	 variance:  [5.7637777]
	 speed: 0.0371s/iter; left time: 37145.2804s
	 iters: 5800, epoch: 32 | loss: 0.4493185
	 variance:  [1.0003052]
	 speed: 0.0348s/iter; left time: 34902.1216s
	 iters: 5900, epoch: 32 | loss: 0.5068181
	 variance:  [1.3763894]
	 speed: 0.0352s/iter; left time: 35306.7146s
	 iters: 6000, epoch: 32 | loss: 0.6170001
	 variance:  [1.9087955]
	 speed: 0.0341s/iter; left time: 34160.9086s
	 iters: 6100, epoch: 32 | loss: 0.6056181
	 variance:  [1.3064247]
	 speed: 0.0339s/iter; left time: 34010.2828s
	 iters: 6200, epoch: 32 | loss: 0.3447257
	 variance:  [0.41123563]
	 speed: 0.0338s/iter; left time: 33842.5649s
	 iters: 6300, epoch: 32 | loss: 0.9847567
	 variance:  [2.0938706]
	 speed: 0.0320s/iter; left time: 32071.9810s
	 iters: 6400, epoch: 32 | loss: 0.7508799
	 variance:  [0.9194754]
	 speed: 0.0365s/iter; left time: 36568.0112s
	 iters: 6500, epoch: 32 | loss: 0.4269875
	 variance:  [0.47441173]
	 speed: 0.0289s/iter; left time: 28951.3938s
	 iters: 6600, epoch: 32 | loss: 0.9226047
	 variance:  [3.552488]
	 speed: 0.0337s/iter; left time: 33752.5360s
	 iters: 6700, epoch: 32 | loss: 0.5982749
	 variance:  [1.7066535]
	 speed: 0.0325s/iter; left time: 32551.3524s
	 iters: 6800, epoch: 32 | loss: 0.7446644
	 variance:  [0.8843624]
	 speed: 0.0300s/iter; left time: 30037.6695s
	 iters: 6900, epoch: 32 | loss: 0.5440460
	 variance:  [1.609214]
	 speed: 0.0375s/iter; left time: 37556.4655s
	 iters: 7000, epoch: 32 | loss: 0.9423244
	 variance:  [0.8369144]
	 speed: 0.0349s/iter; left time: 34908.1480s
	 iters: 7100, epoch: 32 | loss: 0.6531133
	 variance:  [1.3691357]
	 speed: 0.0351s/iter; left time: 35126.4815s
	 iters: 7200, epoch: 32 | loss: 0.4525344
	 variance:  [0.2883876]
	 speed: 0.0338s/iter; left time: 33840.0299s
	 iters: 7300, epoch: 32 | loss: 0.6317117
	 variance:  [0.344572]
	 speed: 0.0355s/iter; left time: 35542.5628s
	 iters: 7400, epoch: 32 | loss: 0.3882433
	 variance:  [1.4853474]
	 speed: 0.0308s/iter; left time: 30774.6831s
	 iters: 7500, epoch: 32 | loss: 0.7770889
	 variance:  [0.37108806]
	 speed: 0.0297s/iter; left time: 29677.7141s
	 iters: 7600, epoch: 32 | loss: 0.3723952
	 variance:  [0.79898554]
	 speed: 0.0302s/iter; left time: 30176.1913s
	 iters: 7700, epoch: 32 | loss: 0.8334552
	 variance:  [2.4019268]
	 speed: 0.0342s/iter; left time: 34224.0938s
	 iters: 7800, epoch: 32 | loss: 0.5057063
	 variance:  [1.4026486]
	 speed: 0.0425s/iter; left time: 42500.0771s
	 iters: 7900, epoch: 32 | loss: 0.3890166
	 variance:  [0.4388501]
	 speed: 0.0301s/iter; left time: 30100.0558s
	 iters: 8000, epoch: 32 | loss: 0.4748458
	 variance:  [2.9455738]
	 speed: 0.0345s/iter; left time: 34475.7461s
	 iters: 8100, epoch: 32 | loss: 0.5597847
	 variance:  [0.6771269]
	 speed: 0.0330s/iter; left time: 33011.0638s
	 iters: 8200, epoch: 32 | loss: 0.9293615
	 variance:  [2.0952554]
	 speed: 0.0389s/iter; left time: 38851.4717s
	 iters: 8300, epoch: 32 | loss: 0.7649049
	 variance:  [3.5426831]
	 speed: 0.0346s/iter; left time: 34548.3886s
	 iters: 8400, epoch: 32 | loss: 0.4724377
	 variance:  [0.8035314]
	 speed: 0.0321s/iter; left time: 32075.1255s
Validation loss did not decrease 17 / 20
Epoch: 32 Time: 294.65173506736755 Steps: 8471
Train Loss: 0.6235436 | Val Loss: 0.6720092 | Test Loss: 0.5518639
Test Loss (15 mins): 0.0498297 | (30 mins): 0.0686558 | (45 mins): 0.0873857 | (60 mins): 0.1035530
	 iters: 100, epoch: 33 | loss: 0.4818498
	 variance:  [0.7986899]
	 speed: 0.0378s/iter; left time: 37760.5465s
	 iters: 200, epoch: 33 | loss: 0.4892837
	 variance:  [1.707202]
	 speed: 0.0379s/iter; left time: 37874.2692s
	 iters: 300, epoch: 33 | loss: 0.3178259
	 variance:  [0.9363125]
	 speed: 0.0381s/iter; left time: 38108.9239s
	 iters: 400, epoch: 33 | loss: 0.5163716
	 variance:  [1.1017199]
	 speed: 0.0369s/iter; left time: 36865.8393s
	 iters: 500, epoch: 33 | loss: 0.3687557
	 variance:  [2.5414963]
	 speed: 0.0376s/iter; left time: 37565.7657s
	 iters: 600, epoch: 33 | loss: 0.3452973
	 variance:  [0.84434]
	 speed: 0.0370s/iter; left time: 37008.1198s
	 iters: 700, epoch: 33 | loss: 1.2660959
	 variance:  [0.08553056]
	 speed: 0.0313s/iter; left time: 31228.8315s
	 iters: 800, epoch: 33 | loss: 0.7713639
	 variance:  [1.3406241]
	 speed: 0.0375s/iter; left time: 37469.9575s
	 iters: 900, epoch: 33 | loss: 0.7081460
	 variance:  [1.4125386]
	 speed: 0.0378s/iter; left time: 37756.2590s
	 iters: 1000, epoch: 33 | loss: 0.5170409
	 variance:  [0.5110423]
	 speed: 0.0299s/iter; left time: 29812.0056s
	 iters: 1100, epoch: 33 | loss: 0.3569681
	 variance:  [0.60909766]
	 speed: 0.0313s/iter; left time: 31228.5097s
	 iters: 1200, epoch: 33 | loss: 0.3655703
	 variance:  [1.0620749]
	 speed: 0.0267s/iter; left time: 26698.6185s
	 iters: 1300, epoch: 33 | loss: 0.7885089
	 variance:  [0.5786998]
	 speed: 0.0319s/iter; left time: 31806.5195s
	 iters: 1400, epoch: 33 | loss: 1.3509731
	 variance:  [1.1652273]
	 speed: 0.0285s/iter; left time: 28425.6158s
	 iters: 1500, epoch: 33 | loss: 0.7779669
	 variance:  [2.1377501]
	 speed: 0.0320s/iter; left time: 31899.1817s
	 iters: 1600, epoch: 33 | loss: 0.4703128
	 variance:  [0.8558532]
	 speed: 0.0308s/iter; left time: 30772.0248s
	 iters: 1700, epoch: 33 | loss: 0.5017245
	 variance:  [0.2308917]
	 speed: 0.0354s/iter; left time: 35373.7930s
	 iters: 1800, epoch: 33 | loss: 0.4964596
	 variance:  [2.8412325]
	 speed: 0.0321s/iter; left time: 32024.7478s
	 iters: 1900, epoch: 33 | loss: 0.6697772
	 variance:  [1.7114333]
	 speed: 0.0327s/iter; left time: 32605.2547s
	 iters: 2000, epoch: 33 | loss: 0.3639470
	 variance:  [0.5775766]
	 speed: 0.0332s/iter; left time: 33105.4920s
	 iters: 2100, epoch: 33 | loss: 0.7400427
	 variance:  [1.6554652]
	 speed: 0.0365s/iter; left time: 36444.3420s
	 iters: 2200, epoch: 33 | loss: 0.4170184
	 variance:  [7.2454066]
	 speed: 0.0364s/iter; left time: 36315.3639s
	 iters: 2300, epoch: 33 | loss: 0.4340770
	 variance:  [1.5779097]
	 speed: 0.0355s/iter; left time: 35414.8408s
	 iters: 2400, epoch: 33 | loss: 0.6759305
	 variance:  [1.450212]
	 speed: 0.0354s/iter; left time: 35316.8854s
	 iters: 2500, epoch: 33 | loss: 0.4012767
	 variance:  [3.0647523]
	 speed: 0.0351s/iter; left time: 34948.6185s
	 iters: 2600, epoch: 33 | loss: 0.7224865
	 variance:  [3.3727007]
	 speed: 0.0268s/iter; left time: 26669.3589s
	 iters: 2700, epoch: 33 | loss: 0.3861625
	 variance:  [1.1442637]
	 speed: 0.0272s/iter; left time: 27110.5600s
	 iters: 2800, epoch: 33 | loss: 0.4387133
	 variance:  [0.61386627]
	 speed: 0.0357s/iter; left time: 35549.4428s
	 iters: 2900, epoch: 33 | loss: 0.3633215
	 variance:  [1.3232741]
	 speed: 0.0296s/iter; left time: 29508.8513s
	 iters: 3000, epoch: 33 | loss: 0.8121756
	 variance:  [0.54596585]
	 speed: 0.0347s/iter; left time: 34579.8042s
	 iters: 3100, epoch: 33 | loss: 0.4524009
	 variance:  [0.80418825]
	 speed: 0.0331s/iter; left time: 32951.1293s
	 iters: 3200, epoch: 33 | loss: 0.4126284
	 variance:  [6.329924]
	 speed: 0.0313s/iter; left time: 31148.7096s
	 iters: 3300, epoch: 33 | loss: 0.4792946
	 variance:  [1.0350164]
	 speed: 0.0343s/iter; left time: 34190.2114s
	 iters: 3400, epoch: 33 | loss: 0.8005083
	 variance:  [1.1787188]
	 speed: 0.0295s/iter; left time: 29360.7158s
	 iters: 3500, epoch: 33 | loss: 0.5249640
	 variance:  [8.993252]
	 speed: 0.0330s/iter; left time: 32838.4679s
	 iters: 3600, epoch: 33 | loss: 0.6245899
	 variance:  [0.7606521]
	 speed: 0.0325s/iter; left time: 32368.2323s
	 iters: 3700, epoch: 33 | loss: 0.7668806
	 variance:  [1.386488]
	 speed: 0.0348s/iter; left time: 34617.2106s
	 iters: 3800, epoch: 33 | loss: 0.5938572
	 variance:  [0.54432184]
	 speed: 0.0366s/iter; left time: 36443.1619s
	 iters: 3900, epoch: 33 | loss: 1.0080185
	 variance:  [0.5656583]
	 speed: 0.0372s/iter; left time: 37032.5766s
	 iters: 4000, epoch: 33 | loss: 0.6644190
	 variance:  [1.1501689]
	 speed: 0.0363s/iter; left time: 36134.0642s
	 iters: 4100, epoch: 33 | loss: 0.7896546
	 variance:  [0.95191693]
	 speed: 0.0301s/iter; left time: 29932.9496s
	 iters: 4200, epoch: 33 | loss: 0.3085805
	 variance:  [0.7620113]
	 speed: 0.0318s/iter; left time: 31664.9804s
	 iters: 4300, epoch: 33 | loss: 0.5249606
	 variance:  [0.262434]
	 speed: 0.0340s/iter; left time: 33829.4637s
	 iters: 4400, epoch: 33 | loss: 0.4442375
	 variance:  [1.7341521]
	 speed: 0.0361s/iter; left time: 35974.5844s
	 iters: 4500, epoch: 33 | loss: 0.5680966
	 variance:  [0.9110765]
	 speed: 0.0346s/iter; left time: 34431.2332s
	 iters: 4600, epoch: 33 | loss: 0.4659898
	 variance:  [0.25032353]
	 speed: 0.0337s/iter; left time: 33544.8086s
	 iters: 4700, epoch: 33 | loss: 0.8624562
	 variance:  [0.5965078]
	 speed: 0.0361s/iter; left time: 35901.7102s
	 iters: 4800, epoch: 33 | loss: 0.5730128
	 variance:  [0.37184384]
	 speed: 0.0328s/iter; left time: 32646.1737s
	 iters: 4900, epoch: 33 | loss: 0.5995283
	 variance:  [0.71121854]
	 speed: 0.0305s/iter; left time: 30327.1748s
	 iters: 5000, epoch: 33 | loss: 0.4015757
	 variance:  [0.3187516]
	 speed: 0.0311s/iter; left time: 30978.4920s
	 iters: 5100, epoch: 33 | loss: 0.6681380
	 variance:  [0.8149376]
	 speed: 0.0276s/iter; left time: 27482.6166s
	 iters: 5200, epoch: 33 | loss: 0.6889392
	 variance:  [1.834598]
	 speed: 0.0317s/iter; left time: 31503.2826s
	 iters: 5300, epoch: 33 | loss: 0.4082043
	 variance:  [2.4448419]
	 speed: 0.0369s/iter; left time: 36682.9954s
	 iters: 5400, epoch: 33 | loss: 0.9847653
	 variance:  [0.9483277]
	 speed: 0.0342s/iter; left time: 33992.9607s
	 iters: 5500, epoch: 33 | loss: 0.5920168
	 variance:  [1.3911266]
	 speed: 0.0370s/iter; left time: 36768.4996s
	 iters: 5600, epoch: 33 | loss: 0.2738517
	 variance:  [1.5684713]
	 speed: 0.0319s/iter; left time: 31694.3302s
	 iters: 5700, epoch: 33 | loss: 0.6388340
	 variance:  [0.45345962]
	 speed: 0.0363s/iter; left time: 36030.9336s
	 iters: 5800, epoch: 33 | loss: 0.6294879
	 variance:  [2.025691]
	 speed: 0.0370s/iter; left time: 36732.3237s
	 iters: 5900, epoch: 33 | loss: 0.5648698
	 variance:  [0.67810744]
	 speed: 0.0326s/iter; left time: 32411.2062s
	 iters: 6000, epoch: 33 | loss: 0.3671983
	 variance:  [3.7076495]
	 speed: 0.0342s/iter; left time: 33969.2712s
	 iters: 6100, epoch: 33 | loss: 0.6657550
	 variance:  [0.51350796]
	 speed: 0.0290s/iter; left time: 28837.4041s
	 iters: 6200, epoch: 33 | loss: 0.4563589
	 variance:  [0.42411923]
	 speed: 0.0342s/iter; left time: 33927.2864s
	 iters: 6300, epoch: 33 | loss: 0.8304353
	 variance:  [0.33173177]
	 speed: 0.0353s/iter; left time: 35091.0101s
	 iters: 6400, epoch: 33 | loss: 0.9352802
	 variance:  [0.5722683]
	 speed: 0.0278s/iter; left time: 27656.8346s
	 iters: 6500, epoch: 33 | loss: 0.5141402
	 variance:  [0.5707626]
	 speed: 0.0328s/iter; left time: 32603.3020s
	 iters: 6600, epoch: 33 | loss: 0.7904438
	 variance:  [0.755002]
	 speed: 0.0374s/iter; left time: 37091.2708s
	 iters: 6700, epoch: 33 | loss: 0.7619545
	 variance:  [1.6730646]
	 speed: 0.0320s/iter; left time: 31787.7520s
	 iters: 6800, epoch: 33 | loss: 0.6279844
	 variance:  [5.8988605]
	 speed: 0.0318s/iter; left time: 31554.9237s
	 iters: 6900, epoch: 33 | loss: 0.3920865
	 variance:  [0.6637162]
	 speed: 0.0354s/iter; left time: 35100.4929s
	 iters: 7000, epoch: 33 | loss: 0.5671117
	 variance:  [0.85961986]
	 speed: 0.0359s/iter; left time: 35593.5702s
	 iters: 7100, epoch: 33 | loss: 0.7808775
	 variance:  [0.7504934]
	 speed: 0.0337s/iter; left time: 33493.2226s
	 iters: 7200, epoch: 33 | loss: 0.3815796
	 variance:  [1.2719737]
	 speed: 0.0312s/iter; left time: 31011.1150s
	 iters: 7300, epoch: 33 | loss: 0.8599181
	 variance:  [4.2915273]
	 speed: 0.0312s/iter; left time: 30988.5576s
	 iters: 7400, epoch: 33 | loss: 0.9603976
	 variance:  [0.34603405]
	 speed: 0.0332s/iter; left time: 32908.2276s
	 iters: 7500, epoch: 33 | loss: 0.6510367
	 variance:  [3.024542]
	 speed: 0.0321s/iter; left time: 31871.8090s
	 iters: 7600, epoch: 33 | loss: 0.6890295
	 variance:  [2.3648894]
	 speed: 0.0287s/iter; left time: 28506.7668s
	 iters: 7700, epoch: 33 | loss: 1.1981040
	 variance:  [1.9757503]
	 speed: 0.0353s/iter; left time: 35010.4599s
	 iters: 7800, epoch: 33 | loss: 0.8706434
	 variance:  [0.9680658]
	 speed: 0.0326s/iter; left time: 32329.6331s
	 iters: 7900, epoch: 33 | loss: 0.6253181
	 variance:  [0.49689016]
	 speed: 0.0355s/iter; left time: 35207.2592s
	 iters: 8000, epoch: 33 | loss: 1.0995309
	 variance:  [1.1029687]
	 speed: 0.0343s/iter; left time: 33978.4766s
	 iters: 8100, epoch: 33 | loss: 0.5539602
	 variance:  [0.7676689]
	 speed: 0.0316s/iter; left time: 31291.1306s
	 iters: 8200, epoch: 33 | loss: 0.8196194
	 variance:  [1.551323]
	 speed: 0.0326s/iter; left time: 32290.6295s
	 iters: 8300, epoch: 33 | loss: 0.5737203
	 variance:  [0.5387775]
	 speed: 0.0349s/iter; left time: 34596.7598s
	 iters: 8400, epoch: 33 | loss: 0.6565330
	 variance:  [2.4798853]
	 speed: 0.0366s/iter; left time: 36262.7654s
Validation loss did not decrease 18 / 20
Epoch: 33 Time: 293.4297902584076 Steps: 8471
Train Loss: 0.6216483 | Val Loss: 0.6620272 | Test Loss: 0.5396365
Test Loss (15 mins): 0.0420156 | (30 mins): 0.0619198 | (45 mins): 0.0809543 | (60 mins): 0.0976593
	 iters: 100, epoch: 34 | loss: 0.9505002
	 variance:  [0.70535153]
	 speed: 0.0345s/iter; left time: 34217.7325s
	 iters: 200, epoch: 34 | loss: 0.5994813
	 variance:  [0.7067241]
	 speed: 0.0323s/iter; left time: 31989.8147s
	 iters: 300, epoch: 34 | loss: 1.0471678
	 variance:  [0.6032528]
	 speed: 0.0349s/iter; left time: 34620.6501s
	 iters: 400, epoch: 34 | loss: 0.4064549
	 variance:  [0.9934901]
	 speed: 0.0344s/iter; left time: 34112.1464s
	 iters: 500, epoch: 34 | loss: 0.3793290
	 variance:  [2.106646]
	 speed: 0.0324s/iter; left time: 32087.6834s
	 iters: 600, epoch: 34 | loss: 0.7349730
	 variance:  [1.0592978]
	 speed: 0.0376s/iter; left time: 37239.2348s
	 iters: 700, epoch: 34 | loss: 1.0898550
	 variance:  [1.0396998]
	 speed: 0.0327s/iter; left time: 32368.7685s
	 iters: 800, epoch: 34 | loss: 0.3947508
	 variance:  [2.1184094]
	 speed: 0.0282s/iter; left time: 27948.8153s
	 iters: 900, epoch: 34 | loss: 0.6167445
	 variance:  [0.59552264]
	 speed: 0.0298s/iter; left time: 29470.0970s
	 iters: 1000, epoch: 34 | loss: 0.4832973
	 variance:  [2.0427375]
	 speed: 0.0363s/iter; left time: 35960.1982s
	 iters: 1100, epoch: 34 | loss: 0.6075605
	 variance:  [3.100398]
	 speed: 0.0358s/iter; left time: 35419.4633s
	 iters: 1200, epoch: 34 | loss: 0.6078142
	 variance:  [0.8435821]
	 speed: 0.0284s/iter; left time: 28074.6473s
	 iters: 1300, epoch: 34 | loss: 0.6719593
	 variance:  [0.5457721]
	 speed: 0.0277s/iter; left time: 27410.3351s
	 iters: 1400, epoch: 34 | loss: 0.9557770
	 variance:  [2.3843544]
	 speed: 0.0279s/iter; left time: 27592.7321s
	 iters: 1500, epoch: 34 | loss: 0.5825776
	 variance:  [1.7654228]
	 speed: 0.0350s/iter; left time: 34663.2410s
	 iters: 1600, epoch: 34 | loss: 0.5316979
	 variance:  [0.83639044]
	 speed: 0.0311s/iter; left time: 30817.0546s
	 iters: 1700, epoch: 34 | loss: 0.8168879
	 variance:  [0.65195626]
	 speed: 0.0359s/iter; left time: 35502.4813s
	 iters: 1800, epoch: 34 | loss: 0.4745509
	 variance:  [2.41704]
	 speed: 0.0366s/iter; left time: 36192.5921s
	 iters: 1900, epoch: 34 | loss: 0.4386110
	 variance:  [0.7455227]
	 speed: 0.0365s/iter; left time: 36131.8685s
	 iters: 2000, epoch: 34 | loss: 0.6882073
	 variance:  [0.5345856]
	 speed: 0.0362s/iter; left time: 35779.8671s
	 iters: 2100, epoch: 34 | loss: 0.4098336
	 variance:  [1.9185052]
	 speed: 0.0311s/iter; left time: 30759.0650s
	 iters: 2200, epoch: 34 | loss: 0.4398850
	 variance:  [2.5059755]
	 speed: 0.0368s/iter; left time: 36375.6315s
	 iters: 2300, epoch: 34 | loss: 0.7264109
	 variance:  [0.9878568]
	 speed: 0.0347s/iter; left time: 34296.9247s
	 iters: 2400, epoch: 34 | loss: 0.6488189
	 variance:  [0.8206314]
	 speed: 0.0378s/iter; left time: 37370.6233s
	 iters: 2500, epoch: 34 | loss: 0.9226572
	 variance:  [1.142002]
	 speed: 0.0371s/iter; left time: 36660.1485s
	 iters: 2600, epoch: 34 | loss: 0.7233584
	 variance:  [0.25353792]
	 speed: 0.0372s/iter; left time: 36800.1171s
	 iters: 2700, epoch: 34 | loss: 0.8268889
	 variance:  [1.6205969]
	 speed: 0.0347s/iter; left time: 34252.0786s
	 iters: 2800, epoch: 34 | loss: 0.3995998
	 variance:  [4.2926073]
	 speed: 0.0360s/iter; left time: 35546.4404s
	 iters: 2900, epoch: 34 | loss: 0.3768677
	 variance:  [0.76451427]
	 speed: 0.0353s/iter; left time: 34854.1098s
	 iters: 3000, epoch: 34 | loss: 0.8426352
	 variance:  [0.73464227]
	 speed: 0.0343s/iter; left time: 33871.6140s
	 iters: 3100, epoch: 34 | loss: 0.3871608
	 variance:  [0.37931487]
	 speed: 0.0357s/iter; left time: 35290.0819s
	 iters: 3200, epoch: 34 | loss: 0.4088981
	 variance:  [2.001943]
	 speed: 0.0368s/iter; left time: 36309.7098s
	 iters: 3300, epoch: 34 | loss: 0.4113681
	 variance:  [0.6862589]
	 speed: 0.0372s/iter; left time: 36786.8152s
	 iters: 3400, epoch: 34 | loss: 0.6721784
	 variance:  [0.48699784]
	 speed: 0.0321s/iter; left time: 31688.3119s
	 iters: 3500, epoch: 34 | loss: 0.7862720
	 variance:  [0.7898787]
	 speed: 0.0316s/iter; left time: 31218.1689s
	 iters: 3600, epoch: 34 | loss: 0.7529788
	 variance:  [0.46821705]
	 speed: 0.0293s/iter; left time: 28923.0183s
	 iters: 3700, epoch: 34 | loss: 0.4668527
	 variance:  [2.640788]
	 speed: 0.0281s/iter; left time: 27713.7380s
	 iters: 3800, epoch: 34 | loss: 0.4622051
	 variance:  [2.482875]
	 speed: 0.0363s/iter; left time: 35859.7277s
	 iters: 3900, epoch: 34 | loss: 1.1444407
	 variance:  [0.12764566]
	 speed: 0.0346s/iter; left time: 34192.0929s
	 iters: 4000, epoch: 34 | loss: 0.6543400
	 variance:  [0.7568752]
	 speed: 0.0337s/iter; left time: 33282.4433s
	 iters: 4100, epoch: 34 | loss: 0.6244234
	 variance:  [2.1579108]
	 speed: 0.0352s/iter; left time: 34703.0863s
	 iters: 4200, epoch: 34 | loss: 0.3832005
	 variance:  [0.42675465]
	 speed: 0.0346s/iter; left time: 34169.2528s
	 iters: 4300, epoch: 34 | loss: 0.9567155
	 variance:  [0.74051994]
	 speed: 0.0297s/iter; left time: 29272.3116s
	 iters: 4400, epoch: 34 | loss: 0.5428080
	 variance:  [0.7490276]
	 speed: 0.0306s/iter; left time: 30209.5129s
	 iters: 4500, epoch: 34 | loss: 0.6467215
	 variance:  [0.49129137]
	 speed: 0.0326s/iter; left time: 32140.3121s
	 iters: 4600, epoch: 34 | loss: 0.5785671
	 variance:  [0.22363126]
	 speed: 0.0366s/iter; left time: 36100.0384s
	 iters: 4700, epoch: 34 | loss: 0.4926420
	 variance:  [0.5224837]
	 speed: 0.0326s/iter; left time: 32199.3927s
	 iters: 4800, epoch: 34 | loss: 0.8246039
	 variance:  [4.4196854]
	 speed: 0.0366s/iter; left time: 36056.9127s
	 iters: 4900, epoch: 34 | loss: 0.3683921
	 variance:  [0.9530081]
	 speed: 0.0372s/iter; left time: 36675.4541s
	 iters: 5000, epoch: 34 | loss: 0.8850293
	 variance:  [1.4089575]
	 speed: 0.0336s/iter; left time: 33167.6544s
	 iters: 5100, epoch: 34 | loss: 0.7032792
	 variance:  [0.47208428]
	 speed: 0.0337s/iter; left time: 33195.7520s
	 iters: 5200, epoch: 34 | loss: 0.4862418
	 variance:  [4.7394495]
	 speed: 0.0352s/iter; left time: 34710.5689s
	 iters: 5300, epoch: 34 | loss: 0.2868141
	 variance:  [3.7390184]
	 speed: 0.0289s/iter; left time: 28488.5125s
	 iters: 5400, epoch: 34 | loss: 0.6012263
	 variance:  [2.17367]
	 speed: 0.0367s/iter; left time: 36199.2463s
	 iters: 5500, epoch: 34 | loss: 0.7401872
	 variance:  [0.83817726]
	 speed: 0.0346s/iter; left time: 34139.4072s
	 iters: 5600, epoch: 34 | loss: 0.5593457
	 variance:  [1.7732215]
	 speed: 0.0313s/iter; left time: 30803.5982s
	 iters: 5700, epoch: 34 | loss: 0.5972902
	 variance:  [1.2648575]
	 speed: 0.0379s/iter; left time: 37322.6019s
	 iters: 5800, epoch: 34 | loss: 0.7785625
	 variance:  [0.67243373]
	 speed: 0.0354s/iter; left time: 34873.1560s
	 iters: 5900, epoch: 34 | loss: 0.6898834
	 variance:  [0.4089077]
	 speed: 0.0310s/iter; left time: 30588.9892s
	 iters: 6000, epoch: 34 | loss: 0.7410621
	 variance:  [0.11605785]
	 speed: 0.0358s/iter; left time: 35271.9153s
	 iters: 6100, epoch: 34 | loss: 0.9282159
	 variance:  [1.3776832]
	 speed: 0.0378s/iter; left time: 37251.9769s
	 iters: 6200, epoch: 34 | loss: 0.4236928
	 variance:  [1.5726142]
	 speed: 0.0287s/iter; left time: 28239.9809s
	 iters: 6300, epoch: 34 | loss: 0.5029458
	 variance:  [2.9488363]
	 speed: 0.0308s/iter; left time: 30286.6525s
	 iters: 6400, epoch: 34 | loss: 0.5810173
	 variance:  [0.6994816]
	 speed: 0.0337s/iter; left time: 33224.4595s
	 iters: 6500, epoch: 34 | loss: 0.5186226
	 variance:  [0.6385756]
	 speed: 0.0357s/iter; left time: 35178.5011s
	 iters: 6600, epoch: 34 | loss: 1.0348830
	 variance:  [1.8988564]
	 speed: 0.0360s/iter; left time: 35396.5603s
	 iters: 6700, epoch: 34 | loss: 1.0973580
	 variance:  [2.0061076]
	 speed: 0.0345s/iter; left time: 33938.7096s
	 iters: 6800, epoch: 34 | loss: 0.8448375
	 variance:  [0.41398516]
	 speed: 0.0327s/iter; left time: 32216.3422s
	 iters: 6900, epoch: 34 | loss: 0.6819857
	 variance:  [0.67972803]
	 speed: 0.0349s/iter; left time: 34339.6069s
	 iters: 7000, epoch: 34 | loss: 0.6338939
	 variance:  [2.4034774]
	 speed: 0.0379s/iter; left time: 37330.0271s
	 iters: 7100, epoch: 34 | loss: 0.4052246
	 variance:  [3.7947555]
	 speed: 0.0374s/iter; left time: 36818.5305s
	 iters: 7200, epoch: 34 | loss: 0.5192758
	 variance:  [0.47654957]
	 speed: 0.0331s/iter; left time: 32578.5110s
	 iters: 7300, epoch: 34 | loss: 0.5343173
	 variance:  [0.9567024]
	 speed: 0.0350s/iter; left time: 34450.8484s
	 iters: 7400, epoch: 34 | loss: 0.5346689
	 variance:  [1.2621757]
	 speed: 0.0350s/iter; left time: 34447.0394s
	 iters: 7500, epoch: 34 | loss: 0.4582309
	 variance:  [0.8963922]
	 speed: 0.0334s/iter; left time: 32879.2218s
	 iters: 7600, epoch: 34 | loss: 0.6630589
	 variance:  [2.5484562]
	 speed: 0.0281s/iter; left time: 27675.1848s
	 iters: 7700, epoch: 34 | loss: 0.6460857
	 variance:  [0.65258086]
	 speed: 0.0332s/iter; left time: 32600.8386s
	 iters: 7800, epoch: 34 | loss: 1.0550163
	 variance:  [0.75344217]
	 speed: 0.0333s/iter; left time: 32719.6779s
	 iters: 7900, epoch: 34 | loss: 0.7063043
	 variance:  [0.5823471]
	 speed: 0.0342s/iter; left time: 33631.7060s
	 iters: 8000, epoch: 34 | loss: 0.4886556
	 variance:  [0.58571154]
	 speed: 0.0371s/iter; left time: 36469.7210s
	 iters: 8100, epoch: 34 | loss: 0.7732755
	 variance:  [4.27665]
	 speed: 0.0363s/iter; left time: 35670.2474s
	 iters: 8200, epoch: 34 | loss: 0.6758382
	 variance:  [1.780032]
	 speed: 0.0286s/iter; left time: 28110.4460s
	 iters: 8300, epoch: 34 | loss: 0.4917763
	 variance:  [1.2197616]
	 speed: 0.0322s/iter; left time: 31682.1352s
	 iters: 8400, epoch: 34 | loss: 0.6030898
	 variance:  [1.8327756]
	 speed: 0.0344s/iter; left time: 33814.9985s
Validation loss did not decrease 19 / 20
Epoch: 34 Time: 296.9988787174225 Steps: 8471
Train Loss: 0.6171216 | Val Loss: 0.6636612 | Test Loss: 0.5385537
Test Loss (15 mins): 0.0465024 | (30 mins): 0.0643151 | (45 mins): 0.0808696 | (60 mins): 0.0993539
	 iters: 100, epoch: 35 | loss: 1.1190467
	 variance:  [0.42697144]
	 speed: 0.0343s/iter; left time: 33728.1114s
	 iters: 200, epoch: 35 | loss: 0.7664423
	 variance:  [0.37648302]
	 speed: 0.0354s/iter; left time: 34827.0692s
	 iters: 300, epoch: 35 | loss: 0.3056899
	 variance:  [0.6567232]
	 speed: 0.0372s/iter; left time: 36556.3732s
	 iters: 400, epoch: 35 | loss: 0.5641594
	 variance:  [0.89891934]
	 speed: 0.0369s/iter; left time: 36267.6598s
	 iters: 500, epoch: 35 | loss: 0.8253421
	 variance:  [1.3745791]
	 speed: 0.0311s/iter; left time: 30551.7655s
	 iters: 600, epoch: 35 | loss: 0.8081850
	 variance:  [0.43619534]
	 speed: 0.0303s/iter; left time: 29799.8554s
	 iters: 700, epoch: 35 | loss: 0.6914548
	 variance:  [2.6673353]
	 speed: 0.0349s/iter; left time: 34220.6205s
	 iters: 800, epoch: 35 | loss: 0.5401449
	 variance:  [1.1080813]
	 speed: 0.0290s/iter; left time: 28466.7429s
	 iters: 900, epoch: 35 | loss: 0.4667798
	 variance:  [1.0495255]
	 speed: 0.0351s/iter; left time: 34449.2128s
	 iters: 1000, epoch: 35 | loss: 0.5072026
	 variance:  [0.84819096]
	 speed: 0.0318s/iter; left time: 31257.1665s
	 iters: 1100, epoch: 35 | loss: 0.5808423
	 variance:  [0.28869623]
	 speed: 0.0351s/iter; left time: 34435.3241s
	 iters: 1200, epoch: 35 | loss: 0.5518717
	 variance:  [2.5607085]
	 speed: 0.0366s/iter; left time: 35922.4459s
	 iters: 1300, epoch: 35 | loss: 1.8242717
	 variance:  [1.0377511]
	 speed: 0.0343s/iter; left time: 33708.1837s
	 iters: 1400, epoch: 35 | loss: 1.1016995
	 variance:  [0.319209]
	 speed: 0.0345s/iter; left time: 33827.6846s
	 iters: 1500, epoch: 35 | loss: 0.6289930
	 variance:  [0.60383534]
	 speed: 0.0347s/iter; left time: 34084.4816s
	 iters: 1600, epoch: 35 | loss: 0.8799667
	 variance:  [1.9953569]
	 speed: 0.0310s/iter; left time: 30445.0087s
	 iters: 1700, epoch: 35 | loss: 0.3204212
	 variance:  [0.842036]
	 speed: 0.0311s/iter; left time: 30541.5893s
	 iters: 1800, epoch: 35 | loss: 0.5427641
	 variance:  [1.0800273]
	 speed: 0.0336s/iter; left time: 32988.7699s
	 iters: 1900, epoch: 35 | loss: 0.5471429
	 variance:  [1.546782]
	 speed: 0.0367s/iter; left time: 36020.2005s
	 iters: 2000, epoch: 35 | loss: 0.5241284
	 variance:  [0.92013264]
	 speed: 0.0313s/iter; left time: 30647.0759s
	 iters: 2100, epoch: 35 | loss: 0.7032525
	 variance:  [1.5634207]
	 speed: 0.0334s/iter; left time: 32725.3719s
	 iters: 2200, epoch: 35 | loss: 0.4683678
	 variance:  [2.2109742]
	 speed: 0.0346s/iter; left time: 33947.0921s
	 iters: 2300, epoch: 35 | loss: 0.5560842
	 variance:  [0.6097968]
	 speed: 0.0329s/iter; left time: 32300.1930s
	 iters: 2400, epoch: 35 | loss: 0.2896670
	 variance:  [0.9080134]
	 speed: 0.0340s/iter; left time: 33337.6643s
	 iters: 2500, epoch: 35 | loss: 0.7656174
	 variance:  [1.0107634]
	 speed: 0.0365s/iter; left time: 35783.3977s
	 iters: 2600, epoch: 35 | loss: 0.8351262
	 variance:  [0.9289133]
	 speed: 0.0363s/iter; left time: 35576.9401s
	 iters: 2700, epoch: 35 | loss: 0.4878693
	 variance:  [1.7864127]
	 speed: 0.0327s/iter; left time: 31999.7897s
	 iters: 2800, epoch: 35 | loss: 0.5792162
	 variance:  [0.47673905]
	 speed: 0.0356s/iter; left time: 34924.8120s
	 iters: 2900, epoch: 35 | loss: 0.4757785
	 variance:  [0.7419759]
	 speed: 0.0347s/iter; left time: 34032.2323s
	 iters: 3000, epoch: 35 | loss: 0.8167810
	 variance:  [0.57052404]
	 speed: 0.0342s/iter; left time: 33541.5963s
	 iters: 3100, epoch: 35 | loss: 0.5892025
	 variance:  [0.49090636]
	 speed: 0.0327s/iter; left time: 32022.2678s
	 iters: 3200, epoch: 35 | loss: 0.8753922
	 variance:  [0.42160523]
	 speed: 0.0375s/iter; left time: 36704.0554s
	 iters: 3300, epoch: 35 | loss: 0.6697182
	 variance:  [0.9228068]
	 speed: 0.0378s/iter; left time: 37028.6563s
	 iters: 3400, epoch: 35 | loss: 0.5121328
	 variance:  [1.0441692]
	 speed: 0.0375s/iter; left time: 36697.7465s
	 iters: 3500, epoch: 35 | loss: 1.0275486
	 variance:  [1.1179785]
	 speed: 0.0353s/iter; left time: 34567.6981s
	 iters: 3600, epoch: 35 | loss: 0.4237281
	 variance:  [3.1942127]
	 speed: 0.0340s/iter; left time: 33329.7765s
	 iters: 3700, epoch: 35 | loss: 0.4627516
	 variance:  [1.835544]
	 speed: 0.0336s/iter; left time: 32887.3412s
	 iters: 3800, epoch: 35 | loss: 0.4432025
	 variance:  [0.90690845]
	 speed: 0.0362s/iter; left time: 35415.2471s
	 iters: 3900, epoch: 35 | loss: 0.6995955
	 variance:  [1.3615232]
	 speed: 0.0359s/iter; left time: 35108.6112s
	 iters: 4000, epoch: 35 | loss: 0.5429876
	 variance:  [0.6243149]
	 speed: 0.0341s/iter; left time: 33399.5239s
	 iters: 4100, epoch: 35 | loss: 0.4082571
	 variance:  [0.547439]
	 speed: 0.0364s/iter; left time: 35633.2732s
	 iters: 4200, epoch: 35 | loss: 0.5774481
	 variance:  [0.7330204]
	 speed: 0.0369s/iter; left time: 36140.2226s
	 iters: 4300, epoch: 35 | loss: 0.6650990
	 variance:  [0.52300495]
	 speed: 0.0376s/iter; left time: 36831.8233s
	 iters: 4400, epoch: 35 | loss: 0.6486753
	 variance:  [1.2194198]
	 speed: 0.0351s/iter; left time: 34368.3510s
	 iters: 4500, epoch: 35 | loss: 0.4593086
	 variance:  [0.24997553]
	 speed: 0.0319s/iter; left time: 31202.9533s
	 iters: 4600, epoch: 35 | loss: 0.5947267
	 variance:  [0.6189458]
	 speed: 0.0288s/iter; left time: 28145.5499s
	 iters: 4700, epoch: 35 | loss: 0.3956285
	 variance:  [1.7615172]
	 speed: 0.0340s/iter; left time: 33221.3880s
	 iters: 4800, epoch: 35 | loss: 0.9013190
	 variance:  [1.8837608]
	 speed: 0.0313s/iter; left time: 30561.1760s
	 iters: 4900, epoch: 35 | loss: 0.4699718
	 variance:  [0.670753]
	 speed: 0.0370s/iter; left time: 36169.7424s
	 iters: 5000, epoch: 35 | loss: 0.8004060
	 variance:  [1.3677754]
	 speed: 0.0363s/iter; left time: 35511.0527s
	 iters: 5100, epoch: 35 | loss: 0.3681626
	 variance:  [1.2432786]
	 speed: 0.0330s/iter; left time: 32234.8409s
	 iters: 5200, epoch: 35 | loss: 0.5887014
	 variance:  [1.0810275]
	 speed: 0.0345s/iter; left time: 33720.3955s
	 iters: 5300, epoch: 35 | loss: 0.3874153
	 variance:  [0.5554626]
	 speed: 0.0282s/iter; left time: 27574.2196s
	 iters: 5400, epoch: 35 | loss: 0.4957057
	 variance:  [0.6401292]
	 speed: 0.0360s/iter; left time: 35170.8270s
	 iters: 5500, epoch: 35 | loss: 0.7240035
	 variance:  [6.3961954]
	 speed: 0.0337s/iter; left time: 32948.8637s
	 iters: 5600, epoch: 35 | loss: 0.7246304
	 variance:  [0.21812694]
	 speed: 0.0323s/iter; left time: 31575.5704s
	 iters: 5700, epoch: 35 | loss: 0.5646666
	 variance:  [0.61571467]
	 speed: 0.0334s/iter; left time: 32597.4845s
	 iters: 5800, epoch: 35 | loss: 0.6855839
	 variance:  [2.8637974]
	 speed: 0.0316s/iter; left time: 30856.2958s
	 iters: 5900, epoch: 35 | loss: 0.6207112
	 variance:  [0.9503634]
	 speed: 0.0356s/iter; left time: 34803.7751s
	 iters: 6000, epoch: 35 | loss: 0.7298133
	 variance:  [2.2864676]
	 speed: 0.0298s/iter; left time: 29146.1961s
	 iters: 6100, epoch: 35 | loss: 0.5540729
	 variance:  [0.82032156]
	 speed: 0.0304s/iter; left time: 29697.3482s
	 iters: 6200, epoch: 35 | loss: 0.4953618
	 variance:  [1.8920144]
	 speed: 0.0333s/iter; left time: 32508.8376s
	 iters: 6300, epoch: 35 | loss: 0.6904565
	 variance:  [0.62304014]
	 speed: 0.0319s/iter; left time: 31114.2567s
	 iters: 6400, epoch: 35 | loss: 0.4810503
	 variance:  [3.938893]
	 speed: 0.0359s/iter; left time: 35033.2030s
	 iters: 6500, epoch: 35 | loss: 0.6098623
	 variance:  [1.8998237]
	 speed: 0.0319s/iter; left time: 31119.1262s
	 iters: 6600, epoch: 35 | loss: 0.6455166
	 variance:  [2.5507472]
	 speed: 0.0338s/iter; left time: 32982.6703s
	 iters: 6700, epoch: 35 | loss: 0.7387783
	 variance:  [0.74790794]
	 speed: 0.0316s/iter; left time: 30844.2218s
	 iters: 6800, epoch: 35 | loss: 1.2972636
	 variance:  [0.9815072]
	 speed: 0.0309s/iter; left time: 30186.3999s
	 iters: 6900, epoch: 35 | loss: 0.3919099
	 variance:  [0.8060658]
	 speed: 0.0304s/iter; left time: 29665.7497s
	 iters: 7000, epoch: 35 | loss: 0.4954423
	 variance:  [0.54180723]
	 speed: 0.0341s/iter; left time: 33254.2564s
	 iters: 7100, epoch: 35 | loss: 0.5722688
	 variance:  [0.89760077]
	 speed: 0.0374s/iter; left time: 36520.8673s
	 iters: 7200, epoch: 35 | loss: 0.6954373
	 variance:  [7.4046984]
	 speed: 0.0292s/iter; left time: 28514.2733s
	 iters: 7300, epoch: 35 | loss: 0.5755100
	 variance:  [3.0101836]
	 speed: 0.0280s/iter; left time: 27298.5574s
	 iters: 7400, epoch: 35 | loss: 0.4501880
	 variance:  [3.6673877]
	 speed: 0.0328s/iter; left time: 31986.4689s
	 iters: 7500, epoch: 35 | loss: 0.4682030
	 variance:  [0.5677657]
	 speed: 0.0334s/iter; left time: 32571.3791s
	 iters: 7600, epoch: 35 | loss: 0.6608583
	 variance:  [1.7247101]
	 speed: 0.0335s/iter; left time: 32687.5502s
	 iters: 7700, epoch: 35 | loss: 0.5388042
	 variance:  [0.934341]
	 speed: 0.0324s/iter; left time: 31580.7160s
	 iters: 7800, epoch: 35 | loss: 0.6744093
	 variance:  [5.7715793]
	 speed: 0.0365s/iter; left time: 35536.8665s
	 iters: 7900, epoch: 35 | loss: 0.5167890
	 variance:  [0.99358374]
	 speed: 0.0311s/iter; left time: 30319.3534s
	 iters: 8000, epoch: 35 | loss: 0.8924825
	 variance:  [3.011865]
	 speed: 0.0289s/iter; left time: 28165.3280s
	 iters: 8100, epoch: 35 | loss: 1.0749277
	 variance:  [0.47550574]
	 speed: 0.0285s/iter; left time: 27764.7216s
	 iters: 8200, epoch: 35 | loss: 0.5772666
	 variance:  [1.0146875]
	 speed: 0.0356s/iter; left time: 34702.5927s
	 iters: 8300, epoch: 35 | loss: 0.6078960
	 variance:  [1.3415974]
	 speed: 0.0311s/iter; left time: 30296.8132s
	 iters: 8400, epoch: 35 | loss: 0.3029116
	 variance:  [0.59157026]
	 speed: 0.0329s/iter; left time: 32058.6754s
Validation loss did not decrease 20 / 20
Early stopping...
